Step,Action,Reasoning,Observation,Reward,Done
0,north,,"message:


language observation:
dark area very near north, northeast, east, southeast, southwest, west, and northwest
horizontal wall very near south
stairs up adjacent south

cursor:
Yourself a knight
(x=24, y=12)

map:
                                                                                
                                                                                
                                                                                
                                                                                
                                                                                
                                                                                
                                                                                
                                                                                
                                                                                
                                                                                
                       ...                                                      
                       .@.                                                      
                       .<.                                                      
                       ---                                                      
                                                                                
                                                                                
                                                                                
                                                                                
                                                                                
                                                                                
                                                                                
Agent the Gallant              St:15 Dx:8 Co:12 In:7 Wi:16 Ch:17 Lawful S:0     
Dlvl:1 $:0 HP:16(16) Pw:4(4) AC:3 Xp:1/0                                        

",0.0,False
1,west,,"message:


language observation:
dark area near east
dark area very near north and northeast
horizontal wall very near southeast and south
stairs up adjacent southeast
vertical wall adjacent southwest, west, and northwest

cursor:
Yourself a knight
(x=23, y=12)

map:
                                                                                
                                                                                
                                                                                
                                                                                
                                                                                
                                                                                
                                                                                
                                                                                
                                                                                
                                                                                
                      |...                                                      
                      |@..                                                      
                      |.<.                                                      
                       ---                                                      
                                                                                
                                                                                
                                                                                
                                                                                
                                                                                
                                                                                
                                                                                
Agent the Gallant              St:15 Dx:8 Co:12 In:7 Wi:16 Ch:17 Lawful S:0     
Dlvl:1 $:0 HP:16(16) Pw:4(4) AC:3 Xp:1/0                                        

",0.0,False
2,east,,"message:


language observation:
dark area very near north, northeast, east, southeast, southwest, and northwest
horizontal wall very near south
vertical wall very near west
stairs up adjacent south

cursor:
Yourself a knight
(x=24, y=12)

map:
                                                                                
                                                                                
                                                                                
                                                                                
                                                                                
                                                                                
                                                                                
                                                                                
                                                                                
                                                                                
                      |...                                                      
                      |.@.                                                      
                      |.<.                                                      
                       ---                                                      
                                                                                
                                                                                
                                                                                
                                                                                
                                                                                
                                                                                
                                                                                
Agent the Gallant              St:15 Dx:8 Co:12 In:7 Wi:16 Ch:17 Lawful S:0     
Dlvl:1 $:0 HP:16(16) Pw:4(4) AC:3 Xp:1/0                                        

",0.0,False
3,south,,"message:


language observation:
dark area near north
dark area very near northeast and east
vertical wall very near west and northwest
horizontal wall adjacent southeast, south, and southwest

cursor:
Yourself a knight
(x=24, y=13)

map:
                                                                                
                                                                                
                                                                                
                                                                                
                                                                                
                                                                                
                                                                                
                                                                                
                                                                                
                                                                                
                      |...                                                      
                      |...                                                      
                      |.@.                                                      
                       ---                                                      
                                                                                
                                                                                
                                                                                
                                                                                
                                                                                
                                                                                
                                                                                
Agent the Gallant              St:15 Dx:8 Co:12 In:7 Wi:16 Ch:17 Lawful S:0     
Dlvl:1 $:0 HP:16(16) Pw:4(4) AC:3 Xp:1/0                                        

",0.0,False
4,east,,"message:


language observation:
dark area near north and northwest
vertical wall near west
dark area very near northeast
vertical wall adjacent east
southeast corner adjacent southeast
horizontal wall adjacent south and southwest
stairs up adjacent west

cursor:
Yourself a knight
(x=25, y=13)

map:
                                                                                
                                                                                
                                                                                
                                                                                
                                                                                
                                                                                
                                                                                
                                                                                
                                                                                
                                                                                
                      |...                                                      
                      |....                                                     
                      |.<@|                                                     
                       ----                                                     
                                                                                
                                                                                
                                                                                
                                                                                
                                                                                
                                                                                
                                                                                
Agent the Gallant              St:15 Dx:8 Co:12 In:7 Wi:16 Ch:17 Lawful S:0     
Dlvl:1 $:0 HP:16(16) Pw:4(4) AC:3 Xp:1/0                                        

",0.0,False
5,north,,"message:


language observation:
vertical wall near west
dark area very near north, east, and northwest
horizontal wall very near south and southwest
vertical wall adjacent northeast and southeast
stairs up adjacent southwest

cursor:
Yourself a knight
(x=25, y=12)

map:
                                                                                
                                                                                
                                                                                
                                                                                
                                                                                
                                                                                
                                                                                
                                                                                
                                                                                
                                                                                
                      |...|                                                     
                      |..@.                                                     
                      |.<.|                                                     
                       ----                                                     
                                                                                
                                                                                
                                                                                
                                                                                
                                                                                
                                                                                
                                                                                
Agent the Gallant              St:15 Dx:8 Co:12 In:7 Wi:16 Ch:17 Lawful S:0     
Dlvl:1 $:0 HP:16(16) Pw:4(4) AC:3 Xp:1/0                                        

",0.0,False
6,southwest,,"message:


language observation:
dark area near north
vertical wall very near northeast, east, west, and northwest
horizontal wall adjacent southeast, south, and southwest

cursor:
Yourself a knight
(x=24, y=13)

map:
                                                                                
                                                                                
                                                                                
                                                                                
                                                                                
                                                                                
                                                                                
                                                                                
                                                                                
                                                                                
                      |...|                                                     
                      |....                                                     
                      |.@.|                                                     
                       ----                                                     
                                                                                
                                                                                
                                                                                
                                                                                
                                                                                
                                                                                
                                                                                
Agent the Gallant              St:15 Dx:8 Co:12 In:7 Wi:16 Ch:17 Lawful S:0     
Dlvl:1 $:0 HP:16(16) Pw:4(4) AC:3 Xp:1/0                                        

",0.0,False
7,north,,"message:


language observation:
dark area near east
dark area very near north, northeast, southwest, and northwest
southeast corner very near southeast
horizontal wall very near south
vertical wall very near west
stairs up adjacent south

cursor:
Yourself a knight
(x=24, y=12)

map:
                                                                                
                                                                                
                                                                                
                                                                                
                                                                                
                                                                                
                                                                                
                                                                                
                                                                                
                                                                                
                      |...|                                                     
                      |.@..                                                     
                      |.<.|                                                     
                       ----                                                     
                                                                                
                                                                                
                                                                                
                                                                                
                                                                                
                                                                                
                                                                                
Agent the Gallant              St:15 Dx:8 Co:12 In:7 Wi:16 Ch:17 Lawful S:0     
Dlvl:1 $:0 HP:16(16) Pw:4(4) AC:3 Xp:1/0                                        

",0.0,False
8,north,,"message:


language observation:
horizontal wall near south
vertical wall very near east, southeast, southwest, and west
stairs up very near south
horizontal wall adjacent north, northeast, and northwest

cursor:
Yourself a knight
(x=24, y=11)

map:
                                                                                
                                                                                
                                                                                
                                                                                
                                                                                
                                                                                
                                                                                
                                                                                
                                                                                
                       ---                                                      
                      |.@.|                                                     
                      |....                                                     
                      |.<.|                                                     
                       ----                                                     
                                                                                
                                                                                
                                                                                
                                                                                
                                                                                
                                                                                
                                                                                
Agent the Gallant              St:15 Dx:8 Co:12 In:7 Wi:16 Ch:17 Lawful S:0     
Dlvl:1 $:0 HP:16(16) Pw:4(4) AC:3 Xp:1/0                                        

",0.0,False
9,north,,"message:
It's a wall.

language observation:
horizontal wall near south
vertical wall very near east, southeast, southwest, and west
stairs up very near south
horizontal wall adjacent north, northeast, and northwest

cursor:
Yourself a knight
(x=24, y=11)

map:
                                                                                
                                                                                
                                                                                
                                                                                
                                                                                
                                                                                
                                                                                
                                                                                
                                                                                
                       ---                                                      
                      |.@.|                                                     
                      |....                                                     
                      |.<.|                                                     
                       ----                                                     
                                                                                
                                                                                
                                                                                
                                                                                
                                                                                
                                                                                
                                                                                
Agent the Gallant              St:15 Dx:8 Co:12 In:7 Wi:16 Ch:17 Lawful S:0     
Dlvl:1 $:0 HP:16(16) Pw:4(4) AC:3 Xp:1/0                                        

",-0.01,False
10,north,,"message:
It's a wall.

language observation:
horizontal wall near south
vertical wall very near east, southeast, southwest, and west
stairs up very near south
horizontal wall adjacent north, northeast, and northwest

cursor:
Yourself a knight
(x=24, y=11)

map:
                                                                                
                                                                                
                                                                                
                                                                                
                                                                                
                                                                                
                                                                                
                                                                                
                                                                                
                       ---                                                      
                      |.@.|                                                     
                      |....                                                     
                      |.<.|                                                     
                       ----                                                     
                                                                                
                                                                                
                                                                                
                                                                                
                                                                                
                                                                                
                                                                                
Agent the Gallant              St:15 Dx:8 Co:12 In:7 Wi:16 Ch:17 Lawful S:0     
Dlvl:1 $:0 HP:16(16) Pw:4(4) AC:3 Xp:1/0                                        

",-0.01,False
11,northeast,,"message:
It's a wall.

language observation:
horizontal wall near south
vertical wall very near east, southeast, southwest, and west
stairs up very near south
horizontal wall adjacent north, northeast, and northwest

cursor:
Yourself a knight
(x=24, y=11)

map:
                                                                                
                                                                                
                                                                                
                                                                                
                                                                                
                                                                                
                                                                                
                                                                                
                                                                                
                       ---                                                      
                      |.@.|                                                     
                      |....                                                     
                      |.<.|                                                     
                       ----                                                     
                                                                                
                                                                                
                                                                                
                                                                                
                                                                                
                                                                                
                                                                                
Agent the Gallant              St:15 Dx:8 Co:12 In:7 Wi:16 Ch:17 Lawful S:0     
Dlvl:1 $:0 HP:16(16) Pw:4(4) AC:3 Xp:1/0                                        

",-0.01,False
12,east,,"message:


language observation:
horizontal wall near south
dark area near southwest
vertical wall near west
dark area very near southeast
stairs up very near southsouthwest
horizontal wall adjacent north and northwest
northeast room corner adjacent northeast
vertical wall adjacent east

cursor:
Yourself a knight
(x=25, y=11)

map:
                                                                                
                                                                                
                                                                                
                                                                                
                                                                                
                                                                                
                                                                                
                                                                                
                                                                                
                       ----                                                     
                      |..@|                                                     
                      |....                                                     
                      |.<.|                                                     
                       ----                                                     
                                                                                
                                                                                
                                                                                
                                                                                
                                                                                
                                                                                
                                                                                
Agent the Gallant              St:15 Dx:8 Co:12 In:7 Wi:16 Ch:17 Lawful S:0     
Dlvl:1 $:0 HP:16(16) Pw:4(4) AC:3 Xp:1/0                                        

",0.0,False
13,south,,"message:


language observation:
vertical wall near west
horizontal wall very near north, south, southwest, and northwest
dark area very near east
vertical wall adjacent northeast and southeast
stairs up adjacent southwest

cursor:
Yourself a knight
(x=25, y=12)

map:
                                                                                
                                                                                
                                                                                
                                                                                
                                                                                
                                                                                
                                                                                
                                                                                
                                                                                
                       ----                                                     
                      |...|                                                     
                      |..@.                                                     
                      |.<.|                                                     
                       ----                                                     
                                                                                
                                                                                
                                                                                
                                                                                
                                                                                
                                                                                
                                                                                
Agent the Gallant              St:15 Dx:8 Co:12 In:7 Wi:16 Ch:17 Lawful S:0     
Dlvl:1 $:0 HP:16(16) Pw:4(4) AC:3 Xp:1/0                                        

",0.0,False
14,east,,"message:


language observation:
vertical wall near west
dark area very near east
horizontal wall very near southwest and northwest
stairs up very near westsouthwest
vertical wall adjacent north and south
dark area adjacent northeast and southeast

cursor:
Yourself a knight
(x=26, y=12)

map:
                                                                                
                                                                                
                                                                                
                                                                                
                                                                                
                                                                                
                                                                                
                                                                                
                                                                                
                       ----                                                     
                      |...|                                                     
                      |...@#                                                    
                      |.<.|                                                     
                       ----                                                     
                                                                                
                                                                                
                                                                                
                                                                                
                                                                                
                                                                                
                                                                                
Agent the Gallant              St:15 Dx:8 Co:12 In:7 Wi:16 Ch:17 Lawful S:0     
Dlvl:1 $:0 HP:16(16) Pw:4(4) AC:3 Xp:1/0                                        

",0.0,False
15,west,,"message:


language observation:
dark area near east
vertical wall near west
horizontal wall very near north, south, southwest, and northwest
vertical wall adjacent northeast and southeast
stairs up adjacent southwest

cursor:
Yourself a knight
(x=25, y=12)

map:
                                                                                
                                                                                
                                                                                
                                                                                
                                                                                
                                                                                
                                                                                
                                                                                
                                                                                
                       ----                                                     
                      |...|                                                     
                      |..@.#                                                    
                      |.<.|                                                     
                       ----                                                     
                                                                                
                                                                                
                                                                                
                                                                                
                                                                                
                                                                                
                                                                                
Agent the Gallant              St:15 Dx:8 Co:12 In:7 Wi:16 Ch:17 Lawful S:0     
Dlvl:1 $:0 HP:16(16) Pw:4(4) AC:3 Xp:1/0                                        

",0.0,False
16,east,,"message:


language observation:
vertical wall near west
dark area very near east
horizontal wall very near southwest and northwest
stairs up very near westsouthwest
vertical wall adjacent north and south
dark area adjacent northeast and southeast

cursor:
Yourself a knight
(x=26, y=12)

map:
                                                                                
                                                                                
                                                                                
                                                                                
                                                                                
                                                                                
                                                                                
                                                                                
                                                                                
                       ----                                                     
                      |...|                                                     
                      |...@#                                                    
                      |.<.|                                                     
                       ----                                                     
                                                                                
                                                                                
                                                                                
                                                                                
                                                                                
                                                                                
                                                                                
Agent the Gallant              St:15 Dx:8 Co:12 In:7 Wi:16 Ch:17 Lawful S:0     
Dlvl:1 $:0 HP:16(16) Pw:4(4) AC:3 Xp:1/0                                        

",0.0,False
17,east,,"message:


language observation:
stairs up near westsouthwest
vertical wall near west
dark area very near east
dark area adjacent north, northeast, southeast, and south
vertical wall adjacent southwest and northwest

cursor:
Yourself a knight
(x=27, y=12)

map:
                                                                                
                                                                                
                                                                                
                                                                                
                                                                                
                                                                                
                                                                                
                                                                                
                                                                                
                       ----                                                     
                      |...|                                                     
                      |....@#                                                   
                      |.<.|                                                     
                       ----                                                     
                                                                                
                                                                                
                                                                                
                                                                                
                                                                                
                                                                                
                                                                                
Agent the Gallant              St:15 Dx:8 Co:12 In:7 Wi:16 Ch:17 Lawful S:0     
Dlvl:1 $:0 HP:16(16) Pw:4(4) AC:3 Xp:1/0                                        

",0.0,False
18,west,,"message:


language observation:
dark area near east
vertical wall near west
horizontal wall very near southwest and northwest
stairs up very near westsouthwest
vertical wall adjacent north and south
dark area adjacent northeast and southeast

cursor:
Yourself a knight
(x=26, y=12)

map:
                                                                                
                                                                                
                                                                                
                                                                                
                                                                                
                                                                                
                                                                                
                                                                                
                                                                                
                       ----                                                     
                      |...|                                                     
                      |...@##                                                   
                      |.<.|                                                     
                       ----                                                     
                                                                                
                                                                                
                                                                                
                                                                                
                                                                                
                                                                                
                                                                                
Agent the Gallant              St:15 Dx:8 Co:12 In:7 Wi:16 Ch:17 Lawful S:0     
Dlvl:1 $:0 HP:16(16) Pw:4(4) AC:3 Xp:1/0                                        

",0.0,False
19,north,,"message:
It's a wall.

language observation:
dark area near east
vertical wall near west
horizontal wall very near southwest and northwest
stairs up very near westsouthwest
vertical wall adjacent north and south
dark area adjacent northeast and southeast

cursor:
Yourself a knight
(x=26, y=12)

map:
                                                                                
                                                                                
                                                                                
                                                                                
                                                                                
                                                                                
                                                                                
                                                                                
                                                                                
                       ----                                                     
                      |...|                                                     
                      |...@##                                                   
                      |.<.|                                                     
                       ----                                                     
                                                                                
                                                                                
                                                                                
                                                                                
                                                                                
                                                                                
                                                                                
Agent the Gallant              St:15 Dx:8 Co:12 In:7 Wi:16 Ch:17 Lawful S:0     
Dlvl:1 $:0 HP:16(16) Pw:4(4) AC:3 Xp:1/0                                        

",-0.01,False
20,west,,"message:


language observation:
dark area near east
vertical wall near west
horizontal wall very near north, south, southwest, and northwest
vertical wall adjacent northeast and southeast
stairs up adjacent southwest

cursor:
Yourself a knight
(x=25, y=12)

map:
                                                                                
                                                                                
                                                                                
                                                                                
                                                                                
                                                                                
                                                                                
                                                                                
                                                                                
                       ----                                                     
                      |...|                                                     
                      |..@.##                                                   
                      |.<.|                                                     
                       ----                                                     
                                                                                
                                                                                
                                                                                
                                                                                
                                                                                
                                                                                
                                                                                
Agent the Gallant              St:15 Dx:8 Co:12 In:7 Wi:16 Ch:17 Lawful S:0     
Dlvl:1 $:0 HP:16(16) Pw:4(4) AC:3 Xp:1/0                                        

",0.0,False
21,north,,"message:


language observation:
horizontal wall near south
dark area near southwest
vertical wall near west
dark area very near southeast
stairs up very near southsouthwest
horizontal wall adjacent north and northwest
northeast room corner adjacent northeast
vertical wall adjacent east

cursor:
Yourself a knight
(x=25, y=11)

map:
                                                                                
                                                                                
                                                                                
                                                                                
                                                                                
                                                                                
                                                                                
                                                                                
                                                                                
                       ----                                                     
                      |..@|                                                     
                      |....##                                                   
                      |.<.|                                                     
                       ----                                                     
                                                                                
                                                                                
                                                                                
                                                                                
                                                                                
                                                                                
                                                                                
Agent the Gallant              St:15 Dx:8 Co:12 In:7 Wi:16 Ch:17 Lawful S:0     
Dlvl:1 $:0 HP:16(16) Pw:4(4) AC:3 Xp:1/0                                        

",0.0,False
22,north,,"message:
It's a wall.

language observation:
horizontal wall near south
dark area near southwest
vertical wall near west
dark area very near southeast
stairs up very near southsouthwest
horizontal wall adjacent north and northwest
northeast room corner adjacent northeast
vertical wall adjacent east

cursor:
Yourself a knight
(x=25, y=11)

map:
                                                                                
                                                                                
                                                                                
                                                                                
                                                                                
                                                                                
                                                                                
                                                                                
                                                                                
                       ----                                                     
                      |..@|                                                     
                      |....##                                                   
                      |.<.|                                                     
                       ----                                                     
                                                                                
                                                                                
                                                                                
                                                                                
                                                                                
                                                                                
                                                                                
Agent the Gallant              St:15 Dx:8 Co:12 In:7 Wi:16 Ch:17 Lawful S:0     
Dlvl:1 $:0 HP:16(16) Pw:4(4) AC:3 Xp:1/0                                        

",-0.01,False
23,west,,"message:


language observation:
horizontal wall near south
vertical wall very near east, southeast, southwest, and west
stairs up very near south
horizontal wall adjacent north, northeast, and northwest

cursor:
Yourself a knight
(x=24, y=11)

map:
                                                                                
                                                                                
                                                                                
                                                                                
                                                                                
                                                                                
                                                                                
                                                                                
                                                                                
                       ----                                                     
                      |.@.|                                                     
                      |....##                                                   
                      |.<.|                                                     
                       ----                                                     
                                                                                
                                                                                
                                                                                
                                                                                
                                                                                
                                                                                
                                                                                
Agent the Gallant              St:15 Dx:8 Co:12 In:7 Wi:16 Ch:17 Lawful S:0     
Dlvl:1 $:0 HP:16(16) Pw:4(4) AC:3 Xp:1/0                                        

",0.0,False
24,south,,"message:


language observation:
dark area near east
horizontal wall very near north and south
northeast room corner very near northeast
southeast corner very near southeast
dark area very near southwest and northwest
vertical wall very near west
stairs up adjacent south

cursor:
Yourself a knight
(x=24, y=12)

map:
                                                                                
                                                                                
                                                                                
                                                                                
                                                                                
                                                                                
                                                                                
                                                                                
                                                                                
                       ----                                                     
                      |...|                                                     
                      |.@..##                                                   
                      |.<.|                                                     
                       ----                                                     
                                                                                
                                                                                
                                                                                
                                                                                
                                                                                
                                                                                
                                                                                
Agent the Gallant              St:15 Dx:8 Co:12 In:7 Wi:16 Ch:17 Lawful S:0     
Dlvl:1 $:0 HP:16(16) Pw:4(4) AC:3 Xp:1/0                                        

",0.0,False
25,south,,"message:


language observation:
horizontal wall near north
vertical wall very near northeast, east, west, and northwest
horizontal wall adjacent southeast, south, and southwest

cursor:
Yourself a knight
(x=24, y=13)

map:
                                                                                
                                                                                
                                                                                
                                                                                
                                                                                
                                                                                
                                                                                
                                                                                
                                                                                
                       ----                                                     
                      |...|                                                     
                      |....##                                                   
                      |.@.|                                                     
                       ----                                                     
                                                                                
                                                                                
                                                                                
                                                                                
                                                                                
                                                                                
                                                                                
Agent the Gallant              St:15 Dx:8 Co:12 In:7 Wi:16 Ch:17 Lawful S:0     
Dlvl:1 $:0 HP:16(16) Pw:4(4) AC:3 Xp:1/0                                        

",0.0,False
26,north,,"message:


language observation:
dark area near east
horizontal wall very near north and south
northeast room corner very near northeast
southeast corner very near southeast
dark area very near southwest and northwest
vertical wall very near west
stairs up adjacent south

cursor:
Yourself a knight
(x=24, y=12)

map:
                                                                                
                                                                                
                                                                                
                                                                                
                                                                                
                                                                                
                                                                                
                                                                                
                                                                                
                       ----                                                     
                      |...|                                                     
                      |.@..##                                                   
                      |.<.|                                                     
                       ----                                                     
                                                                                
                                                                                
                                                                                
                                                                                
                                                                                
                                                                                
                                                                                
Agent the Gallant              St:15 Dx:8 Co:12 In:7 Wi:16 Ch:17 Lawful S:0     
Dlvl:1 $:0 HP:16(16) Pw:4(4) AC:3 Xp:1/0                                        

",0.0,False
27,north,,"message:


language observation:
horizontal wall near south
vertical wall very near east, southeast, southwest, and west
stairs up very near south
horizontal wall adjacent north, northeast, and northwest

cursor:
Yourself a knight
(x=24, y=11)

map:
                                                                                
                                                                                
                                                                                
                                                                                
                                                                                
                                                                                
                                                                                
                                                                                
                                                                                
                       ----                                                     
                      |.@.|                                                     
                      |....##                                                   
                      |.<.|                                                     
                       ----                                                     
                                                                                
                                                                                
                                                                                
                                                                                
                                                                                
                                                                                
                                                                                
Agent the Gallant              St:15 Dx:8 Co:12 In:7 Wi:16 Ch:17 Lawful S:0     
Dlvl:1 $:0 HP:16(16) Pw:4(4) AC:3 Xp:1/0                                        

",0.0,False
28,south,,"message:


language observation:
dark area near east
horizontal wall very near north and south
northeast room corner very near northeast
southeast corner very near southeast
dark area very near southwest and northwest
vertical wall very near west
stairs up adjacent south

cursor:
Yourself a knight
(x=24, y=12)

map:
                                                                                
                                                                                
                                                                                
                                                                                
                                                                                
                                                                                
                                                                                
                                                                                
                                                                                
                       ----                                                     
                      |...|                                                     
                      |.@..##                                                   
                      |.<.|                                                     
                       ----                                                     
                                                                                
                                                                                
                                                                                
                                                                                
                                                                                
                                                                                
                                                                                
Agent the Gallant              St:15 Dx:8 Co:12 In:7 Wi:16 Ch:17 Lawful S:0     
Dlvl:1 $:0 HP:16(16) Pw:4(4) AC:3 Xp:1/0                                        

",0.0,False
29,south,,"message:


language observation:
horizontal wall near north
vertical wall very near northeast, east, west, and northwest
horizontal wall adjacent southeast, south, and southwest

cursor:
Yourself a knight
(x=24, y=13)

map:
                                                                                
                                                                                
                                                                                
                                                                                
                                                                                
                                                                                
                                                                                
                                                                                
                                                                                
                       ----                                                     
                      |...|                                                     
                      |....##                                                   
                      |.@.|                                                     
                       ----                                                     
                                                                                
                                                                                
                                                                                
                                                                                
                                                                                
                                                                                
                                                                                
Agent the Gallant              St:15 Dx:8 Co:12 In:7 Wi:16 Ch:17 Lawful S:0     
Dlvl:1 $:0 HP:16(16) Pw:4(4) AC:3 Xp:1/0                                        

",0.0,False
30,east,,"message:


language observation:
horizontal wall near north
vertical wall near west
dark area near northwest
dark area very near northeast
vertical wall adjacent east
southeast corner adjacent southeast
horizontal wall adjacent south and southwest
stairs up adjacent west

cursor:
Yourself a knight
(x=25, y=13)

map:
                                                                                
                                                                                
                                                                                
                                                                                
                                                                                
                                                                                
                                                                                
                                                                                
                                                                                
                       ----                                                     
                      |...|                                                     
                      |....##                                                   
                      |.<@|                                                     
                       ----                                                     
                                                                                
                                                                                
                                                                                
                                                                                
                                                                                
                                                                                
                                                                                
Agent the Gallant              St:15 Dx:8 Co:12 In:7 Wi:16 Ch:17 Lawful S:0     
Dlvl:1 $:0 HP:16(16) Pw:4(4) AC:3 Xp:1/0                                        

",0.0,False
31,west,,"message:


language observation:
horizontal wall near north
vertical wall very near northeast, east, west, and northwest
horizontal wall adjacent southeast, south, and southwest

cursor:
Yourself a knight
(x=24, y=13)

map:
                                                                                
                                                                                
                                                                                
                                                                                
                                                                                
                                                                                
                                                                                
                                                                                
                                                                                
                       ----                                                     
                      |...|                                                     
                      |....##                                                   
                      |.@.|                                                     
                       ----                                                     
                                                                                
                                                                                
                                                                                
                                                                                
                                                                                
                                                                                
                                                                                
Agent the Gallant              St:15 Dx:8 Co:12 In:7 Wi:16 Ch:17 Lawful S:0     
Dlvl:1 $:0 HP:16(16) Pw:4(4) AC:3 Xp:1/0                                        

",0.0,False
32,east,,"message:


language observation:
horizontal wall near north
vertical wall near west
dark area near northwest
dark area very near northeast
giant rat adjacent northeast
vertical wall adjacent east
southeast corner adjacent southeast
horizontal wall adjacent south and southwest
stairs up adjacent west

cursor:
Yourself a knight
(x=25, y=13)

map:
                                                                                
                                                                                
                                                                                
                                                                                
                                                                                
                                                                                
                                                                                
                                                                                
                                                                                
                       ----                                                     
                      |...|                                                     
                      |...r##                                                   
                      |.<@|                                                     
                       ----                                                     
                                                                                
                                                                                
                                                                                
                                                                                
                                                                                
                                                                                
                                                                                
Agent the Gallant              St:15 Dx:8 Co:12 In:7 Wi:16 Ch:17 Lawful S:0     
Dlvl:1 $:0 HP:16(16) Pw:4(4) AC:3 Xp:1/0                                        

",0.0,False
33,east,,"message:
It's a wall.

language observation:
horizontal wall near north
vertical wall near west
dark area near northwest
dark area very near northeast
giant rat adjacent northeast
vertical wall adjacent east
southeast corner adjacent southeast
horizontal wall adjacent south and southwest
stairs up adjacent west

cursor:
Yourself a knight
(x=25, y=13)

map:
                                                                                
                                                                                
                                                                                
                                                                                
                                                                                
                                                                                
                                                                                
                                                                                
                                                                                
                       ----                                                     
                      |...|                                                     
                      |...r##                                                   
                      |.<@|                                                     
                       ----                                                     
                                                                                
                                                                                
                                                                                
                                                                                
                                                                                
                                                                                
                                                                                
Agent the Gallant              St:15 Dx:8 Co:12 In:7 Wi:16 Ch:17 Lawful S:0     
Dlvl:1 $:0 HP:16(16) Pw:4(4) AC:3 Xp:1/0                                        

",-0.01,False
34,east,,"message:
It's a wall.

language observation:
horizontal wall near north
vertical wall near west
dark area near northwest
dark area very near northeast
giant rat adjacent northeast
vertical wall adjacent east
southeast corner adjacent southeast
horizontal wall adjacent south and southwest
stairs up adjacent west

cursor:
Yourself a knight
(x=25, y=13)

map:
                                                                                
                                                                                
                                                                                
                                                                                
                                                                                
                                                                                
                                                                                
                                                                                
                                                                                
                       ----                                                     
                      |...|                                                     
                      |...r##                                                   
                      |.<@|                                                     
                       ----                                                     
                                                                                
                                                                                
                                                                                
                                                                                
                                                                                
                                                                                
                                                                                
Agent the Gallant              St:15 Dx:8 Co:12 In:7 Wi:16 Ch:17 Lawful S:0     
Dlvl:1 $:0 HP:16(16) Pw:4(4) AC:3 Xp:1/0                                        

",-0.01,False
35,north,,"message:


language observation:
dark area near east
vertical wall near west
horizontal wall very near north, south, southwest, and northwest
vertical wall adjacent northeast and southeast
giant rat adjacent east
stairs up adjacent southwest

cursor:
Yourself a knight
(x=25, y=12)

map:
                                                                                
                                                                                
                                                                                
                                                                                
                                                                                
                                                                                
                                                                                
                                                                                
                                                                                
                       ----                                                     
                      |...|                                                     
                      |..@r##                                                   
                      |.<.|                                                     
                       ----                                                     
                                                                                
                                                                                
                                                                                
                                                                                
                                                                                
                                                                                
                                                                                
Agent the Gallant              St:15 Dx:8 Co:12 In:7 Wi:16 Ch:17 Lawful S:0     
Dlvl:1 $:0 HP:16(16) Pw:4(4) AC:3 Xp:1/0                                        

",0.0,False
36,north,,"message:
The giant rat just misses!

language observation:
horizontal wall near south
dark area near southwest
vertical wall near west
dark area very near southeast
stairs up very near southsouthwest
horizontal wall adjacent north and northwest
northeast room corner adjacent northeast
vertical wall adjacent east
giant rat adjacent southeast

cursor:
Yourself a knight
(x=25, y=11)

map:
                                                                                
                                                                                
                                                                                
                                                                                
                                                                                
                                                                                
                                                                                
                                                                                
                                                                                
                       ----                                                     
                      |..@|                                                     
                      |...r##                                                   
                      |.<.|                                                     
                       ----                                                     
                                                                                
                                                                                
                                                                                
                                                                                
                                                                                
                                                                                
                                                                                
Agent the Gallant              St:15 Dx:8 Co:12 In:7 Wi:16 Ch:17 Lawful S:0     
Dlvl:1 $:0 HP:16(16) Pw:4(4) AC:3 Xp:1/0                                        

",0.0,False
37,south,,"message:
The giant rat bites!

language observation:
dark area near east
vertical wall near west
horizontal wall very near north, south, southwest, and northwest
vertical wall adjacent northeast and southeast
giant rat adjacent east
stairs up adjacent southwest

cursor:
Yourself a knight
(x=25, y=12)

map:
                                                                                
                                                                                
                                                                                
                                                                                
                                                                                
                                                                                
                                                                                
                                                                                
                                                                                
                       ----                                                     
                      |...|                                                     
                      |..@r##                                                   
                      |.<.|                                                     
                       ----                                                     
                                                                                
                                                                                
                                                                                
                                                                                
                                                                                
                                                                                
                                                                                
Agent the Gallant              St:15 Dx:8 Co:12 In:7 Wi:16 Ch:17 Lawful S:0     
Dlvl:1 $:0 HP:15(16) Pw:4(4) AC:3 Xp:1/0                                        

",0.0,False
38,southwest,,"message:


language observation:
horizontal wall near north
vertical wall very near northeast, east, west, and northwest
giant rat adjacent east
horizontal wall adjacent southeast, south, and southwest

cursor:
Yourself a knight
(x=24, y=13)

map:
                                                                                
                                                                                
                                                                                
                                                                                
                                                                                
                                                                                
                                                                                
                                                                                
                                                                                
                       ----                                                     
                      |...|                                                     
                      |....##                                                   
                      |.@r|                                                     
                       ----                                                     
                                                                                
                                                                                
                                                                                
                                                                                
                                                                                
                                                                                
                                                                                
Agent the Gallant              St:15 Dx:8 Co:12 In:7 Wi:16 Ch:17 Lawful S:0     
Dlvl:1 $:0 HP:15(16) Pw:4(4) AC:3 Xp:1/0                                        

",0.0,False
39,south,,"message:
It's a wall.

language observation:
horizontal wall near north
vertical wall very near northeast, east, west, and northwest
giant rat adjacent east
horizontal wall adjacent southeast, south, and southwest

cursor:
Yourself a knight
(x=24, y=13)

map:
                                                                                
                                                                                
                                                                                
                                                                                
                                                                                
                                                                                
                                                                                
                                                                                
                                                                                
                       ----                                                     
                      |...|                                                     
                      |....##                                                   
                      |.@r|                                                     
                       ----                                                     
                                                                                
                                                                                
                                                                                
                                                                                
                                                                                
                                                                                
                                                                                
Agent the Gallant              St:15 Dx:8 Co:12 In:7 Wi:16 Ch:17 Lawful S:0     
Dlvl:1 $:0 HP:15(16) Pw:4(4) AC:3 Xp:1/0                                        

",-0.01,False
40,north,,"message:
The giant rat bites!

language observation:
dark area near east
horizontal wall very near north and south
northeast room corner very near northeast
southeast corner very near southeast
dark area very near southwest and northwest
vertical wall very near west
giant rat adjacent southeast
stairs up adjacent south

cursor:
Yourself a knight
(x=24, y=12)

map:
                                                                                
                                                                                
                                                                                
                                                                                
                                                                                
                                                                                
                                                                                
                                                                                
                                                                                
                       ----                                                     
                      |...|                                                     
                      |.@..##                                                   
                      |.<r|                                                     
                       ----                                                     
                                                                                
                                                                                
                                                                                
                                                                                
                                                                                
                                                                                
                                                                                
Agent the Gallant              St:15 Dx:8 Co:12 In:7 Wi:16 Ch:17 Lawful S:0     
Dlvl:1 $:0 HP:14(16) Pw:4(4) AC:3 Xp:1/0                                        

",0.0,False
41,south,,"message:
The giant rat misses!

language observation:
horizontal wall near north
vertical wall very near northeast, east, west, and northwest
giant rat adjacent northeast and east
horizontal wall adjacent southeast, south, and southwest

cursor:
Yourself a knight
(x=24, y=13)

map:
                                                                                
                                                                                
                                                                                
                                                                                
                                                                                
                                                                                
                                                                                
                                                                                
                                                                                
                       ----                                                     
                      |...|                                                     
                      |..r.##                                                   
                      |.@r|                                                     
                       ----                                                     
                                                                                
                                                                                
                                                                                
                                                                                
                                                                                
                                                                                
                                                                                
Agent the Gallant              St:15 Dx:8 Co:12 In:7 Wi:16 Ch:17 Lawful S:0     
Dlvl:1 $:0 HP:14(16) Pw:4(4) AC:3 Xp:1/0                                        

",0.0,False
42,east,,"message:
You miss the giant rat.  The giant rat misses!  The giant rat bites!

language observation:
horizontal wall near north
vertical wall very near northeast, east, west, and northwest
giant rat adjacent northeast and east
horizontal wall adjacent southeast, south, and southwest

cursor:
Yourself a knight
(x=24, y=13)

map:
                                                                                
                                                                                
                                                                                
                                                                                
                                                                                
                                                                                
                                                                                
                                                                                
                                                                                
                       ----                                                     
                      |...|                                                     
                      |..r.##                                                   
                      |.@r|                                                     
                       ----                                                     
                                                                                
                                                                                
                                                                                
                                                                                
                                                                                
                                                                                
                                                                                
Agent the Gallant              St:15 Dx:8 Co:12 In:7 Wi:16 Ch:17 Lawful S:0     
Dlvl:1 $:0 HP:12(16) Pw:4(4) AC:3 Xp:1/0                                        

",0.0,False
43,north,,"message:
The giant rat just misses!

language observation:
dark area near east
horizontal wall very near north and south
northeast room corner very near northeast
southeast corner very near southeast
dark area very near southwest and northwest
vertical wall very near west
giant rat adjacent east and southeast
stairs up adjacent south

cursor:
Yourself a knight
(x=24, y=12)

map:
                                                                                
                                                                                
                                                                                
                                                                                
                                                                                
                                                                                
                                                                                
                                                                                
                                                                                
                       ----                                                     
                      |...|                                                     
                      |.@r.##                                                   
                      |.<r|                                                     
                       ----                                                     
                                                                                
                                                                                
                                                                                
                                                                                
                                                                                
                                                                                
                                                                                
Agent the Gallant              St:15 Dx:8 Co:12 In:7 Wi:16 Ch:17 Lawful S:0     
Dlvl:1 $:0 HP:12(16) Pw:4(4) AC:3 Xp:1/0                                        

",0.0,False
44,east,,"message:
You kill the giant rat!  The giant rat misses!

language observation:
dark area near east
horizontal wall very near north and south
northeast room corner very near northeast
southeast corner very near southeast
dark area very near southwest and northwest
vertical wall very near west
giant rat adjacent east and southeast
stairs up adjacent south

cursor:
Yourself a knight
(x=24, y=12)

map:
                                                                                
                                                                                
                                                                                
                                                                                
                                                                                
                                                                                
                                                                                
                                                                                
                                                                                
                       ----                                                     
                      |...|                                                     
                      |.@r.##                                                   
                      |.<r|                                                     
                       ----                                                     
                                                                                
                                                                                
                                                                                
                                                                                
                                                                                
                                                                                
                                                                                
Agent the Gallant              St:15 Dx:8 Co:12 In:7 Wi:16 Ch:17 Lawful S:8     
Dlvl:1 $:0 HP:12(16) Pw:4(4) AC:3 Xp:1/2                                        

",0.0,False
45,north,,"message:
The giant rat bites!

language observation:
horizontal wall near south
vertical wall very near east, southeast, southwest, and west
stairs up very near south
horizontal wall adjacent north, northeast, and northwest
giant rat adjacent southeast

cursor:
Yourself a knight
(x=24, y=11)

map:
                                                                                
                                                                                
                                                                                
                                                                                
                                                                                
                                                                                
                                                                                
                                                                                
                                                                                
                       ----                                                     
                      |.@.|                                                     
                      |..r.##                                                   
                      |.<.|                                                     
                       ----                                                     
                                                                                
                                                                                
                                                                                
                                                                                
                                                                                
                                                                                
                                                                                
Agent the Gallant              St:15 Dx:8 Co:12 In:7 Wi:16 Ch:17 Lawful S:8     
Dlvl:1 $:0 HP:11(16) Pw:4(4) AC:3 Xp:1/2                                        

",0.0,False
46,south,,"message:
The giant rat bites!

language observation:
dark area near east
horizontal wall very near north and south
northeast room corner very near northeast
southeast corner very near southeast
dark area very near southwest and northwest
vertical wall very near west
giant rat adjacent northeast, east, and southeast
stairs up adjacent south

cursor:
Yourself a knight
(x=24, y=12)

map:
                                                                                
                                                                                
                                                                                
                                                                                
                                                                                
                                                                                
                                                                                
                                                                                
                                                                                
                       ----                                                     
                      |..r|                                                     
                      |.@r.##                                                   
                      |.<r|                                                     
                       ----                                                     
                                                                                
                                                                                
                                                                                
                                                                                
                                                                                
                                                                                
                                                                                
Agent the Gallant              St:15 Dx:8 Co:12 In:7 Wi:16 Ch:17 Lawful S:8     
Dlvl:1 $:0 HP:8(16) Pw:4(4) AC:3 Xp:1/2                                         

",0.0,False
47,south,,"message:
The giant rat bites!  The giant rat bites!

language observation:
horizontal wall near north
vertical wall very near northeast, east, west, and northwest
giant rat adjacent north, northeast, and east
horizontal wall adjacent southeast, south, and southwest

cursor:
Yourself a knight
(x=24, y=13)

map:
                                                                                
                                                                                
                                                                                
                                                                                
                                                                                
                                                                                
                                                                                
                                                                                
                                                                                
                       ----                                                     
                      |...|                                                     
                      |.rr.##                                                   
                      |.@r|                                                     
                       ----                                                     
                                                                                
                                                                                
                                                                                
                                                                                
                                                                                
                                                                                
                                                                                
Agent the Gallant              St:15 Dx:8 Co:12 In:7 Wi:16 Ch:17 Lawful S:8     
Dlvl:1 $:0 HP:2(16) Pw:4(4) AC:3 Xp:1/2                                         

",0.0,False
48,south,,"message:
It's a wall.

language observation:
horizontal wall near north
vertical wall very near northeast, east, west, and northwest
giant rat adjacent north, northeast, and east
horizontal wall adjacent southeast, south, and southwest

cursor:
Yourself a knight
(x=24, y=13)

map:
                                                                                
                                                                                
                                                                                
                                                                                
                                                                                
                                                                                
                                                                                
                                                                                
                                                                                
                       ----                                                     
                      |...|                                                     
                      |.rr.##                                                   
                      |.@r|                                                     
                       ----                                                     
                                                                                
                                                                                
                                                                                
                                                                                
                                                                                
                                                                                
                                                                                
Agent the Gallant              St:15 Dx:8 Co:12 In:7 Wi:16 Ch:17 Lawful S:8     
Dlvl:1 $:0 HP:2(16) Pw:4(4) AC:3 Xp:1/2                                         

",-0.01,False
49,south,,"message:
It's a wall.

language observation:
horizontal wall near north
vertical wall very near northeast, east, west, and northwest
giant rat adjacent north, northeast, and east
horizontal wall adjacent southeast, south, and southwest

cursor:
Yourself a knight
(x=24, y=13)

map:
                                                                                
                                                                                
                                                                                
                                                                                
                                                                                
                                                                                
                                                                                
                                                                                
                                                                                
                       ----                                                     
                      |...|                                                     
                      |.rr.##                                                   
                      |.@r|                                                     
                       ----                                                     
                                                                                
                                                                                
                                                                                
                                                                                
                                                                                
                                                                                
                                                                                
Agent the Gallant              St:15 Dx:8 Co:12 In:7 Wi:16 Ch:17 Lawful S:8     
Dlvl:1 $:0 HP:2(16) Pw:4(4) AC:3 Xp:1/2                                         

",-0.01,False
50,east,,"message:
 
You made the top ten list!
No  Points     Name
Hp [max]
1          8  Agent-Kni-Hum-Fem-Law died in The Dunge
eons of Doom on
level 1.  Killed by a giant rat.
-  [16]


language observation:
dark area adjacent east, southeast, and south

cursor:
very far eastsoutheast 
(x=23, y=9)

map:
You made the top ten list!                                                      
                                                                                
                           No  Points     Name                                  
                 Hp [max]                                                       
                           1          8  Agent-Kni-Hum-Fem-Law died in The Dunge
ons of Doom on                                                                  
                                        level 1.  Killed by a giant rat.        
                -  [16]                                                         
                                                                                
                                                                                
                                                                                
                                                                                
                                                                                
                                                                                
                                                                                
                                                                                
                                                                                
                                                                                
                                                                                
                                                                                
                                                                                
                                                                                
                                                                                

",0.0,True
