Step,Action,Reasoning,Observation,Reward,Done
0,search,,"message:


language observation:
vertical wall near east, southeast, southwest, and west
horizontal wall near south
horizontal wall very near north, northeast, and northwest

cursor:
Yourself a samurai
(x=17, y=13)

map:
                                                                                
                                                                                
                                                                                
                                                                                
                                                                                
                                                                                
                                                                                
                                                                                
                                                                                
                                                                                
              -------                                                           
              |.....|                                                           
              |..@..|                                                           
              |.....|                                                           
              |.....|                                                           
              |.....|                                                           
              -------                                                           
                                                                                
                                                                                
                                                                                
                                                                                
Agent the Hatamoto             St:17 Dx:16 Co:18 In:9 Wi:7 Ch:8 Lawful S:0      
Dlvl:1 $:0 HP:15(15) Pw:2(2) AC:4 Xp:1/0                                        

",0.0,False
1,north,,"message:


language observation:
vertical wall near east, southeast, southwest, and west
horizontal wall near south
horizontal wall adjacent north, northeast, and northwest
stairs up adjacent south

cursor:
Yourself a samurai
(x=17, y=12)

map:
                                                                                
                                                                                
                                                                                
                                                                                
                                                                                
                                                                                
                                                                                
                                                                                
                                                                                
                                                                                
              -------                                                           
              |..@..|                                                           
              |..<..|                                                           
              |.....|                                                           
              |.....|                                                           
              |.....|                                                           
              -------                                                           
                                                                                
                                                                                
                                                                                
                                                                                
Agent the Hatamoto             St:17 Dx:16 Co:18 In:9 Wi:7 Ch:8 Lawful S:0      
Dlvl:1 $:0 HP:15(15) Pw:2(2) AC:4 Xp:1/0                                        

",-0.01,False
2,south,,"message:


language observation:
vertical wall near east, southeast, southwest, and west
horizontal wall near south
horizontal wall very near north, northeast, and northwest

cursor:
Yourself a samurai
(x=17, y=13)

map:
                                                                                
                                                                                
                                                                                
                                                                                
                                                                                
                                                                                
                                                                                
                                                                                
                                                                                
                                                                                
              -------                                                           
              |.....|                                                           
              |..@..|                                                           
              |.....|                                                           
              |.....|                                                           
              |.....|                                                           
              -------                                                           
                                                                                
                                                                                
                                                                                
                                                                                
Agent the Hatamoto             St:17 Dx:16 Co:18 In:9 Wi:7 Ch:8 Lawful S:0      
Dlvl:1 $:0 HP:15(15) Pw:2(2) AC:4 Xp:1/0                                        

",0.0,False
3,south,,"message:


language observation:
horizontal wall near north and south
northeast room corner near northeast
vertical wall near east and west
southeast corner near southeast
southwest corner near southwest
northwest room corner near northwest
stairs up adjacent north

cursor:
Yourself a samurai
(x=17, y=14)

map:
                                                                                
                                                                                
                                                                                
                                                                                
                                                                                
                                                                                
                                                                                
                                                                                
                                                                                
                                                                                
              -------                                                           
              |.....|                                                           
              |..<..|                                                           
              |..@..|                                                           
              |.....|                                                           
              |.....|                                                           
              -------                                                           
                                                                                
                                                                                
                                                                                
                                                                                
Agent the Hatamoto             St:17 Dx:16 Co:18 In:9 Wi:7 Ch:8 Lawful S:0      
Dlvl:1 $:0 HP:15(15) Pw:2(2) AC:4 Xp:1/0                                        

",0.0,False
4,north,,"message:


language observation:
vertical wall near east, southeast, southwest, and west
horizontal wall near south
horizontal wall very near north, northeast, and northwest

cursor:
Yourself a samurai
(x=17, y=13)

map:
                                                                                
                                                                                
                                                                                
                                                                                
                                                                                
                                                                                
                                                                                
                                                                                
                                                                                
                                                                                
              -------                                                           
              |.....|                                                           
              |..@..|                                                           
              |.....|                                                           
              |.....|                                                           
              |.....|                                                           
              -------                                                           
                                                                                
                                                                                
                                                                                
                                                                                
Agent the Hatamoto             St:17 Dx:16 Co:18 In:9 Wi:7 Ch:8 Lawful S:0      
Dlvl:1 $:0 HP:15(15) Pw:2(2) AC:4 Xp:1/0                                        

",0.0,False
5,search,,"message:


language observation:
vertical wall near east, southeast, southwest, and west
horizontal wall near south
horizontal wall very near north, northeast, and northwest

cursor:
Yourself a samurai
(x=17, y=13)

map:
                                                                                
                                                                                
                                                                                
                                                                                
                                                                                
                                                                                
                                                                                
                                                                                
                                                                                
                                                                                
              -------                                                           
              |.....|                                                           
              |..@..|                                                           
              |.....|                                                           
              |.....|                                                           
              |.....|                                                           
              -------                                                           
                                                                                
                                                                                
                                                                                
                                                                                
Agent the Hatamoto             St:17 Dx:16 Co:18 In:9 Wi:7 Ch:8 Lawful S:0      
Dlvl:1 $:0 HP:15(15) Pw:2(2) AC:4 Xp:1/0                                        

",-0.01,False
6,north,,"message:


language observation:
vertical wall near east, southeast, southwest, and west
horizontal wall near south
horizontal wall adjacent north, northeast, and northwest
stairs up adjacent south

cursor:
Yourself a samurai
(x=17, y=12)

map:
                                                                                
                                                                                
                                                                                
                                                                                
                                                                                
                                                                                
                                                                                
                                                                                
                                                                                
                                                                                
              -------                                                           
              |..@..|                                                           
              |..<..|                                                           
              |.....|                                                           
              |.....|                                                           
              |.....|                                                           
              -------                                                           
                                                                                
                                                                                
                                                                                
                                                                                
Agent the Hatamoto             St:17 Dx:16 Co:18 In:9 Wi:7 Ch:8 Lawful S:0      
Dlvl:1 $:0 HP:15(15) Pw:2(2) AC:4 Xp:1/0                                        

",0.0,False
7,south,,"message:


language observation:
vertical wall near east, southeast, southwest, and west
horizontal wall near south
horizontal wall very near north, northeast, and northwest

cursor:
Yourself a samurai
(x=17, y=13)

map:
                                                                                
                                                                                
                                                                                
                                                                                
                                                                                
                                                                                
                                                                                
                                                                                
                                                                                
                                                                                
              -------                                                           
              |.....|                                                           
              |..@..|                                                           
              |.....|                                                           
              |.....|                                                           
              |.....|                                                           
              -------                                                           
                                                                                
                                                                                
                                                                                
                                                                                
Agent the Hatamoto             St:17 Dx:16 Co:18 In:9 Wi:7 Ch:8 Lawful S:0      
Dlvl:1 $:0 HP:15(15) Pw:2(2) AC:4 Xp:1/0                                        

",0.0,False
8,search,,"message:


language observation:
vertical wall near east, southeast, southwest, and west
horizontal wall near south
horizontal wall very near north, northeast, and northwest

cursor:
Yourself a samurai
(x=17, y=13)

map:
                                                                                
                                                                                
                                                                                
                                                                                
                                                                                
                                                                                
                                                                                
                                                                                
                                                                                
                                                                                
              -------                                                           
              |.....|                                                           
              |..@..|                                                           
              |.....|                                                           
              |.....|                                                           
              |.....|                                                           
              -------                                                           
                                                                                
                                                                                
                                                                                
                                                                                
Agent the Hatamoto             St:17 Dx:16 Co:18 In:9 Wi:7 Ch:8 Lawful S:0      
Dlvl:1 $:0 HP:15(15) Pw:2(2) AC:4 Xp:1/0                                        

",0.0,False
9,north,,"message:


language observation:
vertical wall near east, southeast, southwest, and west
horizontal wall near south
horizontal wall adjacent north, northeast, and northwest
stairs up adjacent south

cursor:
Yourself a samurai
(x=17, y=12)

map:
                                                                                
                                                                                
                                                                                
                                                                                
                                                                                
                                                                                
                                                                                
                                                                                
                                                                                
                                                                                
              -------                                                           
              |..@..|                                                           
              |..<..|                                                           
              |.....|                                                           
              |.....|                                                           
              |.....|                                                           
              -------                                                           
                                                                                
                                                                                
                                                                                
                                                                                
Agent the Hatamoto             St:17 Dx:16 Co:18 In:9 Wi:7 Ch:8 Lawful S:0      
Dlvl:1 $:0 HP:15(15) Pw:2(2) AC:4 Xp:1/0                                        

",-0.01,False
10,south,,"message:


language observation:
vertical wall near east, southeast, southwest, and west
horizontal wall near south
horizontal wall very near north, northeast, and northwest

cursor:
Yourself a samurai
(x=17, y=13)

map:
                                                                                
                                                                                
                                                                                
                                                                                
                                                                                
                                                                                
                                                                                
                                                                                
                                                                                
                                                                                
              -------                                                           
              |.....|                                                           
              |..@..|                                                           
              |.....|                                                           
              |.....|                                                           
              |.....|                                                           
              -------                                                           
                                                                                
                                                                                
                                                                                
                                                                                
Agent the Hatamoto             St:17 Dx:16 Co:18 In:9 Wi:7 Ch:8 Lawful S:0      
Dlvl:1 $:0 HP:15(15) Pw:2(2) AC:4 Xp:1/0                                        

",0.0,False
11,search,,"message:


language observation:
vertical wall near east, southeast, southwest, and west
horizontal wall near south
horizontal wall very near north, northeast, and northwest

cursor:
Yourself a samurai
(x=17, y=13)

map:
                                                                                
                                                                                
                                                                                
                                                                                
                                                                                
                                                                                
                                                                                
                                                                                
                                                                                
                                                                                
              -------                                                           
              |.....|                                                           
              |..@..|                                                           
              |.....|                                                           
              |.....|                                                           
              |.....|                                                           
              -------                                                           
                                                                                
                                                                                
                                                                                
                                                                                
Agent the Hatamoto             St:17 Dx:16 Co:18 In:9 Wi:7 Ch:8 Lawful S:0      
Dlvl:1 $:0 HP:15(15) Pw:2(2) AC:4 Xp:1/0                                        

",0.0,False
12,search,,"message:


language observation:
vertical wall near east, southeast, southwest, and west
horizontal wall near south
horizontal wall very near north, northeast, and northwest

cursor:
Yourself a samurai
(x=17, y=13)

map:
                                                                                
                                                                                
                                                                                
                                                                                
                                                                                
                                                                                
                                                                                
                                                                                
                                                                                
                                                                                
              -------                                                           
              |.....|                                                           
              |..@..|                                                           
              |.....|                                                           
              |.....|                                                           
              |.....|                                                           
              -------                                                           
                                                                                
                                                                                
                                                                                
                                                                                
Agent the Hatamoto             St:17 Dx:16 Co:18 In:9 Wi:7 Ch:8 Lawful S:0      
Dlvl:1 $:0 HP:15(15) Pw:2(2) AC:4 Xp:1/0                                        

",-0.01,False
13,north,,"message:


language observation:
vertical wall near east, southeast, southwest, and west
horizontal wall near south
horizontal wall adjacent north, northeast, and northwest
stairs up adjacent south

cursor:
Yourself a samurai
(x=17, y=12)

map:
                                                                                
                                                                                
                                                                                
                                                                                
                                                                                
                                                                                
                                                                                
                                                                                
                                                                                
                                                                                
              -------                                                           
              |..@..|                                                           
              |..<..|                                                           
              |.....|                                                           
              |.....|                                                           
              |.....|                                                           
              -------                                                           
                                                                                
                                                                                
                                                                                
                                                                                
Agent the Hatamoto             St:17 Dx:16 Co:18 In:9 Wi:7 Ch:8 Lawful S:0      
Dlvl:1 $:0 HP:15(15) Pw:2(2) AC:4 Xp:1/0                                        

",0.0,False
14,south,,"message:


language observation:
vertical wall near east, southeast, southwest, and west
horizontal wall near south
horizontal wall very near north, northeast, and northwest

cursor:
Yourself a samurai
(x=17, y=13)

map:
                                                                                
                                                                                
                                                                                
                                                                                
                                                                                
                                                                                
                                                                                
                                                                                
                                                                                
                                                                                
              -------                                                           
              |.....|                                                           
              |..@..|                                                           
              |.....|                                                           
              |.....|                                                           
              |.....|                                                           
              -------                                                           
                                                                                
                                                                                
                                                                                
                                                                                
Agent the Hatamoto             St:17 Dx:16 Co:18 In:9 Wi:7 Ch:8 Lawful S:0      
Dlvl:1 $:0 HP:15(15) Pw:2(2) AC:4 Xp:1/0                                        

",-0.01,False
15,search,,"message:


language observation:
vertical wall near east, southeast, southwest, and west
horizontal wall near south
horizontal wall very near north, northeast, and northwest

cursor:
Yourself a samurai
(x=17, y=13)

map:
                                                                                
                                                                                
                                                                                
                                                                                
                                                                                
                                                                                
                                                                                
                                                                                
                                                                                
                                                                                
              -------                                                           
              |.....|                                                           
              |..@..|                                                           
              |.....|                                                           
              |.....|                                                           
              |.....|                                                           
              -------                                                           
                                                                                
                                                                                
                                                                                
                                                                                
Agent the Hatamoto             St:17 Dx:16 Co:18 In:9 Wi:7 Ch:8 Lawful S:0      
Dlvl:1 $:0 HP:15(15) Pw:2(2) AC:4 Xp:1/0                                        

",0.0,False
16,north,,"message:


language observation:
vertical wall near east, southeast, southwest, and west
horizontal wall near south
horizontal wall adjacent north, northeast, and northwest
stairs up adjacent south

cursor:
Yourself a samurai
(x=17, y=12)

map:
                                                                                
                                                                                
                                                                                
                                                                                
                                                                                
                                                                                
                                                                                
                                                                                
                                                                                
                                                                                
              -------                                                           
              |..@..|                                                           
              |..<..|                                                           
              |.....|                                                           
              |.....|                                                           
              |.....|                                                           
              -------                                                           
                                                                                
                                                                                
                                                                                
                                                                                
Agent the Hatamoto             St:17 Dx:16 Co:18 In:9 Wi:7 Ch:8 Lawful S:0      
Dlvl:1 $:0 HP:15(15) Pw:2(2) AC:4 Xp:1/0                                        

",0.0,False
17,south,,"message:


language observation:
vertical wall near east, southeast, southwest, and west
horizontal wall near south
horizontal wall very near north, northeast, and northwest

cursor:
Yourself a samurai
(x=17, y=13)

map:
                                                                                
                                                                                
                                                                                
                                                                                
                                                                                
                                                                                
                                                                                
                                                                                
                                                                                
                                                                                
              -------                                                           
              |.....|                                                           
              |..@..|                                                           
              |.....|                                                           
              |.....|                                                           
              |.....|                                                           
              -------                                                           
                                                                                
                                                                                
                                                                                
                                                                                
Agent the Hatamoto             St:17 Dx:16 Co:18 In:9 Wi:7 Ch:8 Lawful S:0      
Dlvl:1 $:0 HP:15(15) Pw:2(2) AC:4 Xp:1/0                                        

",0.0,False
18,search,,"message:


language observation:
vertical wall near east, southeast, southwest, and west
horizontal wall near south
horizontal wall very near north, northeast, and northwest

cursor:
Yourself a samurai
(x=17, y=13)

map:
                                                                                
                                                                                
                                                                                
                                                                                
                                                                                
                                                                                
                                                                                
                                                                                
                                                                                
                                                                                
              -------                                                           
              |.....|                                                           
              |..@..|                                                           
              |.....|                                                           
              |.....|                                                           
              |.....|                                                           
              -------                                                           
                                                                                
                                                                                
                                                                                
                                                                                
Agent the Hatamoto             St:17 Dx:16 Co:18 In:9 Wi:7 Ch:8 Lawful S:0      
Dlvl:1 $:0 HP:15(15) Pw:2(2) AC:4 Xp:1/0                                        

",0.0,False
19,search,,"message:


language observation:
vertical wall near east, southeast, southwest, and west
horizontal wall near south
horizontal wall very near north, northeast, and northwest

cursor:
Yourself a samurai
(x=17, y=13)

map:
                                                                                
                                                                                
                                                                                
                                                                                
                                                                                
                                                                                
                                                                                
                                                                                
                                                                                
                                                                                
              -------                                                           
              |.....|                                                           
              |..@..|                                                           
              |.....|                                                           
              |.....|                                                           
              |.....|                                                           
              -------                                                           
                                                                                
                                                                                
                                                                                
                                                                                
Agent the Hatamoto             St:17 Dx:16 Co:18 In:9 Wi:7 Ch:8 Lawful S:0      
Dlvl:1 $:0 HP:15(15) Pw:2(2) AC:4 Xp:1/0                                        

",-0.01,False
20,north,,"message:


language observation:
vertical wall near east, southeast, southwest, and west
horizontal wall near south
horizontal wall adjacent north, northeast, and northwest
stairs up adjacent south

cursor:
Yourself a samurai
(x=17, y=12)

map:
                                                                                
                                                                                
                                                                                
                                                                                
                                                                                
                                                                                
                                                                                
                                                                                
                                                                                
                                                                                
              -------                                                           
              |..@..|                                                           
              |..<..|                                                           
              |.....|                                                           
              |.....|                                                           
              |.....|                                                           
              -------                                                           
                                                                                
                                                                                
                                                                                
                                                                                
Agent the Hatamoto             St:17 Dx:16 Co:18 In:9 Wi:7 Ch:8 Lawful S:0      
Dlvl:1 $:0 HP:15(15) Pw:2(2) AC:4 Xp:1/0                                        

",0.0,False
21,south,,"message:


language observation:
vertical wall near east, southeast, southwest, and west
horizontal wall near south
horizontal wall very near north, northeast, and northwest

cursor:
Yourself a samurai
(x=17, y=13)

map:
                                                                                
                                                                                
                                                                                
                                                                                
                                                                                
                                                                                
                                                                                
                                                                                
                                                                                
                                                                                
              -------                                                           
              |.....|                                                           
              |..@..|                                                           
              |.....|                                                           
              |.....|                                                           
              |.....|                                                           
              -------                                                           
                                                                                
                                                                                
                                                                                
                                                                                
Agent the Hatamoto             St:17 Dx:16 Co:18 In:9 Wi:7 Ch:8 Lawful S:0      
Dlvl:1 $:0 HP:15(15) Pw:2(2) AC:4 Xp:1/0                                        

",0.0,False
22,search,,"message:


language observation:
vertical wall near east, southeast, southwest, and west
horizontal wall near south
horizontal wall very near north, northeast, and northwest

cursor:
Yourself a samurai
(x=17, y=13)

map:
                                                                                
                                                                                
                                                                                
                                                                                
                                                                                
                                                                                
                                                                                
                                                                                
                                                                                
                                                                                
              -------                                                           
              |.....|                                                           
              |..@..|                                                           
              |.....|                                                           
              |.....|                                                           
              |.....|                                                           
              -------                                                           
                                                                                
                                                                                
                                                                                
                                                                                
Agent the Hatamoto             St:17 Dx:16 Co:18 In:9 Wi:7 Ch:8 Lawful S:0      
Dlvl:1 $:0 HP:15(15) Pw:2(2) AC:4 Xp:1/0                                        

",0.0,False
23,search,,"message:


language observation:
vertical wall near east, southeast, southwest, and west
horizontal wall near south
horizontal wall very near north, northeast, and northwest

cursor:
Yourself a samurai
(x=17, y=13)

map:
                                                                                
                                                                                
                                                                                
                                                                                
                                                                                
                                                                                
                                                                                
                                                                                
                                                                                
                                                                                
              -------                                                           
              |.....|                                                           
              |..@..|                                                           
              |.....|                                                           
              |.....|                                                           
              |.....|                                                           
              -------                                                           
                                                                                
                                                                                
                                                                                
                                                                                
Agent the Hatamoto             St:17 Dx:16 Co:18 In:9 Wi:7 Ch:8 Lawful S:0      
Dlvl:1 $:0 HP:15(15) Pw:2(2) AC:4 Xp:1/0                                        

",0.0,False
24,north,,"message:


language observation:
vertical wall near east, southeast, southwest, and west
horizontal wall near south
horizontal wall adjacent north, northeast, and northwest
stairs up adjacent south

cursor:
Yourself a samurai
(x=17, y=12)

map:
                                                                                
                                                                                
                                                                                
                                                                                
                                                                                
                                                                                
                                                                                
                                                                                
                                                                                
                                                                                
              -------                                                           
              |..@..|                                                           
              |..<..|                                                           
              |.....|                                                           
              |.....|                                                           
              |.....|                                                           
              -------                                                           
                                                                                
                                                                                
                                                                                
                                                                                
Agent the Hatamoto             St:17 Dx:16 Co:18 In:9 Wi:7 Ch:8 Lawful S:0      
Dlvl:1 $:0 HP:15(15) Pw:2(2) AC:4 Xp:1/0                                        

",0.0,False
25,south,,"message:


language observation:
vertical wall near east, southeast, southwest, and west
horizontal wall near south
horizontal wall very near north, northeast, and northwest

cursor:
Yourself a samurai
(x=17, y=13)

map:
                                                                                
                                                                                
                                                                                
                                                                                
                                                                                
                                                                                
                                                                                
                                                                                
                                                                                
                                                                                
              -------                                                           
              |.....|                                                           
              |..@..|                                                           
              |.....|                                                           
              |.....|                                                           
              |.....|                                                           
              -------                                                           
                                                                                
                                                                                
                                                                                
                                                                                
Agent the Hatamoto             St:17 Dx:16 Co:18 In:9 Wi:7 Ch:8 Lawful S:0      
Dlvl:1 $:0 HP:15(15) Pw:2(2) AC:4 Xp:1/0                                        

",0.0,False
26,search,,"message:


language observation:
vertical wall near east, southeast, southwest, and west
horizontal wall near south
horizontal wall very near north, northeast, and northwest

cursor:
Yourself a samurai
(x=17, y=13)

map:
                                                                                
                                                                                
                                                                                
                                                                                
                                                                                
                                                                                
                                                                                
                                                                                
                                                                                
                                                                                
              -------                                                           
              |.....|                                                           
              |..@..|                                                           
              |.....|                                                           
              |.....|                                                           
              |.....|                                                           
              -------                                                           
                                                                                
                                                                                
                                                                                
                                                                                
Agent the Hatamoto             St:17 Dx:16 Co:18 In:9 Wi:7 Ch:8 Lawful S:0      
Dlvl:1 $:0 HP:15(15) Pw:2(2) AC:4 Xp:1/0                                        

",-0.01,False
27,search,,"message:


language observation:
vertical wall near east, southeast, southwest, and west
horizontal wall near south
horizontal wall very near north, northeast, and northwest

cursor:
Yourself a samurai
(x=17, y=13)

map:
                                                                                
                                                                                
                                                                                
                                                                                
                                                                                
                                                                                
                                                                                
                                                                                
                                                                                
                                                                                
              -------                                                           
              |.....|                                                           
              |..@..|                                                           
              |.....|                                                           
              |.....|                                                           
              |.....|                                                           
              -------                                                           
                                                                                
                                                                                
                                                                                
                                                                                
Agent the Hatamoto             St:17 Dx:16 Co:18 In:9 Wi:7 Ch:8 Lawful S:0      
Dlvl:1 $:0 HP:15(15) Pw:2(2) AC:4 Xp:1/0                                        

",0.0,False
28,north,,"message:


language observation:
vertical wall near east, southeast, southwest, and west
horizontal wall near south
horizontal wall adjacent north, northeast, and northwest
stairs up adjacent south

cursor:
Yourself a samurai
(x=17, y=12)

map:
                                                                                
                                                                                
                                                                                
                                                                                
                                                                                
                                                                                
                                                                                
                                                                                
                                                                                
                                                                                
              -------                                                           
              |..@..|                                                           
              |..<..|                                                           
              |.....|                                                           
              |.....|                                                           
              |.....|                                                           
              -------                                                           
                                                                                
                                                                                
                                                                                
                                                                                
Agent the Hatamoto             St:17 Dx:16 Co:18 In:9 Wi:7 Ch:8 Lawful S:0      
Dlvl:1 $:0 HP:15(15) Pw:2(2) AC:4 Xp:1/0                                        

",-0.01,False
29,south,,"message:


language observation:
vertical wall near east, southeast, southwest, and west
horizontal wall near south
horizontal wall very near north, northeast, and northwest

cursor:
Yourself a samurai
(x=17, y=13)

map:
                                                                                
                                                                                
                                                                                
                                                                                
                                                                                
                                                                                
                                                                                
                                                                                
                                                                                
                                                                                
              -------                                                           
              |.....|                                                           
              |..@..|                                                           
              |.....|                                                           
              |.....|                                                           
              |.....|                                                           
              -------                                                           
                                                                                
                                                                                
                                                                                
                                                                                
Agent the Hatamoto             St:17 Dx:16 Co:18 In:9 Wi:7 Ch:8 Lawful S:0      
Dlvl:1 $:0 HP:15(15) Pw:2(2) AC:4 Xp:1/0                                        

",0.0,False
30,search,,"message:


language observation:
vertical wall near east, southeast, southwest, and west
horizontal wall near south
horizontal wall very near north, northeast, and northwest

cursor:
Yourself a samurai
(x=17, y=13)

map:
                                                                                
                                                                                
                                                                                
                                                                                
                                                                                
                                                                                
                                                                                
                                                                                
                                                                                
                                                                                
              -------                                                           
              |.....|                                                           
              |..@..|                                                           
              |.....|                                                           
              |.....|                                                           
              |.....|                                                           
              -------                                                           
                                                                                
                                                                                
                                                                                
                                                                                
Agent the Hatamoto             St:17 Dx:16 Co:18 In:9 Wi:7 Ch:8 Lawful S:0      
Dlvl:1 $:0 HP:15(15) Pw:2(2) AC:4 Xp:1/0                                        

",0.0,False
31,search,,"message:


language observation:
vertical wall near east, southeast, southwest, and west
horizontal wall near south
horizontal wall very near north, northeast, and northwest

cursor:
Yourself a samurai
(x=17, y=13)

map:
                                                                                
                                                                                
                                                                                
                                                                                
                                                                                
                                                                                
                                                                                
                                                                                
                                                                                
                                                                                
              -------                                                           
              |.....|                                                           
              |..@..|                                                           
              |.....|                                                           
              |.....|                                                           
              |.....|                                                           
              -------                                                           
                                                                                
                                                                                
                                                                                
                                                                                
Agent the Hatamoto             St:17 Dx:16 Co:18 In:9 Wi:7 Ch:8 Lawful S:0      
Dlvl:1 $:0 HP:15(15) Pw:2(2) AC:4 Xp:1/0                                        

",0.0,False
32,search,,"message:


language observation:
vertical wall near east, southeast, southwest, and west
horizontal wall near south
horizontal wall very near north, northeast, and northwest

cursor:
Yourself a samurai
(x=17, y=13)

map:
                                                                                
                                                                                
                                                                                
                                                                                
                                                                                
                                                                                
                                                                                
                                                                                
                                                                                
                                                                                
              -------                                                           
              |.....|                                                           
              |..@..|                                                           
              |.....|                                                           
              |.....|                                                           
              |.....|                                                           
              -------                                                           
                                                                                
                                                                                
                                                                                
                                                                                
Agent the Hatamoto             St:17 Dx:16 Co:18 In:9 Wi:7 Ch:8 Lawful S:0      
Dlvl:1 $:0 HP:15(15) Pw:2(2) AC:4 Xp:1/0                                        

",0.0,False
33,north,,"message:


language observation:
vertical wall near east, southeast, southwest, and west
horizontal wall near south
horizontal wall adjacent north, northeast, and northwest
stairs up adjacent south

cursor:
Yourself a samurai
(x=17, y=12)

map:
                                                                                
                                                                                
                                                                                
                                                                                
                                                                                
                                                                                
                                                                                
                                                                                
                                                                                
                                                                                
              -------                                                           
              |..@..|                                                           
              |..<..|                                                           
              |.....|                                                           
              |.....|                                                           
              |.....|                                                           
              -------                                                           
                                                                                
                                                                                
                                                                                
                                                                                
Agent the Hatamoto             St:17 Dx:16 Co:18 In:9 Wi:7 Ch:8 Lawful S:0      
Dlvl:1 $:0 HP:15(15) Pw:2(2) AC:4 Xp:1/0                                        

",0.0,False
34,south,,"message:


language observation:
vertical wall near east, southeast, southwest, and west
horizontal wall near south
horizontal wall very near north, northeast, and northwest

cursor:
Yourself a samurai
(x=17, y=13)

map:
                                                                                
                                                                                
                                                                                
                                                                                
                                                                                
                                                                                
                                                                                
                                                                                
                                                                                
                                                                                
              -------                                                           
              |.....|                                                           
              |..@..|                                                           
              |.....|                                                           
              |.....|                                                           
              |.....|                                                           
              -------                                                           
                                                                                
                                                                                
                                                                                
                                                                                
Agent the Hatamoto             St:17 Dx:16 Co:18 In:9 Wi:7 Ch:8 Lawful S:0      
Dlvl:1 $:0 HP:15(15) Pw:2(2) AC:4 Xp:1/0                                        

",0.0,False
35,search,,"message:


language observation:
vertical wall near east, southeast, southwest, and west
horizontal wall near south
horizontal wall very near north, northeast, and northwest

cursor:
Yourself a samurai
(x=17, y=13)

map:
                                                                                
                                                                                
                                                                                
                                                                                
                                                                                
                                                                                
                                                                                
                                                                                
                                                                                
                                                                                
              -------                                                           
              |.....|                                                           
              |..@..|                                                           
              |.....|                                                           
              |.....|                                                           
              |.....|                                                           
              -------                                                           
                                                                                
                                                                                
                                                                                
                                                                                
Agent the Hatamoto             St:17 Dx:16 Co:18 In:9 Wi:7 Ch:8 Lawful S:0      
Dlvl:1 $:0 HP:15(15) Pw:2(2) AC:4 Xp:1/0                                        

",0.0,False
36,search,,"message:


language observation:
vertical wall near east, southeast, southwest, and west
horizontal wall near south
horizontal wall very near north, northeast, and northwest

cursor:
Yourself a samurai
(x=17, y=13)

map:
                                                                                
                                                                                
                                                                                
                                                                                
                                                                                
                                                                                
                                                                                
                                                                                
                                                                                
                                                                                
              -------                                                           
              |.....|                                                           
              |..@..|                                                           
              |.....|                                                           
              |.....|                                                           
              |.....|                                                           
              -------                                                           
                                                                                
                                                                                
                                                                                
                                                                                
Agent the Hatamoto             St:17 Dx:16 Co:18 In:9 Wi:7 Ch:8 Lawful S:0      
Dlvl:1 $:0 HP:15(15) Pw:2(2) AC:4 Xp:1/0                                        

",0.0,False
37,search,,"message:


language observation:
vertical wall near east, southeast, southwest, and west
horizontal wall near south
horizontal wall very near north, northeast, and northwest

cursor:
Yourself a samurai
(x=17, y=13)

map:
                                                                                
                                                                                
                                                                                
                                                                                
                                                                                
                                                                                
                                                                                
                                                                                
                                                                                
                                                                                
              -------                                                           
              |.....|                                                           
              |..@..|                                                           
              |.....|                                                           
              |.....|                                                           
              |.....|                                                           
              -------                                                           
                                                                                
                                                                                
                                                                                
                                                                                
Agent the Hatamoto             St:17 Dx:16 Co:18 In:9 Wi:7 Ch:8 Lawful S:0      
Dlvl:1 $:0 HP:15(15) Pw:2(2) AC:4 Xp:1/0                                        

",0.0,False
38,north,,"message:


language observation:
vertical wall near east, southeast, southwest, and west
horizontal wall near south
horizontal wall adjacent north, northeast, and northwest
stairs up adjacent south

cursor:
Yourself a samurai
(x=17, y=12)

map:
                                                                                
                                                                                
                                                                                
                                                                                
                                                                                
                                                                                
                                                                                
                                                                                
                                                                                
                                                                                
              -------                                                           
              |..@..|                                                           
              |..<..|                                                           
              |.....|                                                           
              |.....|                                                           
              |.....|                                                           
              -------                                                           
                                                                                
                                                                                
                                                                                
                                                                                
Agent the Hatamoto             St:17 Dx:16 Co:18 In:9 Wi:7 Ch:8 Lawful S:0      
Dlvl:1 $:0 HP:15(15) Pw:2(2) AC:4 Xp:1/0                                        

",-0.01,False
39,south,,"message:


language observation:
vertical wall near east, southeast, southwest, and west
horizontal wall near south
horizontal wall very near north, northeast, and northwest

cursor:
Yourself a samurai
(x=17, y=13)

map:
                                                                                
                                                                                
                                                                                
                                                                                
                                                                                
                                                                                
                                                                                
                                                                                
                                                                                
                                                                                
              -------                                                           
              |.....|                                                           
              |..@..|                                                           
              |.....|                                                           
              |.....|                                                           
              |.....|                                                           
              -------                                                           
                                                                                
                                                                                
                                                                                
                                                                                
Agent the Hatamoto             St:17 Dx:16 Co:18 In:9 Wi:7 Ch:8 Lawful S:0      
Dlvl:1 $:0 HP:15(15) Pw:2(2) AC:4 Xp:1/0                                        

",0.0,False
40,search,,"message:


language observation:
vertical wall near east, southeast, southwest, and west
horizontal wall near south
horizontal wall very near north, northeast, and northwest

cursor:
Yourself a samurai
(x=17, y=13)

map:
                                                                                
                                                                                
                                                                                
                                                                                
                                                                                
                                                                                
                                                                                
                                                                                
                                                                                
                                                                                
              -------                                                           
              |.....|                                                           
              |..@..|                                                           
              |.....|                                                           
              |.....|                                                           
              |.....|                                                           
              -------                                                           
                                                                                
                                                                                
                                                                                
                                                                                
Agent the Hatamoto             St:17 Dx:16 Co:18 In:9 Wi:7 Ch:8 Lawful S:0      
Dlvl:1 $:0 HP:15(15) Pw:2(2) AC:4 Xp:1/0                                        

",0.0,False
41,search,,"message:


language observation:
vertical wall near east, southeast, southwest, and west
horizontal wall near south
horizontal wall very near north, northeast, and northwest

cursor:
Yourself a samurai
(x=17, y=13)

map:
                                                                                
                                                                                
                                                                                
                                                                                
                                                                                
                                                                                
                                                                                
                                                                                
                                                                                
                                                                                
              -------                                                           
              |.....|                                                           
              |..@..|                                                           
              |.....|                                                           
              |.....|                                                           
              |.....|                                                           
              -------                                                           
                                                                                
                                                                                
                                                                                
                                                                                
Agent the Hatamoto             St:17 Dx:16 Co:18 In:9 Wi:7 Ch:8 Lawful S:0      
Dlvl:1 $:0 HP:15(15) Pw:2(2) AC:4 Xp:1/0                                        

",-0.01,False
42,north,,"message:


language observation:
vertical wall near east, southeast, southwest, and west
horizontal wall near south
horizontal wall adjacent north, northeast, and northwest
stairs up adjacent south

cursor:
Yourself a samurai
(x=17, y=12)

map:
                                                                                
                                                                                
                                                                                
                                                                                
                                                                                
                                                                                
                                                                                
                                                                                
                                                                                
                                                                                
              -------                                                           
              |..@..|                                                           
              |..<..|                                                           
              |.....|                                                           
              |.....|                                                           
              |.....|                                                           
              -------                                                           
                                                                                
                                                                                
                                                                                
                                                                                
Agent the Hatamoto             St:17 Dx:16 Co:18 In:9 Wi:7 Ch:8 Lawful S:0      
Dlvl:1 $:0 HP:15(15) Pw:2(2) AC:4 Xp:1/0                                        

",0.0,False
43,south,,"message:


language observation:
vertical wall near east, southeast, southwest, and west
horizontal wall near south
horizontal wall very near north, northeast, and northwest

cursor:
Yourself a samurai
(x=17, y=13)

map:
                                                                                
                                                                                
                                                                                
                                                                                
                                                                                
                                                                                
                                                                                
                                                                                
                                                                                
                                                                                
              -------                                                           
              |.....|                                                           
              |..@..|                                                           
              |.....|                                                           
              |.....|                                                           
              |.....|                                                           
              -------                                                           
                                                                                
                                                                                
                                                                                
                                                                                
Agent the Hatamoto             St:17 Dx:16 Co:18 In:9 Wi:7 Ch:8 Lawful S:0      
Dlvl:1 $:0 HP:15(15) Pw:2(2) AC:4 Xp:1/0                                        

",0.0,False
44,search,,"message:


language observation:
vertical wall near east, southeast, southwest, and west
horizontal wall near south
horizontal wall very near north, northeast, and northwest

cursor:
Yourself a samurai
(x=17, y=13)

map:
                                                                                
                                                                                
                                                                                
                                                                                
                                                                                
                                                                                
                                                                                
                                                                                
                                                                                
                                                                                
              -------                                                           
              |.....|                                                           
              |..@..|                                                           
              |.....|                                                           
              |.....|                                                           
              |.....|                                                           
              -------                                                           
                                                                                
                                                                                
                                                                                
                                                                                
Agent the Hatamoto             St:17 Dx:16 Co:18 In:9 Wi:7 Ch:8 Lawful S:0      
Dlvl:1 $:0 HP:15(15) Pw:2(2) AC:4 Xp:1/0                                        

",-0.01,False
45,search,,"message:


language observation:
vertical wall near east, southeast, southwest, and west
horizontal wall near south
horizontal wall very near north, northeast, and northwest

cursor:
Yourself a samurai
(x=17, y=13)

map:
                                                                                
                                                                                
                                                                                
                                                                                
                                                                                
                                                                                
                                                                                
                                                                                
                                                                                
                                                                                
              -------                                                           
              |.....|                                                           
              |..@..|                                                           
              |.....|                                                           
              |.....|                                                           
              |.....|                                                           
              -------                                                           
                                                                                
                                                                                
                                                                                
                                                                                
Agent the Hatamoto             St:17 Dx:16 Co:18 In:9 Wi:7 Ch:8 Lawful S:0      
Dlvl:1 $:0 HP:15(15) Pw:2(2) AC:4 Xp:1/0                                        

",0.0,False
46,north,,"message:


language observation:
vertical wall near east, southeast, southwest, and west
horizontal wall near south
horizontal wall adjacent north, northeast, and northwest
stairs up adjacent south

cursor:
Yourself a samurai
(x=17, y=12)

map:
                                                                                
                                                                                
                                                                                
                                                                                
                                                                                
                                                                                
                                                                                
                                                                                
                                                                                
                                                                                
              -------                                                           
              |..@..|                                                           
              |..<..|                                                           
              |.....|                                                           
              |.....|                                                           
              |.....|                                                           
              -------                                                           
                                                                                
                                                                                
                                                                                
                                                                                
Agent the Hatamoto             St:17 Dx:16 Co:18 In:9 Wi:7 Ch:8 Lawful S:0      
Dlvl:1 $:0 HP:15(15) Pw:2(2) AC:4 Xp:1/0                                        

",0.0,False
47,south,,"message:


language observation:
vertical wall near east, southeast, southwest, and west
horizontal wall near south
horizontal wall very near north, northeast, and northwest

cursor:
Yourself a samurai
(x=17, y=13)

map:
                                                                                
                                                                                
                                                                                
                                                                                
                                                                                
                                                                                
                                                                                
                                                                                
                                                                                
                                                                                
              -------                                                           
              |.....|                                                           
              |..@..|                                                           
              |.....|                                                           
              |.....|                                                           
              |.....|                                                           
              -------                                                           
                                                                                
                                                                                
                                                                                
                                                                                
Agent the Hatamoto             St:17 Dx:16 Co:18 In:9 Wi:7 Ch:8 Lawful S:0      
Dlvl:1 $:0 HP:15(15) Pw:2(2) AC:4 Xp:1/0                                        

",0.0,False
48,search,,"message:


language observation:
vertical wall near east, southeast, southwest, and west
horizontal wall near south
horizontal wall very near north, northeast, and northwest

cursor:
Yourself a samurai
(x=17, y=13)

map:
                                                                                
                                                                                
                                                                                
                                                                                
                                                                                
                                                                                
                                                                                
                                                                                
                                                                                
                                                                                
              -------                                                           
              |.....|                                                           
              |..@..|                                                           
              |.....|                                                           
              |.....|                                                           
              |.....|                                                           
              -------                                                           
                                                                                
                                                                                
                                                                                
                                                                                
Agent the Hatamoto             St:17 Dx:16 Co:18 In:9 Wi:7 Ch:8 Lawful S:0      
Dlvl:1 $:0 HP:15(15) Pw:2(2) AC:4 Xp:1/0                                        

",0.0,False
49,search,,"message:


language observation:
vertical wall near east, southeast, southwest, and west
horizontal wall near south
horizontal wall very near north, northeast, and northwest

cursor:
Yourself a samurai
(x=17, y=13)

map:
                                                                                
                                                                                
                                                                                
                                                                                
                                                                                
                                                                                
                                                                                
                                                                                
                                                                                
                                                                                
              -------                                                           
              |.....|                                                           
              |..@..|                                                           
              |.....|                                                           
              |.....|                                                           
              |.....|                                                           
              -------                                                           
                                                                                
                                                                                
                                                                                
                                                                                
Agent the Hatamoto             St:17 Dx:16 Co:18 In:9 Wi:7 Ch:8 Lawful S:0      
Dlvl:1 $:0 HP:15(15) Pw:2(2) AC:4 Xp:1/0                                        

",-0.01,False
50,north,,"message:


language observation:
vertical wall near east, southeast, southwest, and west
horizontal wall near south
horizontal wall adjacent north, northeast, and northwest
stairs up adjacent south

cursor:
Yourself a samurai
(x=17, y=12)

map:
                                                                                
                                                                                
                                                                                
                                                                                
                                                                                
                                                                                
                                                                                
                                                                                
                                                                                
                                                                                
              -------                                                           
              |..@..|                                                           
              |..<..|                                                           
              |.....|                                                           
              |.....|                                                           
              |.....|                                                           
              -------                                                           
                                                                                
                                                                                
                                                                                
                                                                                
Agent the Hatamoto             St:17 Dx:16 Co:18 In:9 Wi:7 Ch:8 Lawful S:0      
Dlvl:1 $:0 HP:15(15) Pw:2(2) AC:4 Xp:1/0                                        

",0.0,False
51,south,,"message:


language observation:
vertical wall near east, southeast, southwest, and west
horizontal wall near south
horizontal wall very near north, northeast, and northwest

cursor:
Yourself a samurai
(x=17, y=13)

map:
                                                                                
                                                                                
                                                                                
                                                                                
                                                                                
                                                                                
                                                                                
                                                                                
                                                                                
                                                                                
              -------                                                           
              |.....|                                                           
              |..@..|                                                           
              |.....|                                                           
              |.....|                                                           
              |.....|                                                           
              -------                                                           
                                                                                
                                                                                
                                                                                
                                                                                
Agent the Hatamoto             St:17 Dx:16 Co:18 In:9 Wi:7 Ch:8 Lawful S:0      
Dlvl:1 $:0 HP:15(15) Pw:2(2) AC:4 Xp:1/0                                        

",0.0,False
52,search,,"message:


language observation:
vertical wall near east, southeast, southwest, and west
horizontal wall near south
horizontal wall very near north, northeast, and northwest

cursor:
Yourself a samurai
(x=17, y=13)

map:
                                                                                
                                                                                
                                                                                
                                                                                
                                                                                
                                                                                
                                                                                
                                                                                
                                                                                
                                                                                
              -------                                                           
              |.....|                                                           
              |..@..|                                                           
              |.....|                                                           
              |.....|                                                           
              |.....|                                                           
              -------                                                           
                                                                                
                                                                                
                                                                                
                                                                                
Agent the Hatamoto             St:17 Dx:16 Co:18 In:9 Wi:7 Ch:8 Lawful S:0      
Dlvl:1 $:0 HP:15(15) Pw:2(2) AC:4 Xp:1/0                                        

",-0.01,False
53,search,,"message:


language observation:
vertical wall near east, southeast, southwest, and west
horizontal wall near south
horizontal wall very near north, northeast, and northwest

cursor:
Yourself a samurai
(x=17, y=13)

map:
                                                                                
                                                                                
                                                                                
                                                                                
                                                                                
                                                                                
                                                                                
                                                                                
                                                                                
                                                                                
              -------                                                           
              |.....|                                                           
              |..@..|                                                           
              |.....|                                                           
              |.....|                                                           
              |.....|                                                           
              -------                                                           
                                                                                
                                                                                
                                                                                
                                                                                
Agent the Hatamoto             St:17 Dx:16 Co:18 In:9 Wi:7 Ch:8 Lawful S:0      
Dlvl:1 $:0 HP:15(15) Pw:2(2) AC:4 Xp:1/0                                        

",0.0,False
54,north,,"message:


language observation:
vertical wall near east, southeast, southwest, and west
horizontal wall near south
horizontal wall adjacent north, northeast, and northwest
stairs up adjacent south

cursor:
Yourself a samurai
(x=17, y=12)

map:
                                                                                
                                                                                
                                                                                
                                                                                
                                                                                
                                                                                
                                                                                
                                                                                
                                                                                
                                                                                
              -------                                                           
              |..@..|                                                           
              |..<..|                                                           
              |.....|                                                           
              |.....|                                                           
              |.....|                                                           
              -------                                                           
                                                                                
                                                                                
                                                                                
                                                                                
Agent the Hatamoto             St:17 Dx:16 Co:18 In:9 Wi:7 Ch:8 Lawful S:0      
Dlvl:1 $:0 HP:15(15) Pw:2(2) AC:4 Xp:1/0                                        

",0.0,False
55,south,,"message:


language observation:
vertical wall near east, southeast, southwest, and west
horizontal wall near south
horizontal wall very near north, northeast, and northwest

cursor:
Yourself a samurai
(x=17, y=13)

map:
                                                                                
                                                                                
                                                                                
                                                                                
                                                                                
                                                                                
                                                                                
                                                                                
                                                                                
                                                                                
              -------                                                           
              |.....|                                                           
              |..@..|                                                           
              |.....|                                                           
              |.....|                                                           
              |.....|                                                           
              -------                                                           
                                                                                
                                                                                
                                                                                
                                                                                
Agent the Hatamoto             St:17 Dx:16 Co:18 In:9 Wi:7 Ch:8 Lawful S:0      
Dlvl:1 $:0 HP:15(15) Pw:2(2) AC:4 Xp:1/0                                        

",0.0,False
56,search,,"message:


language observation:
vertical wall near east, southeast, southwest, and west
horizontal wall near south
horizontal wall very near north, northeast, and northwest

cursor:
Yourself a samurai
(x=17, y=13)

map:
                                                                                
                                                                                
                                                                                
                                                                                
                                                                                
                                                                                
                                                                                
                                                                                
                                                                                
                                                                                
              -------                                                           
              |.....|                                                           
              |..@..|                                                           
              |.....|                                                           
              |.....|                                                           
              |.....|                                                           
              -------                                                           
                                                                                
                                                                                
                                                                                
                                                                                
Agent the Hatamoto             St:17 Dx:16 Co:18 In:9 Wi:7 Ch:8 Lawful S:0      
Dlvl:1 $:0 HP:15(15) Pw:2(2) AC:4 Xp:1/0                                        

",-0.01,False
57,search,,"message:


language observation:
vertical wall near east, southeast, southwest, and west
horizontal wall near south
horizontal wall very near north, northeast, and northwest

cursor:
Yourself a samurai
(x=17, y=13)

map:
                                                                                
                                                                                
                                                                                
                                                                                
                                                                                
                                                                                
                                                                                
                                                                                
                                                                                
                                                                                
              -------                                                           
              |.....|                                                           
              |..@..|                                                           
              |.....|                                                           
              |.....|                                                           
              |.....|                                                           
              -------                                                           
                                                                                
                                                                                
                                                                                
                                                                                
Agent the Hatamoto             St:17 Dx:16 Co:18 In:9 Wi:7 Ch:8 Lawful S:0      
Dlvl:1 $:0 HP:15(15) Pw:2(2) AC:4 Xp:1/0                                        

",0.0,False
58,north,,"message:


language observation:
vertical wall near east, southeast, southwest, and west
horizontal wall near south
horizontal wall adjacent north, northeast, and northwest
stairs up adjacent south

cursor:
Yourself a samurai
(x=17, y=12)

map:
                                                                                
                                                                                
                                                                                
                                                                                
                                                                                
                                                                                
                                                                                
                                                                                
                                                                                
                                                                                
              -------                                                           
              |..@..|                                                           
              |..<..|                                                           
              |.....|                                                           
              |.....|                                                           
              |.....|                                                           
              -------                                                           
                                                                                
                                                                                
                                                                                
                                                                                
Agent the Hatamoto             St:17 Dx:16 Co:18 In:9 Wi:7 Ch:8 Lawful S:0      
Dlvl:1 $:0 HP:15(15) Pw:2(2) AC:4 Xp:1/0                                        

",0.0,False
59,south,,"message:


language observation:
vertical wall near east, southeast, southwest, and west
horizontal wall near south
horizontal wall very near north, northeast, and northwest

cursor:
Yourself a samurai
(x=17, y=13)

map:
                                                                                
                                                                                
                                                                                
                                                                                
                                                                                
                                                                                
                                                                                
                                                                                
                                                                                
                                                                                
              -------                                                           
              |.....|                                                           
              |..@..|                                                           
              |.....|                                                           
              |.....|                                                           
              |.....|                                                           
              -------                                                           
                                                                                
                                                                                
                                                                                
                                                                                
Agent the Hatamoto             St:17 Dx:16 Co:18 In:9 Wi:7 Ch:8 Lawful S:0      
Dlvl:1 $:0 HP:15(15) Pw:2(2) AC:4 Xp:1/0                                        

",-0.01,False
60,search,,"message:


language observation:
vertical wall near east, southeast, southwest, and west
horizontal wall near south
horizontal wall very near north, northeast, and northwest

cursor:
Yourself a samurai
(x=17, y=13)

map:
                                                                                
                                                                                
                                                                                
                                                                                
                                                                                
                                                                                
                                                                                
                                                                                
                                                                                
                                                                                
              -------                                                           
              |.....|                                                           
              |..@..|                                                           
              |.....|                                                           
              |.....|                                                           
              |.....|                                                           
              -------                                                           
                                                                                
                                                                                
                                                                                
                                                                                
Agent the Hatamoto             St:17 Dx:16 Co:18 In:9 Wi:7 Ch:8 Lawful S:0      
Dlvl:1 $:0 HP:15(15) Pw:2(2) AC:4 Xp:1/0                                        

",0.0,False
61,search,,"message:


language observation:
vertical wall near east, southeast, southwest, and west
horizontal wall near south
horizontal wall very near north, northeast, and northwest

cursor:
Yourself a samurai
(x=17, y=13)

map:
                                                                                
                                                                                
                                                                                
                                                                                
                                                                                
                                                                                
                                                                                
                                                                                
                                                                                
                                                                                
              -------                                                           
              |.....|                                                           
              |..@..|                                                           
              |.....|                                                           
              |.....|                                                           
              |.....|                                                           
              -------                                                           
                                                                                
                                                                                
                                                                                
                                                                                
Agent the Hatamoto             St:17 Dx:16 Co:18 In:9 Wi:7 Ch:8 Lawful S:0      
Dlvl:1 $:0 HP:15(15) Pw:2(2) AC:4 Xp:1/0                                        

",0.0,False
62,search,,"message:


language observation:
vertical wall near east, southeast, southwest, and west
horizontal wall near south
horizontal wall very near north, northeast, and northwest

cursor:
Yourself a samurai
(x=17, y=13)

map:
                                                                                
                                                                                
                                                                                
                                                                                
                                                                                
                                                                                
                                                                                
                                                                                
                                                                                
                                                                                
              -------                                                           
              |.....|                                                           
              |..@..|                                                           
              |.....|                                                           
              |.....|                                                           
              |.....|                                                           
              -------                                                           
                                                                                
                                                                                
                                                                                
                                                                                
Agent the Hatamoto             St:17 Dx:16 Co:18 In:9 Wi:7 Ch:8 Lawful S:0      
Dlvl:1 $:0 HP:15(15) Pw:2(2) AC:4 Xp:1/0                                        

",0.0,False
63,north,,"message:


language observation:
vertical wall near east, southeast, southwest, and west
horizontal wall near south
horizontal wall adjacent north, northeast, and northwest
stairs up adjacent south

cursor:
Yourself a samurai
(x=17, y=12)

map:
                                                                                
                                                                                
                                                                                
                                                                                
                                                                                
                                                                                
                                                                                
                                                                                
                                                                                
                                                                                
              -------                                                           
              |..@..|                                                           
              |..<..|                                                           
              |.....|                                                           
              |.....|                                                           
              |.....|                                                           
              -------                                                           
                                                                                
                                                                                
                                                                                
                                                                                
Agent the Hatamoto             St:17 Dx:16 Co:18 In:9 Wi:7 Ch:8 Lawful S:0      
Dlvl:1 $:0 HP:15(15) Pw:2(2) AC:4 Xp:1/0                                        

",0.0,False
64,south,,"message:


language observation:
vertical wall near east, southeast, southwest, and west
horizontal wall near south
horizontal wall very near north, northeast, and northwest

cursor:
Yourself a samurai
(x=17, y=13)

map:
                                                                                
                                                                                
                                                                                
                                                                                
                                                                                
                                                                                
                                                                                
                                                                                
                                                                                
                                                                                
              -------                                                           
              |.....|                                                           
              |..@..|                                                           
              |.....|                                                           
              |.....|                                                           
              |.....|                                                           
              -------                                                           
                                                                                
                                                                                
                                                                                
                                                                                
Agent the Hatamoto             St:17 Dx:16 Co:18 In:9 Wi:7 Ch:8 Lawful S:0      
Dlvl:1 $:0 HP:15(15) Pw:2(2) AC:4 Xp:1/0                                        

",0.0,False
65,search,,"message:


language observation:
vertical wall near east, southeast, southwest, and west
horizontal wall near south
horizontal wall very near north, northeast, and northwest

cursor:
Yourself a samurai
(x=17, y=13)

map:
                                                                                
                                                                                
                                                                                
                                                                                
                                                                                
                                                                                
                                                                                
                                                                                
                                                                                
                                                                                
              -------                                                           
              |.....|                                                           
              |..@..|                                                           
              |.....|                                                           
              |.....|                                                           
              |.....|                                                           
              -------                                                           
                                                                                
                                                                                
                                                                                
                                                                                
Agent the Hatamoto             St:17 Dx:16 Co:18 In:9 Wi:7 Ch:8 Lawful S:0      
Dlvl:1 $:0 HP:15(15) Pw:2(2) AC:4 Xp:1/0                                        

",-0.01,False
66,search,,"message:


language observation:
vertical wall near east, southeast, southwest, and west
horizontal wall near south
horizontal wall very near north, northeast, and northwest

cursor:
Yourself a samurai
(x=17, y=13)

map:
                                                                                
                                                                                
                                                                                
                                                                                
                                                                                
                                                                                
                                                                                
                                                                                
                                                                                
                                                                                
              -------                                                           
              |.....|                                                           
              |..@..|                                                           
              |.....|                                                           
              |.....|                                                           
              |.....|                                                           
              -------                                                           
                                                                                
                                                                                
                                                                                
                                                                                
Agent the Hatamoto             St:17 Dx:16 Co:18 In:9 Wi:7 Ch:8 Lawful S:0      
Dlvl:1 $:0 HP:15(15) Pw:2(2) AC:4 Xp:1/0                                        

",0.0,False
67,north,,"message:


language observation:
vertical wall near east, southeast, southwest, and west
horizontal wall near south
horizontal wall adjacent north, northeast, and northwest
stairs up adjacent south

cursor:
Yourself a samurai
(x=17, y=12)

map:
                                                                                
                                                                                
                                                                                
                                                                                
                                                                                
                                                                                
                                                                                
                                                                                
                                                                                
                                                                                
              -------                                                           
              |..@..|                                                           
              |..<..|                                                           
              |.....|                                                           
              |.....|                                                           
              |.....|                                                           
              -------                                                           
                                                                                
                                                                                
                                                                                
                                                                                
Agent the Hatamoto             St:17 Dx:16 Co:18 In:9 Wi:7 Ch:8 Lawful S:0      
Dlvl:1 $:0 HP:15(15) Pw:2(2) AC:4 Xp:1/0                                        

",0.0,False
68,south,,"message:


language observation:
vertical wall near east, southeast, southwest, and west
horizontal wall near south
horizontal wall very near north, northeast, and northwest

cursor:
Yourself a samurai
(x=17, y=13)

map:
                                                                                
                                                                                
                                                                                
                                                                                
                                                                                
                                                                                
                                                                                
                                                                                
                                                                                
                                                                                
              -------                                                           
              |.....|                                                           
              |..@..|                                                           
              |.....|                                                           
              |.....|                                                           
              |.....|                                                           
              -------                                                           
                                                                                
                                                                                
                                                                                
                                                                                
Agent the Hatamoto             St:17 Dx:16 Co:18 In:9 Wi:7 Ch:8 Lawful S:0      
Dlvl:1 $:0 HP:15(15) Pw:2(2) AC:4 Xp:1/0                                        

",0.0,False
69,search,,"message:


language observation:
vertical wall near east, southeast, southwest, and west
horizontal wall near south
horizontal wall very near north, northeast, and northwest

cursor:
Yourself a samurai
(x=17, y=13)

map:
                                                                                
                                                                                
                                                                                
                                                                                
                                                                                
                                                                                
                                                                                
                                                                                
                                                                                
                                                                                
              -------                                                           
              |.....|                                                           
              |..@..|                                                           
              |.....|                                                           
              |.....|                                                           
              |.....|                                                           
              -------                                                           
                                                                                
                                                                                
                                                                                
                                                                                
Agent the Hatamoto             St:17 Dx:16 Co:18 In:9 Wi:7 Ch:8 Lawful S:0      
Dlvl:1 $:0 HP:15(15) Pw:2(2) AC:4 Xp:1/0                                        

",-0.01,False
70,search,,"message:


language observation:
vertical wall near east, southeast, southwest, and west
horizontal wall near south
horizontal wall very near north, northeast, and northwest

cursor:
Yourself a samurai
(x=17, y=13)

map:
                                                                                
                                                                                
                                                                                
                                                                                
                                                                                
                                                                                
                                                                                
                                                                                
                                                                                
                                                                                
              -------                                                           
              |.....|                                                           
              |..@..|                                                           
              |.....|                                                           
              |.....|                                                           
              |.....|                                                           
              -------                                                           
                                                                                
                                                                                
                                                                                
                                                                                
Agent the Hatamoto             St:17 Dx:16 Co:18 In:9 Wi:7 Ch:8 Lawful S:0      
Dlvl:1 $:0 HP:15(15) Pw:2(2) AC:4 Xp:1/0                                        

",0.0,False
71,north,,"message:


language observation:
vertical wall near east, southeast, southwest, and west
horizontal wall near south
horizontal wall adjacent north, northeast, and northwest
stairs up adjacent south

cursor:
Yourself a samurai
(x=17, y=12)

map:
                                                                                
                                                                                
                                                                                
                                                                                
                                                                                
                                                                                
                                                                                
                                                                                
                                                                                
                                                                                
              -------                                                           
              |..@..|                                                           
              |..<..|                                                           
              |.....|                                                           
              |.....|                                                           
              |.....|                                                           
              -------                                                           
                                                                                
                                                                                
                                                                                
                                                                                
Agent the Hatamoto             St:17 Dx:16 Co:18 In:9 Wi:7 Ch:8 Lawful S:0      
Dlvl:1 $:0 HP:15(15) Pw:2(2) AC:4 Xp:1/0                                        

",0.0,False
72,south,,"message:


language observation:
vertical wall near east, southeast, southwest, and west
horizontal wall near south
horizontal wall very near north, northeast, and northwest

cursor:
Yourself a samurai
(x=17, y=13)

map:
                                                                                
                                                                                
                                                                                
                                                                                
                                                                                
                                                                                
                                                                                
                                                                                
                                                                                
                                                                                
              -------                                                           
              |.....|                                                           
              |..@..|                                                           
              |.....|                                                           
              |.....|                                                           
              |.....|                                                           
              -------                                                           
                                                                                
                                                                                
                                                                                
                                                                                
Agent the Hatamoto             St:17 Dx:16 Co:18 In:9 Wi:7 Ch:8 Lawful S:0      
Dlvl:1 $:0 HP:15(15) Pw:2(2) AC:4 Xp:1/0                                        

",0.0,False
73,search,,"message:


language observation:
vertical wall near east, southeast, southwest, and west
horizontal wall near south
horizontal wall very near north, northeast, and northwest

cursor:
Yourself a samurai
(x=17, y=13)

map:
                                                                                
                                                                                
                                                                                
                                                                                
                                                                                
                                                                                
                                                                                
                                                                                
                                                                                
                                                                                
              -------                                                           
              |.....|                                                           
              |..@..|                                                           
              |.....|                                                           
              |.....|                                                           
              |.....|                                                           
              -------                                                           
                                                                                
                                                                                
                                                                                
                                                                                
Agent the Hatamoto             St:17 Dx:16 Co:18 In:9 Wi:7 Ch:8 Lawful S:0      
Dlvl:1 $:0 HP:15(15) Pw:2(2) AC:4 Xp:1/0                                        

",-0.01,False
74,search,,"message:


language observation:
vertical wall near east, southeast, southwest, and west
horizontal wall near south
horizontal wall very near north, northeast, and northwest

cursor:
Yourself a samurai
(x=17, y=13)

map:
                                                                                
                                                                                
                                                                                
                                                                                
                                                                                
                                                                                
                                                                                
                                                                                
                                                                                
                                                                                
              -------                                                           
              |.....|                                                           
              |..@..|                                                           
              |.....|                                                           
              |.....|                                                           
              |.....|                                                           
              -------                                                           
                                                                                
                                                                                
                                                                                
                                                                                
Agent the Hatamoto             St:17 Dx:16 Co:18 In:9 Wi:7 Ch:8 Lawful S:0      
Dlvl:1 $:0 HP:15(15) Pw:2(2) AC:4 Xp:1/0                                        

",0.0,False
75,north,,"message:


language observation:
vertical wall near east, southeast, southwest, and west
horizontal wall near south
horizontal wall adjacent north, northeast, and northwest
stairs up adjacent south

cursor:
Yourself a samurai
(x=17, y=12)

map:
                                                                                
                                                                                
                                                                                
                                                                                
                                                                                
                                                                                
                                                                                
                                                                                
                                                                                
                                                                                
              -------                                                           
              |..@..|                                                           
              |..<..|                                                           
              |.....|                                                           
              |.....|                                                           
              |.....|                                                           
              -------                                                           
                                                                                
                                                                                
                                                                                
                                                                                
Agent the Hatamoto             St:17 Dx:16 Co:18 In:9 Wi:7 Ch:8 Lawful S:0      
Dlvl:1 $:0 HP:15(15) Pw:2(2) AC:4 Xp:1/0                                        

",-0.01,False
76,south,,"message:


language observation:
vertical wall near east, southeast, southwest, and west
horizontal wall near south
horizontal wall very near north, northeast, and northwest

cursor:
Yourself a samurai
(x=17, y=13)

map:
                                                                                
                                                                                
                                                                                
                                                                                
                                                                                
                                                                                
                                                                                
                                                                                
                                                                                
                                                                                
              -------                                                           
              |.....|                                                           
              |..@..|                                                           
              |.....|                                                           
              |.....|                                                           
              |.....|                                                           
              -------                                                           
                                                                                
                                                                                
                                                                                
                                                                                
Agent the Hatamoto             St:17 Dx:16 Co:18 In:9 Wi:7 Ch:8 Lawful S:0      
Dlvl:1 $:0 HP:15(15) Pw:2(2) AC:4 Xp:1/0                                        

",0.0,False
77,search,,"message:


language observation:
vertical wall near east, southeast, southwest, and west
horizontal wall near south
horizontal wall very near north, northeast, and northwest

cursor:
Yourself a samurai
(x=17, y=13)

map:
                                                                                
                                                                                
                                                                                
                                                                                
                                                                                
                                                                                
                                                                                
                                                                                
                                                                                
                                                                                
              -------                                                           
              |.....|                                                           
              |..@..|                                                           
              |.....|                                                           
              |.....|                                                           
              |.....|                                                           
              -------                                                           
                                                                                
                                                                                
                                                                                
                                                                                
Agent the Hatamoto             St:17 Dx:16 Co:18 In:9 Wi:7 Ch:8 Lawful S:0      
Dlvl:1 $:0 HP:15(15) Pw:2(2) AC:4 Xp:1/0                                        

",-0.01,False
78,search,,"message:


language observation:
vertical wall near east, southeast, southwest, and west
horizontal wall near south
horizontal wall very near north, northeast, and northwest

cursor:
Yourself a samurai
(x=17, y=13)

map:
                                                                                
                                                                                
                                                                                
                                                                                
                                                                                
                                                                                
                                                                                
                                                                                
                                                                                
                                                                                
              -------                                                           
              |.....|                                                           
              |..@..|                                                           
              |.....|                                                           
              |.....|                                                           
              |.....|                                                           
              -------                                                           
                                                                                
                                                                                
                                                                                
                                                                                
Agent the Hatamoto             St:17 Dx:16 Co:18 In:9 Wi:7 Ch:8 Lawful S:0      
Dlvl:1 $:0 HP:15(15) Pw:2(2) AC:4 Xp:1/0                                        

",0.0,False
79,north,,"message:


language observation:
vertical wall near east, southeast, southwest, and west
horizontal wall near south
horizontal wall adjacent north, northeast, and northwest
stairs up adjacent south

cursor:
Yourself a samurai
(x=17, y=12)

map:
                                                                                
                                                                                
                                                                                
                                                                                
                                                                                
                                                                                
                                                                                
                                                                                
                                                                                
                                                                                
              -------                                                           
              |..@..|                                                           
              |..<..|                                                           
              |.....|                                                           
              |.....|                                                           
              |.....|                                                           
              -------                                                           
                                                                                
                                                                                
                                                                                
                                                                                
Agent the Hatamoto             St:17 Dx:16 Co:18 In:9 Wi:7 Ch:8 Lawful S:0      
Dlvl:1 $:0 HP:15(15) Pw:2(2) AC:4 Xp:1/0                                        

",-0.01,False
80,south,,"message:


language observation:
vertical wall near east, southeast, southwest, and west
horizontal wall near south
horizontal wall very near north, northeast, and northwest

cursor:
Yourself a samurai
(x=17, y=13)

map:
                                                                                
                                                                                
                                                                                
                                                                                
                                                                                
                                                                                
                                                                                
                                                                                
                                                                                
                                                                                
              -------                                                           
              |.....|                                                           
              |..@..|                                                           
              |.....|                                                           
              |.....|                                                           
              |.....|                                                           
              -------                                                           
                                                                                
                                                                                
                                                                                
                                                                                
Agent the Hatamoto             St:17 Dx:16 Co:18 In:9 Wi:7 Ch:8 Lawful S:0      
Dlvl:1 $:0 HP:15(15) Pw:2(2) AC:4 Xp:1/0                                        

",0.0,False
81,search,,"message:


language observation:
vertical wall near east, southeast, southwest, and west
horizontal wall near south
horizontal wall very near north, northeast, and northwest

cursor:
Yourself a samurai
(x=17, y=13)

map:
                                                                                
                                                                                
                                                                                
                                                                                
                                                                                
                                                                                
                                                                                
                                                                                
                                                                                
                                                                                
              -------                                                           
              |.....|                                                           
              |..@..|                                                           
              |.....|                                                           
              |.....|                                                           
              |.....|                                                           
              -------                                                           
                                                                                
                                                                                
                                                                                
                                                                                
Agent the Hatamoto             St:17 Dx:16 Co:18 In:9 Wi:7 Ch:8 Lawful S:0      
Dlvl:1 $:0 HP:15(15) Pw:2(2) AC:4 Xp:1/0                                        

",0.0,False
82,search,,"message:


language observation:
vertical wall near east, southeast, southwest, and west
horizontal wall near south
horizontal wall very near north, northeast, and northwest

cursor:
Yourself a samurai
(x=17, y=13)

map:
                                                                                
                                                                                
                                                                                
                                                                                
                                                                                
                                                                                
                                                                                
                                                                                
                                                                                
                                                                                
              -------                                                           
              |.....|                                                           
              |..@..|                                                           
              |.....|                                                           
              |.....|                                                           
              |.....|                                                           
              -------                                                           
                                                                                
                                                                                
                                                                                
                                                                                
Agent the Hatamoto             St:17 Dx:16 Co:18 In:9 Wi:7 Ch:8 Lawful S:0      
Dlvl:1 $:0 HP:15(15) Pw:2(2) AC:4 Xp:1/0                                        

",-0.01,False
83,search,,"message:


language observation:
vertical wall near east, southeast, southwest, and west
horizontal wall near south
horizontal wall very near north, northeast, and northwest

cursor:
Yourself a samurai
(x=17, y=13)

map:
                                                                                
                                                                                
                                                                                
                                                                                
                                                                                
                                                                                
                                                                                
                                                                                
                                                                                
                                                                                
              -------                                                           
              |.....|                                                           
              |..@..|                                                           
              |.....|                                                           
              |.....|                                                           
              |.....|                                                           
              -------                                                           
                                                                                
                                                                                
                                                                                
                                                                                
Agent the Hatamoto             St:17 Dx:16 Co:18 In:9 Wi:7 Ch:8 Lawful S:0      
Dlvl:1 $:0 HP:15(15) Pw:2(2) AC:4 Xp:1/0                                        

",0.0,False
84,north,,"message:


language observation:
vertical wall near east, southeast, southwest, and west
horizontal wall near south
horizontal wall adjacent north, northeast, and northwest
stairs up adjacent south

cursor:
Yourself a samurai
(x=17, y=12)

map:
                                                                                
                                                                                
                                                                                
                                                                                
                                                                                
                                                                                
                                                                                
                                                                                
                                                                                
                                                                                
              -------                                                           
              |..@..|                                                           
              |..<..|                                                           
              |.....|                                                           
              |.....|                                                           
              |.....|                                                           
              -------                                                           
                                                                                
                                                                                
                                                                                
                                                                                
Agent the Hatamoto             St:17 Dx:16 Co:18 In:9 Wi:7 Ch:8 Lawful S:0      
Dlvl:1 $:0 HP:15(15) Pw:2(2) AC:4 Xp:1/0                                        

",0.0,False
85,south,,"message:


language observation:
vertical wall near east, southeast, southwest, and west
horizontal wall near south
horizontal wall very near north, northeast, and northwest

cursor:
Yourself a samurai
(x=17, y=13)

map:
                                                                                
                                                                                
                                                                                
                                                                                
                                                                                
                                                                                
                                                                                
                                                                                
                                                                                
                                                                                
              -------                                                           
              |.....|                                                           
              |..@..|                                                           
              |.....|                                                           
              |.....|                                                           
              |.....|                                                           
              -------                                                           
                                                                                
                                                                                
                                                                                
                                                                                
Agent the Hatamoto             St:17 Dx:16 Co:18 In:9 Wi:7 Ch:8 Lawful S:0      
Dlvl:1 $:0 HP:15(15) Pw:2(2) AC:4 Xp:1/0                                        

",0.0,False
86,search,,"message:


language observation:
vertical wall near east, southeast, southwest, and west
horizontal wall near south
horizontal wall very near north, northeast, and northwest

cursor:
Yourself a samurai
(x=17, y=13)

map:
                                                                                
                                                                                
                                                                                
                                                                                
                                                                                
                                                                                
                                                                                
                                                                                
                                                                                
                                                                                
              -------                                                           
              |.....|                                                           
              |..@..|                                                           
              |.....|                                                           
              |.....|                                                           
              |.....|                                                           
              -------                                                           
                                                                                
                                                                                
                                                                                
                                                                                
Agent the Hatamoto             St:17 Dx:16 Co:18 In:9 Wi:7 Ch:8 Lawful S:0      
Dlvl:1 $:0 HP:15(15) Pw:2(2) AC:4 Xp:1/0                                        

",0.0,False
87,search,,"message:


language observation:
vertical wall near east, southeast, southwest, and west
horizontal wall near south
horizontal wall very near north, northeast, and northwest

cursor:
Yourself a samurai
(x=17, y=13)

map:
                                                                                
                                                                                
                                                                                
                                                                                
                                                                                
                                                                                
                                                                                
                                                                                
                                                                                
                                                                                
              -------                                                           
              |.....|                                                           
              |..@..|                                                           
              |.....|                                                           
              |.....|                                                           
              |.....|                                                           
              -------                                                           
                                                                                
                                                                                
                                                                                
                                                                                
Agent the Hatamoto             St:17 Dx:16 Co:18 In:9 Wi:7 Ch:8 Lawful S:0      
Dlvl:1 $:0 HP:15(15) Pw:2(2) AC:4 Xp:1/0                                        

",0.0,False
88,search,,"message:


language observation:
vertical wall near east, southeast, southwest, and west
horizontal wall near south
horizontal wall very near north, northeast, and northwest

cursor:
Yourself a samurai
(x=17, y=13)

map:
                                                                                
                                                                                
                                                                                
                                                                                
                                                                                
                                                                                
                                                                                
                                                                                
                                                                                
                                                                                
              -------                                                           
              |.....|                                                           
              |..@..|                                                           
              |.....|                                                           
              |.....|                                                           
              |.....|                                                           
              -------                                                           
                                                                                
                                                                                
                                                                                
                                                                                
Agent the Hatamoto             St:17 Dx:16 Co:18 In:9 Wi:7 Ch:8 Lawful S:0      
Dlvl:1 $:0 HP:15(15) Pw:2(2) AC:4 Xp:1/0                                        

",0.0,False
89,north,,"message:


language observation:
vertical wall near east, southeast, southwest, and west
horizontal wall near south
horizontal wall adjacent north, northeast, and northwest
stairs up adjacent south

cursor:
Yourself a samurai
(x=17, y=12)

map:
                                                                                
                                                                                
                                                                                
                                                                                
                                                                                
                                                                                
                                                                                
                                                                                
                                                                                
                                                                                
              -------                                                           
              |..@..|                                                           
              |..<..|                                                           
              |.....|                                                           
              |.....|                                                           
              |.....|                                                           
              -------                                                           
                                                                                
                                                                                
                                                                                
                                                                                
Agent the Hatamoto             St:17 Dx:16 Co:18 In:9 Wi:7 Ch:8 Lawful S:0      
Dlvl:1 $:0 HP:15(15) Pw:2(2) AC:4 Xp:1/0                                        

",0.0,False
90,south,,"message:


language observation:
vertical wall near east, southeast, southwest, and west
horizontal wall near south
horizontal wall very near north, northeast, and northwest

cursor:
Yourself a samurai
(x=17, y=13)

map:
                                                                                
                                                                                
                                                                                
                                                                                
                                                                                
                                                                                
                                                                                
                                                                                
                                                                                
                                                                                
              -------                                                           
              |.....|                                                           
              |..@..|                                                           
              |.....|                                                           
              |.....|                                                           
              |.....|                                                           
              -------                                                           
                                                                                
                                                                                
                                                                                
                                                                                
Agent the Hatamoto             St:17 Dx:16 Co:18 In:9 Wi:7 Ch:8 Lawful S:0      
Dlvl:1 $:0 HP:15(15) Pw:2(2) AC:4 Xp:1/0                                        

",-0.01,False
91,search,,"message:


language observation:
vertical wall near east, southeast, southwest, and west
horizontal wall near south
horizontal wall very near north, northeast, and northwest

cursor:
Yourself a samurai
(x=17, y=13)

map:
                                                                                
                                                                                
                                                                                
                                                                                
                                                                                
                                                                                
                                                                                
                                                                                
                                                                                
                                                                                
              -------                                                           
              |.....|                                                           
              |..@..|                                                           
              |.....|                                                           
              |.....|                                                           
              |.....|                                                           
              -------                                                           
                                                                                
                                                                                
                                                                                
                                                                                
Agent the Hatamoto             St:17 Dx:16 Co:18 In:9 Wi:7 Ch:8 Lawful S:0      
Dlvl:1 $:0 HP:15(15) Pw:2(2) AC:4 Xp:1/0                                        

",0.0,False
92,search,,"message:


language observation:
vertical wall near east, southeast, southwest, and west
horizontal wall near south
horizontal wall very near north, northeast, and northwest

cursor:
Yourself a samurai
(x=17, y=13)

map:
                                                                                
                                                                                
                                                                                
                                                                                
                                                                                
                                                                                
                                                                                
                                                                                
                                                                                
                                                                                
              -------                                                           
              |.....|                                                           
              |..@..|                                                           
              |.....|                                                           
              |.....|                                                           
              |.....|                                                           
              -------                                                           
                                                                                
                                                                                
                                                                                
                                                                                
Agent the Hatamoto             St:17 Dx:16 Co:18 In:9 Wi:7 Ch:8 Lawful S:0      
Dlvl:1 $:0 HP:15(15) Pw:2(2) AC:4 Xp:1/0                                        

",0.0,False
93,north,,"message:


language observation:
vertical wall near east, southeast, southwest, and west
horizontal wall near south
horizontal wall adjacent north, northeast, and northwest
stairs up adjacent south

cursor:
Yourself a samurai
(x=17, y=12)

map:
                                                                                
                                                                                
                                                                                
                                                                                
                                                                                
                                                                                
                                                                                
                                                                                
                                                                                
                                                                                
              -------                                                           
              |..@..|                                                           
              |..<..|                                                           
              |.....|                                                           
              |.....|                                                           
              |.....|                                                           
              -------                                                           
                                                                                
                                                                                
                                                                                
                                                                                
Agent the Hatamoto             St:17 Dx:16 Co:18 In:9 Wi:7 Ch:8 Lawful S:0      
Dlvl:1 $:0 HP:15(15) Pw:2(2) AC:4 Xp:1/0                                        

",0.0,False
94,south,,"message:


language observation:
vertical wall near east, southeast, southwest, and west
horizontal wall near south
horizontal wall very near north, northeast, and northwest

cursor:
Yourself a samurai
(x=17, y=13)

map:
                                                                                
                                                                                
                                                                                
                                                                                
                                                                                
                                                                                
                                                                                
                                                                                
                                                                                
                                                                                
              -------                                                           
              |.....|                                                           
              |..@..|                                                           
              |.....|                                                           
              |.....|                                                           
              |.....|                                                           
              -------                                                           
                                                                                
                                                                                
                                                                                
                                                                                
Agent the Hatamoto             St:17 Dx:16 Co:18 In:9 Wi:7 Ch:8 Lawful S:0      
Dlvl:1 $:0 HP:15(15) Pw:2(2) AC:4 Xp:1/0                                        

",0.0,False
95,search,,"message:


language observation:
vertical wall near east, southeast, southwest, and west
horizontal wall near south
horizontal wall very near north, northeast, and northwest

cursor:
Yourself a samurai
(x=17, y=13)

map:
                                                                                
                                                                                
                                                                                
                                                                                
                                                                                
                                                                                
                                                                                
                                                                                
                                                                                
                                                                                
              -------                                                           
              |.....|                                                           
              |..@..|                                                           
              |.....|                                                           
              |.....|                                                           
              |.....|                                                           
              -------                                                           
                                                                                
                                                                                
                                                                                
                                                                                
Agent the Hatamoto             St:17 Dx:16 Co:18 In:9 Wi:7 Ch:8 Lawful S:0      
Dlvl:1 $:0 HP:15(15) Pw:2(2) AC:4 Xp:1/0                                        

",0.0,False
96,search,,"message:


language observation:
vertical wall near east, southeast, southwest, and west
horizontal wall near south
horizontal wall very near north, northeast, and northwest

cursor:
Yourself a samurai
(x=17, y=13)

map:
                                                                                
                                                                                
                                                                                
                                                                                
                                                                                
                                                                                
                                                                                
                                                                                
                                                                                
                                                                                
              -------                                                           
              |.....|                                                           
              |..@..|                                                           
              |.....|                                                           
              |.....|                                                           
              |.....|                                                           
              -------                                                           
                                                                                
                                                                                
                                                                                
                                                                                
Agent the Hatamoto             St:17 Dx:16 Co:18 In:9 Wi:7 Ch:8 Lawful S:0      
Dlvl:1 $:0 HP:15(15) Pw:2(2) AC:4 Xp:1/0                                        

",0.0,False
97,north,,"message:


language observation:
vertical wall near east, southeast, southwest, and west
horizontal wall near south
horizontal wall adjacent north, northeast, and northwest
stairs up adjacent south

cursor:
Yourself a samurai
(x=17, y=12)

map:
                                                                                
                                                                                
                                                                                
                                                                                
                                                                                
                                                                                
                                                                                
                                                                                
                                                                                
                                                                                
              -------                                                           
              |..@..|                                                           
              |..<..|                                                           
              |.....|                                                           
              |.....|                                                           
              |.....|                                                           
              -------                                                           
                                                                                
                                                                                
                                                                                
                                                                                
Agent the Hatamoto             St:17 Dx:16 Co:18 In:9 Wi:7 Ch:8 Lawful S:0      
Dlvl:1 $:0 HP:15(15) Pw:2(2) AC:4 Xp:1/0                                        

",0.0,False
98,south,,"message:


language observation:
vertical wall near east, southeast, southwest, and west
horizontal wall near south
horizontal wall very near north, northeast, and northwest

cursor:
Yourself a samurai
(x=17, y=13)

map:
                                                                                
                                                                                
                                                                                
                                                                                
                                                                                
                                                                                
                                                                                
                                                                                
                                                                                
                                                                                
              -------                                                           
              |.....|                                                           
              |..@..|                                                           
              |.....|                                                           
              |.....|                                                           
              |.....|                                                           
              -------                                                           
                                                                                
                                                                                
                                                                                
                                                                                
Agent the Hatamoto             St:17 Dx:16 Co:18 In:9 Wi:7 Ch:8 Lawful S:0      
Dlvl:1 $:0 HP:15(15) Pw:2(2) AC:4 Xp:1/0                                        

",0.0,False
99,search,,"message:
 
No  Points     Name                                                   Hp [max]
0  Agent-Sam-Hum-Fem-Law quit in The Dungeons of Doom on
level 1.                                               15  [15]


language observation:
dark area adjacent east, southeast, and south

cursor:
very far eastsoutheast 
(x=77, y=6)

map:
 No  Points     Name                                                   Hp [max] 
                                                                                
            0  Agent-Sam-Hum-Fem-Law quit in The Dungeons of Doom on            
                                                                                
              level 1.                                               15  [15]   
                                                                                
                                                                                
                                                                                
                                                                                
                                                                                
                                                                                
                                                                                
                                                                                
                                                                                
                                                                                
                                                                                
                                                                                
                                                                                
                                                                                
                                                                                
                                                                                
                                                                                
                                                                                

",0.0,True
