Step,Action,Reasoning,Observation,Reward,Done
0,south,,"message:
It's solid stone.

language observation:
dark area near southwest
dark area very near east, southeast, and west
dark area adjacent north, northeast, south, and northwest

cursor:
Yourself a rogue
(x=39, y=8)

map:
                                                                                
                                                                                
                                                                                
                                                                                
                                                                                
                                                                                
                                                                                
                                      .@.                                       
                                      . .                                       
                                     .. .                                       
                                                                                
                                                                                
                                                                                
                                                                                
                                                                                
                                                                                
                                                                                
                                                                                
                                                                                
                                                                                
                                                                                
Agent the Footpad              St:11 Dx:18 Co:10 In:12 Wi:13 Ch:11 Chaotic S:0  
Dlvl:1 $:0 HP:11(11) Pw:2(2) AC:7 Xp:1/0                                        

",-0.01,False
1,north,,"message:
It's solid stone.

language observation:
dark area near southwest
dark area very near east, southeast, and west
dark area adjacent north, northeast, south, and northwest

cursor:
Yourself a rogue
(x=39, y=8)

map:
                                                                                
                                                                                
                                                                                
                                                                                
                                                                                
                                                                                
                                                                                
                                      .@.                                       
                                      . .                                       
                                     .. .                                       
                                                                                
                                                                                
                                                                                
                                                                                
                                                                                
                                                                                
                                                                                
                                                                                
                                                                                
                                                                                
                                                                                
Agent the Footpad              St:11 Dx:18 Co:10 In:12 Wi:13 Ch:11 Chaotic S:0  
Dlvl:1 $:0 HP:11(11) Pw:2(2) AC:7 Xp:1/0                                        

",-0.01,False
2,east,,"message:


language observation:
dark area near south and west
dark area adjacent north, northeast, east, southeast, southwest, and northwest
stairs up adjacent west

cursor:
Yourself a rogue
(x=40, y=8)

map:
                                                                                
                                                                                
                                                                                
                                                                                
                                                                                
                                                                                
                                                                                
                                      .<@                                       
                                      . .                                       
                                     .. .                                       
                                        .                                       
                                        .                                       
                                                                                
                                                                                
                                                                                
                                                                                
                                                                                
                                                                                
                                                                                
                                                                                
                                                                                
Agent the Footpad              St:11 Dx:18 Co:10 In:12 Wi:13 Ch:11 Chaotic S:0  
Dlvl:1 $:0 HP:11(11) Pw:2(2) AC:7 Xp:1/0                                        

",0.0,False
3,west,,"message:


language observation:
dark area near southwest
dark area very near east, southeast, and west
dark area adjacent north, northeast, south, and northwest

cursor:
Yourself a rogue
(x=39, y=8)

map:
                                                                                
                                                                                
                                                                                
                                                                                
                                                                                
                                                                                
                                                                                
                                      .@.                                       
                                      . .                                       
                                     .. .                                       
                                        .                                       
                                        .                                       
                                                                                
                                                                                
                                                                                
                                                                                
                                                                                
                                                                                
                                                                                
                                                                                
                                                                                
Agent the Footpad              St:11 Dx:18 Co:10 In:12 Wi:13 Ch:11 Chaotic S:0  
Dlvl:1 $:0 HP:11(11) Pw:2(2) AC:7 Xp:1/0                                        

",0.0,False
4,west,,"message:


language observation:
dark area near east and south
dark area adjacent north, northeast, southeast, southwest, west, and northwest
stairs up adjacent east

cursor:
Yourself a rogue
(x=38, y=8)

map:
                                                                                
                                                                                
                                                                                
                                                                                
                                                                                
                                                                                
                                                                                
                                      @<.                                       
                                      . .                                       
                                     .. .                                       
                                        .                                       
                                        .                                       
                                                                                
                                                                                
                                                                                
                                                                                
                                                                                
                                                                                
                                                                                
                                                                                
                                                                                
Agent the Footpad              St:11 Dx:18 Co:10 In:12 Wi:13 Ch:11 Chaotic S:0  
Dlvl:1 $:0 HP:11(11) Pw:2(2) AC:7 Xp:1/0                                        

",0.0,False
5,east,,"message:


language observation:
dark area near southwest
dark area very near east, southeast, and west
dark area adjacent north, northeast, south, and northwest

cursor:
Yourself a rogue
(x=39, y=8)

map:
                                                                                
                                                                                
                                                                                
                                                                                
                                                                                
                                                                                
                                                                                
                                      .@.                                       
                                      . .                                       
                                     .. .                                       
                                        .                                       
                                        .                                       
                                                                                
                                                                                
                                                                                
                                                                                
                                                                                
                                                                                
                                                                                
                                                                                
                                                                                
Agent the Footpad              St:11 Dx:18 Co:10 In:12 Wi:13 Ch:11 Chaotic S:0  
Dlvl:1 $:0 HP:11(11) Pw:2(2) AC:7 Xp:1/0                                        

",0.0,False
6,east,,"message:


language observation:
dark area near south and west
dark area adjacent north, northeast, east, southeast, southwest, and northwest
stairs up adjacent west

cursor:
Yourself a rogue
(x=40, y=8)

map:
                                                                                
                                                                                
                                                                                
                                                                                
                                                                                
                                                                                
                                                                                
                                      .<@                                       
                                      . .                                       
                                     .. .                                       
                                        .                                       
                                        .                                       
                                                                                
                                                                                
                                                                                
                                                                                
                                                                                
                                                                                
                                                                                
                                                                                
                                                                                
Agent the Footpad              St:11 Dx:18 Co:10 In:12 Wi:13 Ch:11 Chaotic S:0  
Dlvl:1 $:0 HP:11(11) Pw:2(2) AC:7 Xp:1/0                                        

",0.0,False
7,west,,"message:


language observation:
dark area near southwest
dark area very near east, southeast, and west
dark area adjacent north, northeast, south, and northwest

cursor:
Yourself a rogue
(x=39, y=8)

map:
                                                                                
                                                                                
                                                                                
                                                                                
                                                                                
                                                                                
                                                                                
                                      .@.                                       
                                      . .                                       
                                     .. .                                       
                                        .                                       
                                        .                                       
                                                                                
                                                                                
                                                                                
                                                                                
                                                                                
                                                                                
                                                                                
                                                                                
                                                                                
Agent the Footpad              St:11 Dx:18 Co:10 In:12 Wi:13 Ch:11 Chaotic S:0  
Dlvl:1 $:0 HP:11(11) Pw:2(2) AC:7 Xp:1/0                                        

",0.0,False
8,west,,"message:


language observation:
dark area near east and south
dark area adjacent north, northeast, southeast, southwest, west, and northwest
stairs up adjacent east

cursor:
Yourself a rogue
(x=38, y=8)

map:
                                                                                
                                                                                
                                                                                
                                                                                
                                                                                
                                                                                
                                                                                
                                      @<.                                       
                                      . .                                       
                                     .. .                                       
                                        .                                       
                                        .                                       
                                                                                
                                                                                
                                                                                
                                                                                
                                                                                
                                                                                
                                                                                
                                                                                
                                                                                
Agent the Footpad              St:11 Dx:18 Co:10 In:12 Wi:13 Ch:11 Chaotic S:0  
Dlvl:1 $:0 HP:11(11) Pw:2(2) AC:7 Xp:1/0                                        

",0.0,False
9,east,,"message:


language observation:
dark area near southwest
dark area very near east, southeast, and west
dark area adjacent north, northeast, south, and northwest

cursor:
Yourself a rogue
(x=39, y=8)

map:
                                                                                
                                                                                
                                                                                
                                                                                
                                                                                
                                                                                
                                                                                
                                      .@.                                       
                                      . .                                       
                                     .. .                                       
                                        .                                       
                                        .                                       
                                                                                
                                                                                
                                                                                
                                                                                
                                                                                
                                                                                
                                                                                
                                                                                
                                                                                
Agent the Footpad              St:11 Dx:18 Co:10 In:12 Wi:13 Ch:11 Chaotic S:0  
Dlvl:1 $:0 HP:11(11) Pw:2(2) AC:7 Xp:1/0                                        

",0.0,False
10,east,,"message:


language observation:
dark area near south and west
dark area adjacent north, northeast, east, southeast, southwest, and northwest
stairs up adjacent west

cursor:
Yourself a rogue
(x=40, y=8)

map:
                                                                                
                                                                                
                                                                                
                                                                                
                                                                                
                                                                                
                                                                                
                                      .<@                                       
                                      . .                                       
                                     .. .                                       
                                        .                                       
                                        .                                       
                                                                                
                                                                                
                                                                                
                                                                                
                                                                                
                                                                                
                                                                                
                                                                                
                                                                                
Agent the Footpad              St:11 Dx:18 Co:10 In:12 Wi:13 Ch:11 Chaotic S:0  
Dlvl:1 $:0 HP:11(11) Pw:2(2) AC:7 Xp:1/0                                        

",0.0,False
11,west,,"message:


language observation:
dark area near southwest
dark area very near east, southeast, and west
dark area adjacent north, northeast, south, and northwest

cursor:
Yourself a rogue
(x=39, y=8)

map:
                                                                                
                                                                                
                                                                                
                                                                                
                                                                                
                                                                                
                                                                                
                                      .@.                                       
                                      . .                                       
                                     .. .                                       
                                        .                                       
                                        .                                       
                                                                                
                                                                                
                                                                                
                                                                                
                                                                                
                                                                                
                                                                                
                                                                                
                                                                                
Agent the Footpad              St:11 Dx:18 Co:10 In:12 Wi:13 Ch:11 Chaotic S:0  
Dlvl:1 $:0 HP:11(11) Pw:2(2) AC:7 Xp:1/0                                        

",0.0,False
12,west,,"message:


language observation:
dark area near east and south
dark area adjacent north, northeast, southeast, southwest, west, and northwest
stairs up adjacent east

cursor:
Yourself a rogue
(x=38, y=8)

map:
                                                                                
                                                                                
                                                                                
                                                                                
                                                                                
                                                                                
                                                                                
                                      @<.                                       
                                      . .                                       
                                     .. .                                       
                                        .                                       
                                        .                                       
                                                                                
                                                                                
                                                                                
                                                                                
                                                                                
                                                                                
                                                                                
                                                                                
                                                                                
Agent the Footpad              St:11 Dx:18 Co:10 In:12 Wi:13 Ch:11 Chaotic S:0  
Dlvl:1 $:0 HP:11(11) Pw:2(2) AC:7 Xp:1/0                                        

",0.0,False
13,east,,"message:


language observation:
dark area near southwest
dark area very near east, southeast, and west
dark area adjacent north, northeast, south, and northwest

cursor:
Yourself a rogue
(x=39, y=8)

map:
                                                                                
                                                                                
                                                                                
                                                                                
                                                                                
                                                                                
                                                                                
                                      .@.                                       
                                      . .                                       
                                     .. .                                       
                                        .                                       
                                        .                                       
                                                                                
                                                                                
                                                                                
                                                                                
                                                                                
                                                                                
                                                                                
                                                                                
                                                                                
Agent the Footpad              St:11 Dx:18 Co:10 In:12 Wi:13 Ch:11 Chaotic S:0  
Dlvl:1 $:0 HP:11(11) Pw:2(2) AC:7 Xp:1/0                                        

",0.0,False
14,west,,"message:


language observation:
dark area near east and south
dark area adjacent north, northeast, southeast, southwest, west, and northwest
stairs up adjacent east

cursor:
Yourself a rogue
(x=38, y=8)

map:
                                                                                
                                                                                
                                                                                
                                                                                
                                                                                
                                                                                
                                                                                
                                      @<.                                       
                                      . .                                       
                                     .. .                                       
                                        .                                       
                                        .                                       
                                                                                
                                                                                
                                                                                
                                                                                
                                                                                
                                                                                
                                                                                
                                                                                
                                                                                
Agent the Footpad              St:11 Dx:18 Co:10 In:12 Wi:13 Ch:11 Chaotic S:0  
Dlvl:1 $:0 HP:11(11) Pw:2(2) AC:7 Xp:1/0                                        

",0.0,False
15,east,,"message:


language observation:
dark area near southwest
dark area very near east, southeast, and west
dark area adjacent north, northeast, south, and northwest

cursor:
Yourself a rogue
(x=39, y=8)

map:
                                                                                
                                                                                
                                                                                
                                                                                
                                                                                
                                                                                
                                                                                
                                      .@.                                       
                                      . .                                       
                                     .. .                                       
                                        .                                       
                                        .                                       
                                                                                
                                                                                
                                                                                
                                                                                
                                                                                
                                                                                
                                                                                
                                                                                
                                                                                
Agent the Footpad              St:11 Dx:18 Co:10 In:12 Wi:13 Ch:11 Chaotic S:0  
Dlvl:1 $:0 HP:11(11) Pw:2(2) AC:7 Xp:1/0                                        

",0.0,False
16,west,,"message:


language observation:
dark area near east and south
dark area adjacent north, northeast, southeast, southwest, west, and northwest
stairs up adjacent east

cursor:
Yourself a rogue
(x=38, y=8)

map:
                                                                                
                                                                                
                                                                                
                                                                                
                                                                                
                                                                                
                                                                                
                                      @<.                                       
                                      . .                                       
                                     .. .                                       
                                        .                                       
                                        .                                       
                                                                                
                                                                                
                                                                                
                                                                                
                                                                                
                                                                                
                                                                                
                                                                                
                                                                                
Agent the Footpad              St:11 Dx:18 Co:10 In:12 Wi:13 Ch:11 Chaotic S:0  
Dlvl:1 $:0 HP:11(11) Pw:2(2) AC:7 Xp:1/0                                        

",0.0,False
17,east,,"message:


language observation:
dark area near southwest
dark area very near east, southeast, and west
dark area adjacent north, northeast, south, and northwest

cursor:
Yourself a rogue
(x=39, y=8)

map:
                                                                                
                                                                                
                                                                                
                                                                                
                                                                                
                                                                                
                                                                                
                                      .@.                                       
                                      . .                                       
                                     .. .                                       
                                        .                                       
                                        .                                       
                                                                                
                                                                                
                                                                                
                                                                                
                                                                                
                                                                                
                                                                                
                                                                                
                                                                                
Agent the Footpad              St:11 Dx:18 Co:10 In:12 Wi:13 Ch:11 Chaotic S:0  
Dlvl:1 $:0 HP:11(11) Pw:2(2) AC:7 Xp:1/0                                        

",0.0,False
18,east,,"message:


language observation:
dark area near south and west
dark area adjacent north, northeast, east, southeast, southwest, and northwest
stairs up adjacent west

cursor:
Yourself a rogue
(x=40, y=8)

map:
                                                                                
                                                                                
                                                                                
                                                                                
                                                                                
                                                                                
                                                                                
                                      .<@                                       
                                      . .                                       
                                     .. .                                       
                                        .                                       
                                        .                                       
                                                                                
                                                                                
                                                                                
                                                                                
                                                                                
                                                                                
                                                                                
                                                                                
                                                                                
Agent the Footpad              St:11 Dx:18 Co:10 In:12 Wi:13 Ch:11 Chaotic S:0  
Dlvl:1 $:0 HP:11(11) Pw:2(2) AC:7 Xp:1/0                                        

",0.0,False
19,west,,"message:


language observation:
dark area near southwest
dark area very near east, southeast, and west
dark area adjacent north, northeast, south, and northwest

cursor:
Yourself a rogue
(x=39, y=8)

map:
                                                                                
                                                                                
                                                                                
                                                                                
                                                                                
                                                                                
                                                                                
                                      .@.                                       
                                      . .                                       
                                     .. .                                       
                                        .                                       
                                        .                                       
                                                                                
                                                                                
                                                                                
                                                                                
                                                                                
                                                                                
                                                                                
                                                                                
                                                                                
Agent the Footpad              St:11 Dx:18 Co:10 In:12 Wi:13 Ch:11 Chaotic S:0  
Dlvl:1 $:0 HP:11(11) Pw:2(2) AC:7 Xp:1/0                                        

",0.0,False
20,west,,"message:


language observation:
dark area near east and south
dark area adjacent north, northeast, southeast, southwest, west, and northwest
stairs up adjacent east

cursor:
Yourself a rogue
(x=38, y=8)

map:
                                                                                
                                                                                
                                                                                
                                                                                
                                                                                
                                                                                
                                                                                
                                      @<.                                       
                                      . .                                       
                                     .. .                                       
                                        .                                       
                                        .                                       
                                                                                
                                                                                
                                                                                
                                                                                
                                                                                
                                                                                
                                                                                
                                                                                
                                                                                
Agent the Footpad              St:11 Dx:18 Co:10 In:12 Wi:13 Ch:11 Chaotic S:0  
Dlvl:1 $:0 HP:11(11) Pw:2(2) AC:7 Xp:1/0                                        

",0.0,False
21,east,,"message:


language observation:
dark area near southwest
dark area very near east, southeast, and west
dark area adjacent north, northeast, south, and northwest

cursor:
Yourself a rogue
(x=39, y=8)

map:
                                                                                
                                                                                
                                                                                
                                                                                
                                                                                
                                                                                
                                                                                
                                      .@.                                       
                                      . .                                       
                                     .. .                                       
                                        .                                       
                                        .                                       
                                                                                
                                                                                
                                                                                
                                                                                
                                                                                
                                                                                
                                                                                
                                                                                
                                                                                
Agent the Footpad              St:11 Dx:18 Co:10 In:12 Wi:13 Ch:11 Chaotic S:0  
Dlvl:1 $:0 HP:11(11) Pw:2(2) AC:7 Xp:1/0                                        

",0.0,False
22,north,,"message:
It's solid stone.

language observation:
dark area near southwest
dark area very near east, southeast, and west
dark area adjacent north, northeast, south, and northwest

cursor:
Yourself a rogue
(x=39, y=8)

map:
                                                                                
                                                                                
                                                                                
                                                                                
                                                                                
                                                                                
                                                                                
                                      .@.                                       
                                      . .                                       
                                     .. .                                       
                                        .                                       
                                        .                                       
                                                                                
                                                                                
                                                                                
                                                                                
                                                                                
                                                                                
                                                                                
                                                                                
                                                                                
Agent the Footpad              St:11 Dx:18 Co:10 In:12 Wi:13 Ch:11 Chaotic S:0  
Dlvl:1 $:0 HP:11(11) Pw:2(2) AC:7 Xp:1/0                                        

",-0.01,False
23,west,,"message:


language observation:
dark area near east and south
dark area adjacent north, northeast, southeast, southwest, west, and northwest
stairs up adjacent east

cursor:
Yourself a rogue
(x=38, y=8)

map:
                                                                                
                                                                                
                                                                                
                                                                                
                                                                                
                                                                                
                                                                                
                                      @<.                                       
                                      . .                                       
                                     .. .                                       
                                        .                                       
                                        .                                       
                                                                                
                                                                                
                                                                                
                                                                                
                                                                                
                                                                                
                                                                                
                                                                                
                                                                                
Agent the Footpad              St:11 Dx:18 Co:10 In:12 Wi:13 Ch:11 Chaotic S:0  
Dlvl:1 $:0 HP:11(11) Pw:2(2) AC:7 Xp:1/0                                        

",0.0,False
24,east,,"message:


language observation:
dark area near southwest
dark area very near east, southeast, and west
dark area adjacent north, northeast, south, and northwest

cursor:
Yourself a rogue
(x=39, y=8)

map:
                                                                                
                                                                                
                                                                                
                                                                                
                                                                                
                                                                                
                                                                                
                                      .@.                                       
                                      . .                                       
                                     .. .                                       
                                        .                                       
                                        .                                       
                                                                                
                                                                                
                                                                                
                                                                                
                                                                                
                                                                                
                                                                                
                                                                                
                                                                                
Agent the Footpad              St:11 Dx:18 Co:10 In:12 Wi:13 Ch:11 Chaotic S:0  
Dlvl:1 $:0 HP:11(11) Pw:2(2) AC:7 Xp:1/0                                        

",0.0,False
25,west,,"message:


language observation:
dark area near east and south
dark area adjacent north, northeast, southeast, southwest, west, and northwest
stairs up adjacent east

cursor:
Yourself a rogue
(x=38, y=8)

map:
                                                                                
                                                                                
                                                                                
                                                                                
                                                                                
                                                                                
                                                                                
                                      @<.                                       
                                      . .                                       
                                     .. .                                       
                                        .                                       
                                        .                                       
                                                                                
                                                                                
                                                                                
                                                                                
                                                                                
                                                                                
                                                                                
                                                                                
                                                                                
Agent the Footpad              St:11 Dx:18 Co:10 In:12 Wi:13 Ch:11 Chaotic S:0  
Dlvl:1 $:0 HP:11(11) Pw:2(2) AC:7 Xp:1/0                                        

",0.0,False
26,east,,"message:


language observation:
dark area near southwest
dark area very near east, southeast, and west
dark area adjacent north, northeast, south, and northwest

cursor:
Yourself a rogue
(x=39, y=8)

map:
                                                                                
                                                                                
                                                                                
                                                                                
                                                                                
                                                                                
                                                                                
                                      .@.                                       
                                      . .                                       
                                     .. .                                       
                                        .                                       
                                        .                                       
                                                                                
                                                                                
                                                                                
                                                                                
                                                                                
                                                                                
                                                                                
                                                                                
                                                                                
Agent the Footpad              St:11 Dx:18 Co:10 In:12 Wi:13 Ch:11 Chaotic S:0  
Dlvl:1 $:0 HP:11(11) Pw:2(2) AC:7 Xp:1/0                                        

",0.0,False
27,east,,"message:


language observation:
dark area near south and west
dark area adjacent north, northeast, east, southeast, southwest, and northwest
stairs up adjacent west

cursor:
Yourself a rogue
(x=40, y=8)

map:
                                                                                
                                                                                
                                                                                
                                                                                
                                                                                
                                                                                
                                                                                
                                      .<@                                       
                                      . .                                       
                                     .. .                                       
                                        .                                       
                                        .                                       
                                                                                
                                                                                
                                                                                
                                                                                
                                                                                
                                                                                
                                                                                
                                                                                
                                                                                
Agent the Footpad              St:11 Dx:18 Co:10 In:12 Wi:13 Ch:11 Chaotic S:0  
Dlvl:1 $:0 HP:11(11) Pw:2(2) AC:7 Xp:1/0                                        

",0.0,False
28,west,,"message:


language observation:
dark area near southwest
dark area very near east, southeast, and west
dark area adjacent north, northeast, south, and northwest

cursor:
Yourself a rogue
(x=39, y=8)

map:
                                                                                
                                                                                
                                                                                
                                                                                
                                                                                
                                                                                
                                                                                
                                      .@.                                       
                                      . .                                       
                                     .. .                                       
                                        .                                       
                                        .                                       
                                                                                
                                                                                
                                                                                
                                                                                
                                                                                
                                                                                
                                                                                
                                                                                
                                                                                
Agent the Footpad              St:11 Dx:18 Co:10 In:12 Wi:13 Ch:11 Chaotic S:0  
Dlvl:1 $:0 HP:11(11) Pw:2(2) AC:7 Xp:1/0                                        

",0.0,False
29,east,,"message:


language observation:
dark area near south and west
dark area adjacent north, northeast, east, southeast, southwest, and northwest
stairs up adjacent west

cursor:
Yourself a rogue
(x=40, y=8)

map:
                                                                                
                                                                                
                                                                                
                                                                                
                                                                                
                                                                                
                                                                                
                                      .<@                                       
                                      . .                                       
                                     .. .                                       
                                        .                                       
                                        .                                       
                                                                                
                                                                                
                                                                                
                                                                                
                                                                                
                                                                                
                                                                                
                                                                                
                                                                                
Agent the Footpad              St:11 Dx:18 Co:10 In:12 Wi:13 Ch:11 Chaotic S:0  
Dlvl:1 $:0 HP:11(11) Pw:2(2) AC:7 Xp:1/0                                        

",0.0,False
30,west,,"message:


language observation:
dark area near southwest
dark area very near east, southeast, and west
dark area adjacent north, northeast, south, and northwest

cursor:
Yourself a rogue
(x=39, y=8)

map:
                                                                                
                                                                                
                                                                                
                                                                                
                                                                                
                                                                                
                                                                                
                                      .@.                                       
                                      . .                                       
                                     .. .                                       
                                        .                                       
                                        .                                       
                                                                                
                                                                                
                                                                                
                                                                                
                                                                                
                                                                                
                                                                                
                                                                                
                                                                                
Agent the Footpad              St:11 Dx:18 Co:10 In:12 Wi:13 Ch:11 Chaotic S:0  
Dlvl:1 $:0 HP:11(11) Pw:2(2) AC:7 Xp:1/0                                        

",0.0,False
31,up,,"

Your previous output did not contain a valid action. Defaulted to action: north

Observation:
message:
It's solid stone.

language observation:
dark area near southwest
dark area very near east, southeast, and west
dark area adjacent north, northeast, south, and northwest

cursor:
Yourself a rogue
(x=39, y=8)

map:
                                                                                
                                                                                
                                                                                
                                                                                
                                                                                
                                                                                
                                                                                
                                      .@.                                       
                                      . .                                       
                                     .. .                                       
                                        .                                       
                                        .                                       
                                                                                
                                                                                
                                                                                
                                                                                
                                                                                
                                                                                
                                                                                
                                                                                
                                                                                
Agent the Footpad              St:11 Dx:18 Co:10 In:12 Wi:13 Ch:11 Chaotic S:0  
Dlvl:1 $:0 HP:11(11) Pw:2(2) AC:7 Xp:1/0                                        

",-0.01,False
32,east,,"message:


language observation:
dark area near south and west
dark area adjacent north, northeast, east, southeast, southwest, and northwest
stairs up adjacent west

cursor:
Yourself a rogue
(x=40, y=8)

map:
                                                                                
                                                                                
                                                                                
                                                                                
                                                                                
                                                                                
                                                                                
                                      .<@                                       
                                      . .                                       
                                     .. .                                       
                                        .                                       
                                        .                                       
                                                                                
                                                                                
                                                                                
                                                                                
                                                                                
                                                                                
                                                                                
                                                                                
                                                                                
Agent the Footpad              St:11 Dx:18 Co:10 In:12 Wi:13 Ch:11 Chaotic S:0  
Dlvl:1 $:0 HP:11(11) Pw:2(2) AC:7 Xp:1/0                                        

",0.0,False
33,west,,"message:


language observation:
dark area near southwest
dark area very near east, southeast, and west
dark area adjacent north, northeast, south, and northwest

cursor:
Yourself a rogue
(x=39, y=8)

map:
                                                                                
                                                                                
                                                                                
                                                                                
                                                                                
                                                                                
                                                                                
                                      .@.                                       
                                      . .                                       
                                     .. .                                       
                                        .                                       
                                        .                                       
                                                                                
                                                                                
                                                                                
                                                                                
                                                                                
                                                                                
                                                                                
                                                                                
                                                                                
Agent the Footpad              St:11 Dx:18 Co:10 In:12 Wi:13 Ch:11 Chaotic S:0  
Dlvl:1 $:0 HP:11(11) Pw:2(2) AC:7 Xp:1/0                                        

",0.0,False
34,north,,"message:
It's solid stone.

language observation:
dark area near southwest
dark area very near east, southeast, and west
dark area adjacent north, northeast, south, and northwest

cursor:
Yourself a rogue
(x=39, y=8)

map:
                                                                                
                                                                                
                                                                                
                                                                                
                                                                                
                                                                                
                                                                                
                                      .@.                                       
                                      . .                                       
                                     .. .                                       
                                        .                                       
                                        .                                       
                                                                                
                                                                                
                                                                                
                                                                                
                                                                                
                                                                                
                                                                                
                                                                                
                                                                                
Agent the Footpad              St:11 Dx:18 Co:10 In:12 Wi:13 Ch:11 Chaotic S:0  
Dlvl:1 $:0 HP:11(11) Pw:2(2) AC:7 Xp:1/0                                        

",-0.01,False
35,west,,"message:


language observation:
dark area near east and south
dark area adjacent north, northeast, southeast, southwest, west, and northwest
stairs up adjacent east

cursor:
Yourself a rogue
(x=38, y=8)

map:
                                                                                
                                                                                
                                                                                
                                                                                
                                                                                
                                                                                
                                                                                
                                      @<.                                       
                                      . .                                       
                                     .. .                                       
                                        .                                       
                                        .                                       
                                                                                
                                                                                
                                                                                
                                                                                
                                                                                
                                                                                
                                                                                
                                                                                
                                                                                
Agent the Footpad              St:11 Dx:18 Co:10 In:12 Wi:13 Ch:11 Chaotic S:0  
Dlvl:1 $:0 HP:11(11) Pw:2(2) AC:7 Xp:1/0                                        

",0.0,False
36,east,,"message:


language observation:
dark area near southwest
dark area very near east, southeast, and west
dark area adjacent north, northeast, south, and northwest

cursor:
Yourself a rogue
(x=39, y=8)

map:
                                                                                
                                                                                
                                                                                
                                                                                
                                                                                
                                                                                
                                                                                
                                      .@.                                       
                                      . .                                       
                                     .. .                                       
                                        .                                       
                                        .                                       
                                                                                
                                                                                
                                                                                
                                                                                
                                                                                
                                                                                
                                                                                
                                                                                
                                                                                
Agent the Footpad              St:11 Dx:18 Co:10 In:12 Wi:13 Ch:11 Chaotic S:0  
Dlvl:1 $:0 HP:11(11) Pw:2(2) AC:7 Xp:1/0                                        

",0.0,False
37,north,,"message:
It's solid stone.

language observation:
dark area near southwest
dark area very near east, southeast, and west
dark area adjacent north, northeast, south, and northwest

cursor:
Yourself a rogue
(x=39, y=8)

map:
                                                                                
                                                                                
                                                                                
                                                                                
                                                                                
                                                                                
                                                                                
                                      .@.                                       
                                      . .                                       
                                     .. .                                       
                                        .                                       
                                        .                                       
                                                                                
                                                                                
                                                                                
                                                                                
                                                                                
                                                                                
                                                                                
                                                                                
                                                                                
Agent the Footpad              St:11 Dx:18 Co:10 In:12 Wi:13 Ch:11 Chaotic S:0  
Dlvl:1 $:0 HP:11(11) Pw:2(2) AC:7 Xp:1/0                                        

",-0.01,False
38,west,,"message:


language observation:
dark area near east and south
dark area adjacent north, northeast, southeast, southwest, west, and northwest
stairs up adjacent east

cursor:
Yourself a rogue
(x=38, y=8)

map:
                                                                                
                                                                                
                                                                                
                                                                                
                                                                                
                                                                                
                                                                                
                                      @<.                                       
                                      . .                                       
                                     .. .                                       
                                        .                                       
                                        .                                       
                                                                                
                                                                                
                                                                                
                                                                                
                                                                                
                                                                                
                                                                                
                                                                                
                                                                                
Agent the Footpad              St:11 Dx:18 Co:10 In:12 Wi:13 Ch:11 Chaotic S:0  
Dlvl:1 $:0 HP:11(11) Pw:2(2) AC:7 Xp:1/0                                        

",0.0,False
39,east,,"message:


language observation:
dark area near southwest
dark area very near east, southeast, and west
dark area adjacent north, northeast, south, and northwest

cursor:
Yourself a rogue
(x=39, y=8)

map:
                                                                                
                                                                                
                                                                                
                                                                                
                                                                                
                                                                                
                                                                                
                                      .@.                                       
                                      . .                                       
                                     .. .                                       
                                        .                                       
                                        .                                       
                                                                                
                                                                                
                                                                                
                                                                                
                                                                                
                                                                                
                                                                                
                                                                                
                                                                                
Agent the Footpad              St:11 Dx:18 Co:10 In:12 Wi:13 Ch:11 Chaotic S:0  
Dlvl:1 $:0 HP:11(11) Pw:2(2) AC:7 Xp:1/0                                        

",0.0,False
40,east,,"message:


language observation:
dark area near south and west
dark area adjacent north, northeast, east, southeast, southwest, and northwest
stairs up adjacent west

cursor:
Yourself a rogue
(x=40, y=8)

map:
                                                                                
                                                                                
                                                                                
                                                                                
                                                                                
                                                                                
                                                                                
                                      .<@                                       
                                      . .                                       
                                     .. .                                       
                                        .                                       
                                        .                                       
                                                                                
                                                                                
                                                                                
                                                                                
                                                                                
                                                                                
                                                                                
                                                                                
                                                                                
Agent the Footpad              St:11 Dx:18 Co:10 In:12 Wi:13 Ch:11 Chaotic S:0  
Dlvl:1 $:0 HP:11(11) Pw:2(2) AC:7 Xp:1/0                                        

",0.0,False
41,west,,"message:


language observation:
dark area near southwest
dark area very near east, southeast, and west
dark area adjacent north, northeast, south, and northwest

cursor:
Yourself a rogue
(x=39, y=8)

map:
                                                                                
                                                                                
                                                                                
                                                                                
                                                                                
                                                                                
                                                                                
                                      .@.                                       
                                      . .                                       
                                     .. .                                       
                                        .                                       
                                        .                                       
                                                                                
                                                                                
                                                                                
                                                                                
                                                                                
                                                                                
                                                                                
                                                                                
                                                                                
Agent the Footpad              St:11 Dx:18 Co:10 In:12 Wi:13 Ch:11 Chaotic S:0  
Dlvl:1 $:0 HP:11(11) Pw:2(2) AC:7 Xp:1/0                                        

",0.0,False
42,west,,"message:


language observation:
dark area near east and south
dark area adjacent north, northeast, southeast, southwest, west, and northwest
stairs up adjacent east

cursor:
Yourself a rogue
(x=38, y=8)

map:
                                                                                
                                                                                
                                                                                
                                                                                
                                                                                
                                                                                
                                                                                
                                      @<.                                       
                                      . .                                       
                                     .. .                                       
                                        .                                       
                                        .                                       
                                                                                
                                                                                
                                                                                
                                                                                
                                                                                
                                                                                
                                                                                
                                                                                
                                                                                
Agent the Footpad              St:11 Dx:18 Co:10 In:12 Wi:13 Ch:11 Chaotic S:0  
Dlvl:1 $:0 HP:11(11) Pw:2(2) AC:7 Xp:1/0                                        

",0.0,False
43,east,,"message:


language observation:
dark area near southwest
dark area very near east, southeast, and west
dark area adjacent north, northeast, south, and northwest

cursor:
Yourself a rogue
(x=39, y=8)

map:
                                                                                
                                                                                
                                                                                
                                                                                
                                                                                
                                                                                
                                                                                
                                      .@.                                       
                                      . .                                       
                                     .. .                                       
                                        .                                       
                                        .                                       
                                                                                
                                                                                
                                                                                
                                                                                
                                                                                
                                                                                
                                                                                
                                                                                
                                                                                
Agent the Footpad              St:11 Dx:18 Co:10 In:12 Wi:13 Ch:11 Chaotic S:0  
Dlvl:1 $:0 HP:11(11) Pw:2(2) AC:7 Xp:1/0                                        

",0.0,False
44,north,,"message:
It's solid stone.

language observation:
dark area near southwest
dark area very near east, southeast, and west
dark area adjacent north, northeast, south, and northwest

cursor:
Yourself a rogue
(x=39, y=8)

map:
                                                                                
                                                                                
                                                                                
                                                                                
                                                                                
                                                                                
                                                                                
                                      .@.                                       
                                      . .                                       
                                     .. .                                       
                                        .                                       
                                        .                                       
                                                                                
                                                                                
                                                                                
                                                                                
                                                                                
                                                                                
                                                                                
                                                                                
                                                                                
Agent the Footpad              St:11 Dx:18 Co:10 In:12 Wi:13 Ch:11 Chaotic S:0  
Dlvl:1 $:0 HP:11(11) Pw:2(2) AC:7 Xp:1/0                                        

",-0.01,False
45,west,,"message:


language observation:
dark area near east and south
dark area adjacent north, northeast, southeast, southwest, west, and northwest
stairs up adjacent east

cursor:
Yourself a rogue
(x=38, y=8)

map:
                                                                                
                                                                                
                                                                                
                                                                                
                                                                                
                                                                                
                                                                                
                                      @<.                                       
                                      . .                                       
                                     .. .                                       
                                        .                                       
                                        .                                       
                                                                                
                                                                                
                                                                                
                                                                                
                                                                                
                                                                                
                                                                                
                                                                                
                                                                                
Agent the Footpad              St:11 Dx:18 Co:10 In:12 Wi:13 Ch:11 Chaotic S:0  
Dlvl:1 $:0 HP:11(11) Pw:2(2) AC:7 Xp:1/0                                        

",0.0,False
46,east,,"message:


language observation:
dark area near southwest
dark area very near east, southeast, and west
dark area adjacent north, northeast, south, and northwest

cursor:
Yourself a rogue
(x=39, y=8)

map:
                                                                                
                                                                                
                                                                                
                                                                                
                                                                                
                                                                                
                                                                                
                                      .@.                                       
                                      . .                                       
                                     .. .                                       
                                        .                                       
                                        .                                       
                                                                                
                                                                                
                                                                                
                                                                                
                                                                                
                                                                                
                                                                                
                                                                                
                                                                                
Agent the Footpad              St:11 Dx:18 Co:10 In:12 Wi:13 Ch:11 Chaotic S:0  
Dlvl:1 $:0 HP:11(11) Pw:2(2) AC:7 Xp:1/0                                        

",0.0,False
47,west,,"message:


language observation:
dark area near east and south
dark area adjacent north, northeast, southeast, southwest, west, and northwest
stairs up adjacent east

cursor:
Yourself a rogue
(x=38, y=8)

map:
                                                                                
                                                                                
                                                                                
                                                                                
                                                                                
                                                                                
                                                                                
                                      @<.                                       
                                      . .                                       
                                     .. .                                       
                                        .                                       
                                        .                                       
                                                                                
                                                                                
                                                                                
                                                                                
                                                                                
                                                                                
                                                                                
                                                                                
                                                                                
Agent the Footpad              St:11 Dx:18 Co:10 In:12 Wi:13 Ch:11 Chaotic S:0  
Dlvl:1 $:0 HP:11(11) Pw:2(2) AC:7 Xp:1/0                                        

",0.0,False
48,east,,"message:


language observation:
dark area near southwest
dark area very near east, southeast, and west
dark area adjacent north, northeast, south, and northwest

cursor:
Yourself a rogue
(x=39, y=8)

map:
                                                                                
                                                                                
                                                                                
                                                                                
                                                                                
                                                                                
                                                                                
                                      .@.                                       
                                      . .                                       
                                     .. .                                       
                                        .                                       
                                        .                                       
                                                                                
                                                                                
                                                                                
                                                                                
                                                                                
                                                                                
                                                                                
                                                                                
                                                                                
Agent the Footpad              St:11 Dx:18 Co:10 In:12 Wi:13 Ch:11 Chaotic S:0  
Dlvl:1 $:0 HP:11(11) Pw:2(2) AC:7 Xp:1/0                                        

",0.0,False
49,east,,"message:


language observation:
dark area near south and west
dark area adjacent north, northeast, east, southeast, southwest, and northwest
stairs up adjacent west

cursor:
Yourself a rogue
(x=40, y=8)

map:
                                                                                
                                                                                
                                                                                
                                                                                
                                                                                
                                                                                
                                                                                
                                      .<@                                       
                                      . .                                       
                                     .. .                                       
                                        .                                       
                                        .                                       
                                                                                
                                                                                
                                                                                
                                                                                
                                                                                
                                                                                
                                                                                
                                                                                
                                                                                
Agent the Footpad              St:11 Dx:18 Co:10 In:12 Wi:13 Ch:11 Chaotic S:0  
Dlvl:1 $:0 HP:11(11) Pw:2(2) AC:7 Xp:1/0                                        

",0.0,False
50,west,,"message:


language observation:
dark area near southwest
dark area very near east, southeast, and west
dark area adjacent north, northeast, south, and northwest

cursor:
Yourself a rogue
(x=39, y=8)

map:
                                                                                
                                                                                
                                                                                
                                                                                
                                                                                
                                                                                
                                                                                
                                      .@.                                       
                                      . .                                       
                                     .. .                                       
                                        .                                       
                                        .                                       
                                                                                
                                                                                
                                                                                
                                                                                
                                                                                
                                                                                
                                                                                
                                                                                
                                                                                
Agent the Footpad              St:11 Dx:18 Co:10 In:12 Wi:13 Ch:11 Chaotic S:0  
Dlvl:1 $:0 HP:11(11) Pw:2(2) AC:7 Xp:1/0                                        

",0.0,False
51,north,,"message:
It's solid stone.

language observation:
dark area near southwest
dark area very near east, southeast, and west
dark area adjacent north, northeast, south, and northwest

cursor:
Yourself a rogue
(x=39, y=8)

map:
                                                                                
                                                                                
                                                                                
                                                                                
                                                                                
                                                                                
                                                                                
                                      .@.                                       
                                      . .                                       
                                     .. .                                       
                                        .                                       
                                        .                                       
                                                                                
                                                                                
                                                                                
                                                                                
                                                                                
                                                                                
                                                                                
                                                                                
                                                                                
Agent the Footpad              St:11 Dx:18 Co:10 In:12 Wi:13 Ch:11 Chaotic S:0  
Dlvl:1 $:0 HP:11(11) Pw:2(2) AC:7 Xp:1/0                                        

",-0.01,False
52,south,,"message:
It's solid stone.

language observation:
dark area near southwest
dark area very near east, southeast, and west
dark area adjacent north, northeast, south, and northwest

cursor:
Yourself a rogue
(x=39, y=8)

map:
                                                                                
                                                                                
                                                                                
                                                                                
                                                                                
                                                                                
                                                                                
                                      .@.                                       
                                      . .                                       
                                     .. .                                       
                                        .                                       
                                        .                                       
                                                                                
                                                                                
                                                                                
                                                                                
                                                                                
                                                                                
                                                                                
                                                                                
                                                                                
Agent the Footpad              St:11 Dx:18 Co:10 In:12 Wi:13 Ch:11 Chaotic S:0  
Dlvl:1 $:0 HP:11(11) Pw:2(2) AC:7 Xp:1/0                                        

",-0.01,False
53,north,,"message:
It's solid stone.

language observation:
dark area near southwest
dark area very near east, southeast, and west
dark area adjacent north, northeast, south, and northwest

cursor:
Yourself a rogue
(x=39, y=8)

map:
                                                                                
                                                                                
                                                                                
                                                                                
                                                                                
                                                                                
                                                                                
                                      .@.                                       
                                      . .                                       
                                     .. .                                       
                                        .                                       
                                        .                                       
                                                                                
                                                                                
                                                                                
                                                                                
                                                                                
                                                                                
                                                                                
                                                                                
                                                                                
Agent the Footpad              St:11 Dx:18 Co:10 In:12 Wi:13 Ch:11 Chaotic S:0  
Dlvl:1 $:0 HP:11(11) Pw:2(2) AC:7 Xp:1/0                                        

",-0.01,False
54,east,,"message:


language observation:
dark area near south and west
dark area adjacent north, northeast, east, southeast, southwest, and northwest
stairs up adjacent west

cursor:
Yourself a rogue
(x=40, y=8)

map:
                                                                                
                                                                                
                                                                                
                                                                                
                                                                                
                                                                                
                                                                                
                                      .<@                                       
                                      . .                                       
                                     .. .                                       
                                        .                                       
                                        .                                       
                                                                                
                                                                                
                                                                                
                                                                                
                                                                                
                                                                                
                                                                                
                                                                                
                                                                                
Agent the Footpad              St:11 Dx:18 Co:10 In:12 Wi:13 Ch:11 Chaotic S:0  
Dlvl:1 $:0 HP:11(11) Pw:2(2) AC:7 Xp:1/0                                        

",0.0,False
55,west,,"message:


language observation:
dark area near southwest
dark area very near east, southeast, and west
dark area adjacent north, northeast, south, and northwest

cursor:
Yourself a rogue
(x=39, y=8)

map:
                                                                                
                                                                                
                                                                                
                                                                                
                                                                                
                                                                                
                                                                                
                                      .@.                                       
                                      . .                                       
                                     .. .                                       
                                        .                                       
                                        .                                       
                                                                                
                                                                                
                                                                                
                                                                                
                                                                                
                                                                                
                                                                                
                                                                                
                                                                                
Agent the Footpad              St:11 Dx:18 Co:10 In:12 Wi:13 Ch:11 Chaotic S:0  
Dlvl:1 $:0 HP:11(11) Pw:2(2) AC:7 Xp:1/0                                        

",0.0,False
56,west,,"message:


language observation:
dark area near east and south
dark area adjacent north, northeast, southeast, southwest, west, and northwest
stairs up adjacent east

cursor:
Yourself a rogue
(x=38, y=8)

map:
                                                                                
                                                                                
                                                                                
                                                                                
                                                                                
                                                                                
                                                                                
                                      @<.                                       
                                      . .                                       
                                     .. .                                       
                                        .                                       
                                        .                                       
                                                                                
                                                                                
                                                                                
                                                                                
                                                                                
                                                                                
                                                                                
                                                                                
                                                                                
Agent the Footpad              St:11 Dx:18 Co:10 In:12 Wi:13 Ch:11 Chaotic S:0  
Dlvl:1 $:0 HP:11(11) Pw:2(2) AC:7 Xp:1/0                                        

",0.0,False
57,east,,"message:


language observation:
dark area near southwest
dark area very near east, southeast, and west
dark area adjacent north, northeast, south, and northwest

cursor:
Yourself a rogue
(x=39, y=8)

map:
                                                                                
                                                                                
                                                                                
                                                                                
                                                                                
                                                                                
                                                                                
                                      .@.                                       
                                      . .                                       
                                     .. .                                       
                                        .                                       
                                        .                                       
                                                                                
                                                                                
                                                                                
                                                                                
                                                                                
                                                                                
                                                                                
                                                                                
                                                                                
Agent the Footpad              St:11 Dx:18 Co:10 In:12 Wi:13 Ch:11 Chaotic S:0  
Dlvl:1 $:0 HP:11(11) Pw:2(2) AC:7 Xp:1/0                                        

",0.0,False
58,east,,"message:


language observation:
dark area near south and west
dark area adjacent north, northeast, east, southeast, southwest, and northwest
stairs up adjacent west

cursor:
Yourself a rogue
(x=40, y=8)

map:
                                                                                
                                                                                
                                                                                
                                                                                
                                                                                
                                                                                
                                                                                
                                      .<@                                       
                                      . .                                       
                                     .. .                                       
                                        .                                       
                                        .                                       
                                                                                
                                                                                
                                                                                
                                                                                
                                                                                
                                                                                
                                                                                
                                                                                
                                                                                
Agent the Footpad              St:11 Dx:18 Co:10 In:12 Wi:13 Ch:11 Chaotic S:0  
Dlvl:1 $:0 HP:11(11) Pw:2(2) AC:7 Xp:1/0                                        

",0.0,False
59,west,,"message:


language observation:
dark area near southwest
dark area very near east, southeast, and west
dark area adjacent north, northeast, south, and northwest

cursor:
Yourself a rogue
(x=39, y=8)

map:
                                                                                
                                                                                
                                                                                
                                                                                
                                                                                
                                                                                
                                                                                
                                      .@.                                       
                                      . .                                       
                                     .. .                                       
                                        .                                       
                                        .                                       
                                                                                
                                                                                
                                                                                
                                                                                
                                                                                
                                                                                
                                                                                
                                                                                
                                                                                
Agent the Footpad              St:11 Dx:18 Co:10 In:12 Wi:13 Ch:11 Chaotic S:0  
Dlvl:1 $:0 HP:11(11) Pw:2(2) AC:7 Xp:1/0                                        

",0.0,False
60,south,,"message:
It's solid stone.

language observation:
dark area near southwest
dark area very near east, southeast, and west
dark area adjacent north, northeast, south, and northwest

cursor:
Yourself a rogue
(x=39, y=8)

map:
                                                                                
                                                                                
                                                                                
                                                                                
                                                                                
                                                                                
                                                                                
                                      .@.                                       
                                      . .                                       
                                     .. .                                       
                                        .                                       
                                        .                                       
                                                                                
                                                                                
                                                                                
                                                                                
                                                                                
                                                                                
                                                                                
                                                                                
                                                                                
Agent the Footpad              St:11 Dx:18 Co:10 In:12 Wi:13 Ch:11 Chaotic S:0  
Dlvl:1 $:0 HP:11(11) Pw:2(2) AC:7 Xp:1/0                                        

",-0.01,False
61,west,,"message:


language observation:
dark area near east and south
dark area adjacent north, northeast, southeast, southwest, west, and northwest
stairs up adjacent east

cursor:
Yourself a rogue
(x=38, y=8)

map:
                                                                                
                                                                                
                                                                                
                                                                                
                                                                                
                                                                                
                                                                                
                                      @<.                                       
                                      . .                                       
                                     .. .                                       
                                        .                                       
                                        .                                       
                                                                                
                                                                                
                                                                                
                                                                                
                                                                                
                                                                                
                                                                                
                                                                                
                                                                                
Agent the Footpad              St:11 Dx:18 Co:10 In:12 Wi:13 Ch:11 Chaotic S:0  
Dlvl:1 $:0 HP:11(11) Pw:2(2) AC:7 Xp:1/0                                        

",0.0,False
62,east,,"message:


language observation:
dark area near southwest
dark area very near east, southeast, and west
dark area adjacent north, northeast, south, and northwest

cursor:
Yourself a rogue
(x=39, y=8)

map:
                                                                                
                                                                                
                                                                                
                                                                                
                                                                                
                                                                                
                                                                                
                                      .@.                                       
                                      . .                                       
                                     .. .                                       
                                        .                                       
                                        .                                       
                                                                                
                                                                                
                                                                                
                                                                                
                                                                                
                                                                                
                                                                                
                                                                                
                                                                                
Agent the Footpad              St:11 Dx:18 Co:10 In:12 Wi:13 Ch:11 Chaotic S:0  
Dlvl:1 $:0 HP:11(11) Pw:2(2) AC:7 Xp:1/0                                        

",0.0,False
63,east,,"message:


language observation:
dark area near south and west
dark area adjacent north, northeast, east, southeast, southwest, and northwest
stairs up adjacent west

cursor:
Yourself a rogue
(x=40, y=8)

map:
                                                                                
                                                                                
                                                                                
                                                                                
                                                                                
                                                                                
                                                                                
                                      .<@                                       
                                      . .                                       
                                     .. .                                       
                                        .                                       
                                        .                                       
                                                                                
                                                                                
                                                                                
                                                                                
                                                                                
                                                                                
                                                                                
                                                                                
                                                                                
Agent the Footpad              St:11 Dx:18 Co:10 In:12 Wi:13 Ch:11 Chaotic S:0  
Dlvl:1 $:0 HP:11(11) Pw:2(2) AC:7 Xp:1/0                                        

",0.0,False
64,west,,"message:


language observation:
dark area near southwest
dark area very near east, southeast, and west
dark area adjacent north, northeast, south, and northwest

cursor:
Yourself a rogue
(x=39, y=8)

map:
                                                                                
                                                                                
                                                                                
                                                                                
                                                                                
                                                                                
                                                                                
                                      .@.                                       
                                      . .                                       
                                     .. .                                       
                                        .                                       
                                        .                                       
                                                                                
                                                                                
                                                                                
                                                                                
                                                                                
                                                                                
                                                                                
                                                                                
                                                                                
Agent the Footpad              St:11 Dx:18 Co:10 In:12 Wi:13 Ch:11 Chaotic S:0  
Dlvl:1 $:0 HP:11(11) Pw:2(2) AC:7 Xp:1/0                                        

",0.0,False
65,west,,"message:


language observation:
dark area near east and south
dark area adjacent north, northeast, southeast, southwest, west, and northwest
stairs up adjacent east

cursor:
Yourself a rogue
(x=38, y=8)

map:
                                                                                
                                                                                
                                                                                
                                                                                
                                                                                
                                                                                
                                                                                
                                      @<.                                       
                                      . .                                       
                                     .. .                                       
                                        .                                       
                                        .                                       
                                                                                
                                                                                
                                                                                
                                                                                
                                                                                
                                                                                
                                                                                
                                                                                
                                                                                
Agent the Footpad              St:11 Dx:18 Co:10 In:12 Wi:13 Ch:11 Chaotic S:0  
Dlvl:1 $:0 HP:11(11) Pw:2(2) AC:7 Xp:1/0                                        

",0.0,False
66,east,,"message:


language observation:
dark area near southwest
dark area very near east, southeast, and west
dark area adjacent north, northeast, south, and northwest

cursor:
Yourself a rogue
(x=39, y=8)

map:
                                                                                
                                                                                
                                                                                
                                                                                
                                                                                
                                                                                
                                                                                
                                      .@.                                       
                                      . .                                       
                                     .. .                                       
                                        .                                       
                                        .                                       
                                                                                
                                                                                
                                                                                
                                                                                
                                                                                
                                                                                
                                                                                
                                                                                
                                                                                
Agent the Footpad              St:11 Dx:18 Co:10 In:12 Wi:13 Ch:11 Chaotic S:0  
Dlvl:1 $:0 HP:11(11) Pw:2(2) AC:7 Xp:1/0                                        

",0.0,False
67,north,,"message:
It's solid stone.

language observation:
dark area near southwest
dark area very near east, southeast, and west
dark area adjacent north, northeast, south, and northwest

cursor:
Yourself a rogue
(x=39, y=8)

map:
                                                                                
                                                                                
                                                                                
                                                                                
                                                                                
                                                                                
                                                                                
                                      .@.                                       
                                      . .                                       
                                     .. .                                       
                                        .                                       
                                        .                                       
                                                                                
                                                                                
                                                                                
                                                                                
                                                                                
                                                                                
                                                                                
                                                                                
                                                                                
Agent the Footpad              St:11 Dx:18 Co:10 In:12 Wi:13 Ch:11 Chaotic S:0  
Dlvl:1 $:0 HP:11(11) Pw:2(2) AC:7 Xp:1/0                                        

",-0.01,False
68,east,,"message:


language observation:
dark area near south and west
dark area adjacent north, northeast, east, southeast, southwest, and northwest
stairs up adjacent west

cursor:
Yourself a rogue
(x=40, y=8)

map:
                                                                                
                                                                                
                                                                                
                                                                                
                                                                                
                                                                                
                                                                                
                                      .<@                                       
                                      . .                                       
                                     .. .                                       
                                        .                                       
                                        .                                       
                                                                                
                                                                                
                                                                                
                                                                                
                                                                                
                                                                                
                                                                                
                                                                                
                                                                                
Agent the Footpad              St:11 Dx:18 Co:10 In:12 Wi:13 Ch:11 Chaotic S:0  
Dlvl:1 $:0 HP:11(11) Pw:2(2) AC:7 Xp:1/0                                        

",0.0,False
69,east,,"message:
It's solid stone.

language observation:
dark area near south and west
dark area adjacent north, northeast, east, southeast, southwest, and northwest
stairs up adjacent west

cursor:
Yourself a rogue
(x=40, y=8)

map:
                                                                                
                                                                                
                                                                                
                                                                                
                                                                                
                                                                                
                                                                                
                                      .<@                                       
                                      . .                                       
                                     .. .                                       
                                        .                                       
                                        .                                       
                                                                                
                                                                                
                                                                                
                                                                                
                                                                                
                                                                                
                                                                                
                                                                                
                                                                                
Agent the Footpad              St:11 Dx:18 Co:10 In:12 Wi:13 Ch:11 Chaotic S:0  
Dlvl:1 $:0 HP:11(11) Pw:2(2) AC:7 Xp:1/0                                        

",-0.01,False
70,west,,"message:


language observation:
dark area near southwest
dark area very near east, southeast, and west
dark area adjacent north, northeast, south, and northwest

cursor:
Yourself a rogue
(x=39, y=8)

map:
                                                                                
                                                                                
                                                                                
                                                                                
                                                                                
                                                                                
                                                                                
                                      .@.                                       
                                      . .                                       
                                     .. .                                       
                                        .                                       
                                        .                                       
                                                                                
                                                                                
                                                                                
                                                                                
                                                                                
                                                                                
                                                                                
                                                                                
                                                                                
Agent the Footpad              St:11 Dx:18 Co:10 In:12 Wi:13 Ch:11 Chaotic S:0  
Dlvl:1 $:0 HP:11(11) Pw:2(2) AC:7 Xp:1/0                                        

",0.0,False
71,east,,"message:


language observation:
dark area near south and west
dark area adjacent north, northeast, east, southeast, southwest, and northwest
stairs up adjacent west

cursor:
Yourself a rogue
(x=40, y=8)

map:
                                                                                
                                                                                
                                                                                
                                                                                
                                                                                
                                                                                
                                                                                
                                      .<@                                       
                                      . .                                       
                                     .. .                                       
                                        .                                       
                                        .                                       
                                                                                
                                                                                
                                                                                
                                                                                
                                                                                
                                                                                
                                                                                
                                                                                
                                                                                
Agent the Footpad              St:11 Dx:18 Co:10 In:12 Wi:13 Ch:11 Chaotic S:0  
Dlvl:1 $:0 HP:11(11) Pw:2(2) AC:7 Xp:1/0                                        

",0.0,False
72,west,,"message:


language observation:
dark area near southwest
dark area very near east, southeast, and west
dark area adjacent north, northeast, south, and northwest

cursor:
Yourself a rogue
(x=39, y=8)

map:
                                                                                
                                                                                
                                                                                
                                                                                
                                                                                
                                                                                
                                                                                
                                      .@.                                       
                                      . .                                       
                                     .. .                                       
                                        .                                       
                                        .                                       
                                                                                
                                                                                
                                                                                
                                                                                
                                                                                
                                                                                
                                                                                
                                                                                
                                                                                
Agent the Footpad              St:11 Dx:18 Co:10 In:12 Wi:13 Ch:11 Chaotic S:0  
Dlvl:1 $:0 HP:11(11) Pw:2(2) AC:7 Xp:1/0                                        

",0.0,False
73,east,,"message:


language observation:
dark area near south and west
dark area adjacent north, northeast, east, southeast, southwest, and northwest
stairs up adjacent west

cursor:
Yourself a rogue
(x=40, y=8)

map:
                                                                                
                                                                                
                                                                                
                                                                                
                                                                                
                                                                                
                                                                                
                                      .<@                                       
                                      . .                                       
                                     .. .                                       
                                        .                                       
                                        .                                       
                                                                                
                                                                                
                                                                                
                                                                                
                                                                                
                                                                                
                                                                                
                                                                                
                                                                                
Agent the Footpad              St:11 Dx:18 Co:10 In:12 Wi:13 Ch:11 Chaotic S:0  
Dlvl:1 $:0 HP:11(11) Pw:2(2) AC:7 Xp:1/0                                        

",0.0,False
74,west,,"message:


language observation:
dark area near southwest
dark area very near east, southeast, and west
dark area adjacent north, northeast, south, and northwest

cursor:
Yourself a rogue
(x=39, y=8)

map:
                                                                                
                                                                                
                                                                                
                                                                                
                                                                                
                                                                                
                                                                                
                                      .@.                                       
                                      . .                                       
                                     .. .                                       
                                        .                                       
                                        .                                       
                                                                                
                                                                                
                                                                                
                                                                                
                                                                                
                                                                                
                                                                                
                                                                                
                                                                                
Agent the Footpad              St:11 Dx:18 Co:10 In:12 Wi:13 Ch:11 Chaotic S:0  
Dlvl:1 $:0 HP:11(11) Pw:2(2) AC:7 Xp:1/0                                        

",0.0,False
75,east,,"message:


language observation:
dark area near south and west
dark area adjacent north, northeast, east, southeast, southwest, and northwest
stairs up adjacent west

cursor:
Yourself a rogue
(x=40, y=8)

map:
                                                                                
                                                                                
                                                                                
                                                                                
                                                                                
                                                                                
                                                                                
                                      .<@                                       
                                      . .                                       
                                     .. .                                       
                                        .                                       
                                        .                                       
                                                                                
                                                                                
                                                                                
                                                                                
                                                                                
                                                                                
                                                                                
                                                                                
                                                                                
Agent the Footpad              St:11 Dx:18 Co:10 In:12 Wi:13 Ch:11 Chaotic S:0  
Dlvl:1 $:0 HP:11(11) Pw:2(2) AC:7 Xp:1/0                                        

",0.0,False
76,west,,"message:


language observation:
dark area near southwest
dark area very near east, southeast, and west
dark area adjacent north, northeast, south, and northwest

cursor:
Yourself a rogue
(x=39, y=8)

map:
                                                                                
                                                                                
                                                                                
                                                                                
                                                                                
                                                                                
                                                                                
                                      .@.                                       
                                      . .                                       
                                     .. .                                       
                                        .                                       
                                        .                                       
                                                                                
                                                                                
                                                                                
                                                                                
                                                                                
                                                                                
                                                                                
                                                                                
                                                                                
Agent the Footpad              St:11 Dx:18 Co:10 In:12 Wi:13 Ch:11 Chaotic S:0  
Dlvl:1 $:0 HP:11(11) Pw:2(2) AC:7 Xp:1/0                                        

",0.0,False
77,west,,"message:


language observation:
dark area near east and south
dark area adjacent north, northeast, southeast, southwest, west, and northwest
stairs up adjacent east

cursor:
Yourself a rogue
(x=38, y=8)

map:
                                                                                
                                                                                
                                                                                
                                                                                
                                                                                
                                                                                
                                                                                
                                      @<.                                       
                                      . .                                       
                                     .. .                                       
                                        .                                       
                                        .                                       
                                                                                
                                                                                
                                                                                
                                                                                
                                                                                
                                                                                
                                                                                
                                                                                
                                                                                
Agent the Footpad              St:11 Dx:18 Co:10 In:12 Wi:13 Ch:11 Chaotic S:0  
Dlvl:1 $:0 HP:11(11) Pw:2(2) AC:7 Xp:1/0                                        

",0.0,False
78,east,,"message:


language observation:
dark area near southwest
dark area very near east, southeast, and west
dark area adjacent north, northeast, south, and northwest

cursor:
Yourself a rogue
(x=39, y=8)

map:
                                                                                
                                                                                
                                                                                
                                                                                
                                                                                
                                                                                
                                                                                
                                      .@.                                       
                                      . .                                       
                                     .. .                                       
                                        .                                       
                                        .                                       
                                                                                
                                                                                
                                                                                
                                                                                
                                                                                
                                                                                
                                                                                
                                                                                
                                                                                
Agent the Footpad              St:11 Dx:18 Co:10 In:12 Wi:13 Ch:11 Chaotic S:0  
Dlvl:1 $:0 HP:11(11) Pw:2(2) AC:7 Xp:1/0                                        

",0.0,False
79,north,,"message:
It's solid stone.

language observation:
dark area near southwest
dark area very near east, southeast, and west
dark area adjacent north, northeast, south, and northwest

cursor:
Yourself a rogue
(x=39, y=8)

map:
                                                                                
                                                                                
                                                                                
                                                                                
                                                                                
                                                                                
                                                                                
                                      .@.                                       
                                      . .                                       
                                     .. .                                       
                                        .                                       
                                        .                                       
                                                                                
                                                                                
                                                                                
                                                                                
                                                                                
                                                                                
                                                                                
                                                                                
                                                                                
Agent the Footpad              St:11 Dx:18 Co:10 In:12 Wi:13 Ch:11 Chaotic S:0  
Dlvl:1 $:0 HP:11(11) Pw:2(2) AC:7 Xp:1/0                                        

",-0.01,False
80,south,,"message:
It's solid stone.

language observation:
dark area near southwest
dark area very near east, southeast, and west
dark area adjacent north, northeast, south, and northwest

cursor:
Yourself a rogue
(x=39, y=8)

map:
                                                                                
                                                                                
                                                                                
                                                                                
                                                                                
                                                                                
                                                                                
                                      .@.                                       
                                      . .                                       
                                     .. .                                       
                                        .                                       
                                        .                                       
                                                                                
                                                                                
                                                                                
                                                                                
                                                                                
                                                                                
                                                                                
                                                                                
                                                                                
Agent the Footpad              St:11 Dx:18 Co:10 In:12 Wi:13 Ch:11 Chaotic S:0  
Dlvl:1 $:0 HP:11(11) Pw:2(2) AC:7 Xp:1/0                                        

",-0.01,False
81,west,,"message:


language observation:
dark area near east and south
dark area adjacent north, northeast, southeast, southwest, west, and northwest
stairs up adjacent east

cursor:
Yourself a rogue
(x=38, y=8)

map:
                                                                                
                                                                                
                                                                                
                                                                                
                                                                                
                                                                                
                                                                                
                                      @<.                                       
                                      . .                                       
                                     .. .                                       
                                        .                                       
                                        .                                       
                                                                                
                                                                                
                                                                                
                                                                                
                                                                                
                                                                                
                                                                                
                                                                                
                                                                                
Agent the Footpad              St:11 Dx:18 Co:10 In:12 Wi:13 Ch:11 Chaotic S:0  
Dlvl:1 $:0 HP:11(11) Pw:2(2) AC:7 Xp:1/0                                        

",0.0,False
82,east,,"message:


language observation:
dark area near southwest
dark area very near east, southeast, and west
dark area adjacent north, northeast, south, and northwest

cursor:
Yourself a rogue
(x=39, y=8)

map:
                                                                                
                                                                                
                                                                                
                                                                                
                                                                                
                                                                                
                                                                                
                                      .@.                                       
                                      . .                                       
                                     .. .                                       
                                        .                                       
                                        .                                       
                                                                                
                                                                                
                                                                                
                                                                                
                                                                                
                                                                                
                                                                                
                                                                                
                                                                                
Agent the Footpad              St:11 Dx:18 Co:10 In:12 Wi:13 Ch:11 Chaotic S:0  
Dlvl:1 $:0 HP:11(11) Pw:2(2) AC:7 Xp:1/0                                        

",0.0,False
83,north,,"message:
It's solid stone.

language observation:
dark area near southwest
dark area very near east, southeast, and west
dark area adjacent north, northeast, south, and northwest

cursor:
Yourself a rogue
(x=39, y=8)

map:
                                                                                
                                                                                
                                                                                
                                                                                
                                                                                
                                                                                
                                                                                
                                      .@.                                       
                                      . .                                       
                                     .. .                                       
                                        .                                       
                                        .                                       
                                                                                
                                                                                
                                                                                
                                                                                
                                                                                
                                                                                
                                                                                
                                                                                
                                                                                
Agent the Footpad              St:11 Dx:18 Co:10 In:12 Wi:13 Ch:11 Chaotic S:0  
Dlvl:1 $:0 HP:11(11) Pw:2(2) AC:7 Xp:1/0                                        

",-0.01,False
84,west,,"message:


language observation:
dark area near east and south
dark area adjacent north, northeast, southeast, southwest, west, and northwest
stairs up adjacent east

cursor:
Yourself a rogue
(x=38, y=8)

map:
                                                                                
                                                                                
                                                                                
                                                                                
                                                                                
                                                                                
                                                                                
                                      @<.                                       
                                      . .                                       
                                     .. .                                       
                                        .                                       
                                        .                                       
                                                                                
                                                                                
                                                                                
                                                                                
                                                                                
                                                                                
                                                                                
                                                                                
                                                                                
Agent the Footpad              St:11 Dx:18 Co:10 In:12 Wi:13 Ch:11 Chaotic S:0  
Dlvl:1 $:0 HP:11(11) Pw:2(2) AC:7 Xp:1/0                                        

",0.0,False
85,east,,"message:


language observation:
dark area near southwest
dark area very near east, southeast, and west
dark area adjacent north, northeast, south, and northwest

cursor:
Yourself a rogue
(x=39, y=8)

map:
                                                                                
                                                                                
                                                                                
                                                                                
                                                                                
                                                                                
                                                                                
                                      .@.                                       
                                      . .                                       
                                     .. .                                       
                                        .                                       
                                        .                                       
                                                                                
                                                                                
                                                                                
                                                                                
                                                                                
                                                                                
                                                                                
                                                                                
                                                                                
Agent the Footpad              St:11 Dx:18 Co:10 In:12 Wi:13 Ch:11 Chaotic S:0  
Dlvl:1 $:0 HP:11(11) Pw:2(2) AC:7 Xp:1/0                                        

",0.0,False
86,east,,"message:


language observation:
dark area near south and west
dark area adjacent north, northeast, east, southeast, southwest, and northwest
stairs up adjacent west

cursor:
Yourself a rogue
(x=40, y=8)

map:
                                                                                
                                                                                
                                                                                
                                                                                
                                                                                
                                                                                
                                                                                
                                      .<@                                       
                                      . .                                       
                                     .. .                                       
                                        .                                       
                                        .                                       
                                                                                
                                                                                
                                                                                
                                                                                
                                                                                
                                                                                
                                                                                
                                                                                
                                                                                
Agent the Footpad              St:11 Dx:18 Co:10 In:12 Wi:13 Ch:11 Chaotic S:0  
Dlvl:1 $:0 HP:11(11) Pw:2(2) AC:7 Xp:1/0                                        

",0.0,False
87,west,,"message:


language observation:
dark area near southwest
dark area very near east, southeast, and west
dark area adjacent north, northeast, south, and northwest

cursor:
Yourself a rogue
(x=39, y=8)

map:
                                                                                
                                                                                
                                                                                
                                                                                
                                                                                
                                                                                
                                                                                
                                      .@.                                       
                                      . .                                       
                                     .. .                                       
                                        .                                       
                                        .                                       
                                                                                
                                                                                
                                                                                
                                                                                
                                                                                
                                                                                
                                                                                
                                                                                
                                                                                
Agent the Footpad              St:11 Dx:18 Co:10 In:12 Wi:13 Ch:11 Chaotic S:0  
Dlvl:1 $:0 HP:11(11) Pw:2(2) AC:7 Xp:1/0                                        

",0.0,False
88,southwest,,"message:


language observation:
dark area near southwest
dark area very near north, northeast, and south
stairs up adjacent northeast
dark area adjacent east, southeast, west, and northwest

cursor:
Yourself a rogue
(x=38, y=9)

map:
                                                                                
                                                                                
                                                                                
                                                                                
                                                                                
                                                                                
                                                                                
                                      .<.                                       
                                      @ .                                       
                                    ... .                                       
                                    .   .                                       
                                        .                                       
                                                                                
                                                                                
                                                                                
                                                                                
                                                                                
                                                                                
                                                                                
                                                                                
                                                                                
Agent the Footpad              St:11 Dx:18 Co:10 In:12 Wi:13 Ch:11 Chaotic S:0  
Dlvl:1 $:0 HP:11(11) Pw:2(2) AC:7 Xp:1/0                                        

",0.0,False
89,northeast,,"message:


language observation:
dark area near southwest
dark area very near east, southeast, and west
dark area adjacent north, northeast, south, and northwest

cursor:
Yourself a rogue
(x=39, y=8)

map:
                                                                                
                                                                                
                                                                                
                                                                                
                                                                                
                                                                                
                                                                                
                                      .@.                                       
                                      . .                                       
                                    ... .                                       
                                    .   .                                       
                                        .                                       
                                                                                
                                                                                
                                                                                
                                                                                
                                                                                
                                                                                
                                                                                
                                                                                
                                                                                
Agent the Footpad              St:11 Dx:18 Co:10 In:12 Wi:13 Ch:11 Chaotic S:0  
Dlvl:1 $:0 HP:11(11) Pw:2(2) AC:7 Xp:1/0                                        

",0.0,False
90,west,,"message:


language observation:
dark area near east and south
dark area adjacent north, northeast, southeast, southwest, west, and northwest
stairs up adjacent east

cursor:
Yourself a rogue
(x=38, y=8)

map:
                                                                                
                                                                                
                                                                                
                                                                                
                                                                                
                                                                                
                                                                                
                                      @<.                                       
                                      . .                                       
                                    ... .                                       
                                    .   .                                       
                                        .                                       
                                                                                
                                                                                
                                                                                
                                                                                
                                                                                
                                                                                
                                                                                
                                                                                
                                                                                
Agent the Footpad              St:11 Dx:18 Co:10 In:12 Wi:13 Ch:11 Chaotic S:0  
Dlvl:1 $:0 HP:11(11) Pw:2(2) AC:7 Xp:1/0                                        

",0.0,False
91,east,,"message:


language observation:
dark area near southwest
dark area very near east, southeast, and west
dark area adjacent north, northeast, south, and northwest

cursor:
Yourself a rogue
(x=39, y=8)

map:
                                                                                
                                                                                
                                                                                
                                                                                
                                                                                
                                                                                
                                                                                
                                      .@.                                       
                                      . .                                       
                                    ... .                                       
                                    .   .                                       
                                        .                                       
                                                                                
                                                                                
                                                                                
                                                                                
                                                                                
                                                                                
                                                                                
                                                                                
                                                                                
Agent the Footpad              St:11 Dx:18 Co:10 In:12 Wi:13 Ch:11 Chaotic S:0  
Dlvl:1 $:0 HP:11(11) Pw:2(2) AC:7 Xp:1/0                                        

",0.0,False
92,north,,"message:
It's solid stone.

language observation:
dark area near southwest
dark area very near east, southeast, and west
dark area adjacent north, northeast, south, and northwest

cursor:
Yourself a rogue
(x=39, y=8)

map:
                                                                                
                                                                                
                                                                                
                                                                                
                                                                                
                                                                                
                                                                                
                                      .@.                                       
                                      . .                                       
                                    ... .                                       
                                    .   .                                       
                                        .                                       
                                                                                
                                                                                
                                                                                
                                                                                
                                                                                
                                                                                
                                                                                
                                                                                
                                                                                
Agent the Footpad              St:11 Dx:18 Co:10 In:12 Wi:13 Ch:11 Chaotic S:0  
Dlvl:1 $:0 HP:11(11) Pw:2(2) AC:7 Xp:1/0                                        

",-0.01,False
93,north,,"message:
It's solid stone.

language observation:
dark area near southwest
dark area very near east, southeast, and west
dark area adjacent north, northeast, south, and northwest

cursor:
Yourself a rogue
(x=39, y=8)

map:
                                                                                
                                                                                
                                                                                
                                                                                
                                                                                
                                                                                
                                                                                
                                      .@.                                       
                                      . .                                       
                                    ... .                                       
                                    .   .                                       
                                        .                                       
                                                                                
                                                                                
                                                                                
                                                                                
                                                                                
                                                                                
                                                                                
                                                                                
                                                                                
Agent the Footpad              St:11 Dx:18 Co:10 In:12 Wi:13 Ch:11 Chaotic S:0  
Dlvl:1 $:0 HP:11(11) Pw:2(2) AC:7 Xp:1/0                                        

",-0.01,False
94,east,,"message:


language observation:
dark area near south and west
dark area adjacent north, northeast, east, southeast, southwest, and northwest
stairs up adjacent west

cursor:
Yourself a rogue
(x=40, y=8)

map:
                                                                                
                                                                                
                                                                                
                                                                                
                                                                                
                                                                                
                                                                                
                                      .<@                                       
                                      . .                                       
                                    ... .                                       
                                    .   .                                       
                                        .                                       
                                                                                
                                                                                
                                                                                
                                                                                
                                                                                
                                                                                
                                                                                
                                                                                
                                                                                
Agent the Footpad              St:11 Dx:18 Co:10 In:12 Wi:13 Ch:11 Chaotic S:0  
Dlvl:1 $:0 HP:11(11) Pw:2(2) AC:7 Xp:1/0                                        

",0.0,False
95,west,,"message:


language observation:
dark area near southwest
dark area very near east, southeast, and west
dark area adjacent north, northeast, south, and northwest

cursor:
Yourself a rogue
(x=39, y=8)

map:
                                                                                
                                                                                
                                                                                
                                                                                
                                                                                
                                                                                
                                                                                
                                      .@.                                       
                                      . .                                       
                                    ... .                                       
                                    .   .                                       
                                        .                                       
                                                                                
                                                                                
                                                                                
                                                                                
                                                                                
                                                                                
                                                                                
                                                                                
                                                                                
Agent the Footpad              St:11 Dx:18 Co:10 In:12 Wi:13 Ch:11 Chaotic S:0  
Dlvl:1 $:0 HP:11(11) Pw:2(2) AC:7 Xp:1/0                                        

",0.0,False
96,west,,"message:


language observation:
dark area near east and south
dark area adjacent north, northeast, southeast, southwest, west, and northwest
stairs up adjacent east

cursor:
Yourself a rogue
(x=38, y=8)

map:
                                                                                
                                                                                
                                                                                
                                                                                
                                                                                
                                                                                
                                                                                
                                      @<.                                       
                                      . .                                       
                                    ... .                                       
                                    .   .                                       
                                        .                                       
                                                                                
                                                                                
                                                                                
                                                                                
                                                                                
                                                                                
                                                                                
                                                                                
                                                                                
Agent the Footpad              St:11 Dx:18 Co:10 In:12 Wi:13 Ch:11 Chaotic S:0  
Dlvl:1 $:0 HP:11(11) Pw:2(2) AC:7 Xp:1/0                                        

",0.0,False
97,east,,"message:


language observation:
dark area near southwest
dark area very near east, southeast, and west
dark area adjacent north, northeast, south, and northwest

cursor:
Yourself a rogue
(x=39, y=8)

map:
                                                                                
                                                                                
                                                                                
                                                                                
                                                                                
                                                                                
                                                                                
                                      .@.                                       
                                      . .                                       
                                    ... .                                       
                                    .   .                                       
                                        .                                       
                                                                                
                                                                                
                                                                                
                                                                                
                                                                                
                                                                                
                                                                                
                                                                                
                                                                                
Agent the Footpad              St:11 Dx:18 Co:10 In:12 Wi:13 Ch:11 Chaotic S:0  
Dlvl:1 $:0 HP:11(11) Pw:2(2) AC:7 Xp:1/0                                        

",0.0,False
98,east,,"message:


language observation:
dark area near south and west
dark area adjacent north, northeast, east, southeast, southwest, and northwest
stairs up adjacent west

cursor:
Yourself a rogue
(x=40, y=8)

map:
                                                                                
                                                                                
                                                                                
                                                                                
                                                                                
                                                                                
                                                                                
                                      .<@                                       
                                      . .                                       
                                    ... .                                       
                                    .   .                                       
                                        .                                       
                                                                                
                                                                                
                                                                                
                                                                                
                                                                                
                                                                                
                                                                                
                                                                                
                                                                                
Agent the Footpad              St:11 Dx:18 Co:10 In:12 Wi:13 Ch:11 Chaotic S:0  
Dlvl:1 $:0 HP:11(11) Pw:2(2) AC:7 Xp:1/0                                        

",0.0,False
99,west,,"message:
 
No  Points     Name                                                   Hp [max]
0  Agent-Rog-Orc-Fem-Cha quit in The Dungeons of Doom on
level 1.                                               11  [11]


language observation:
dark area adjacent east, southeast, and south

cursor:
very far eastsoutheast 
(x=77, y=6)

map:
 No  Points     Name                                                   Hp [max] 
                                                                                
            0  Agent-Rog-Orc-Fem-Cha quit in The Dungeons of Doom on            
                                                                                
              level 1.                                               11  [11]   
                                                                                
                                                                                
                                                                                
                                                                                
                                                                                
                                                                                
                                                                                
                                                                                
                                                                                
                                                                                
                                                                                
                                                                                
                                                                                
                                                                                
                                                                                
                                                                                
                                                                                
                                                                                

",0.0,True
