Step,Action,Reasoning,Observation,Reward,Done
0,pickup,,"message:
The stairs are solidly fixed to the floor.

language observation:
vertical wall far west
vertical wall near east
horizontal wall near southeast, south, and southwest
horizontal closed door near southsouthwest
gold piece very near east
splint mail very near southwest
horizontal wall adjacent north, northeast, and northwest
newt adjacent southeast
tame little dog adjacent south

cursor:
Yourself a tourist
(x=26, y=4)

map:
                                                                                
                                                                                
                    -----------                                                 
                    |.....@.$.|                                                 
                    |.....d:...                                                 
                    |...[.....|                                                 
                    -----+-----                                                 
                                                                                
                                                                                
                                                                                
                                                                                
                                                                                
                                                                                
                                                                                
                                                                                
                                                                                
                                                                                
                                                                                
                                                                                
                                                                                
                                                                                
Agent the Rambler              St:10 Dx:13 Co:14 In:16 Wi:8 Ch:13 Neutral S:0   
Dlvl:1 $:606 HP:10(10) Pw:2(2) AC:10 Xp:1/0 T:1                                 

",0.0,False
1,west,,"message:


language observation:
gold piece near east
vertical wall near east and west
horizontal wall near southeast and southwest
horizontal closed door near south
dark area near south
newt very near eastsoutheast
splint mail very near southsouthwest
horizontal wall adjacent north, northeast, and northwest
stairs up adjacent east
tame little dog adjacent southeast

cursor:
Yourself a tourist
(x=25, y=4)

map:
                                                                                
                                                                                
                    -----------                                                 
                    |....@<.$.|                                                 
                    |.....d:...                                                 
                    |...[.....|                                                 
                    -----+-----                                                 
                                                                                
                                                                                
                                                                                
                                                                                
                                                                                
                                                                                
                                                                                
                                                                                
                                                                                
                                                                                
                                                                                
                                                                                
                                                                                
                                                                                
Agent the Rambler              St:10 Dx:13 Co:14 In:16 Wi:8 Ch:13 Neutral S:0   
Dlvl:1 $:606 HP:10(10) Pw:2(2) AC:10 Xp:1/0 T:2                                 

",0.0,False
2,pickup,,"message:
There is nothing here to pick up.

language observation:
gold piece near east
vertical wall near east and west
horizontal wall near southeast and southwest
horizontal closed door near south
dark area near south
newt very near eastsoutheast
splint mail very near southsouthwest
horizontal wall adjacent north, northeast, and northwest
stairs up adjacent east
tame little dog adjacent southeast

cursor:
Yourself a tourist
(x=25, y=4)

map:
                                                                                
                                                                                
                    -----------                                                 
                    |....@<.$.|                                                 
                    |.....d:...                                                 
                    |...[.....|                                                 
                    -----+-----                                                 
                                                                                
                                                                                
                                                                                
                                                                                
                                                                                
                                                                                
                                                                                
                                                                                
                                                                                
                                                                                
                                                                                
                                                                                
                                                                                
                                                                                
Agent the Rambler              St:10 Dx:13 Co:14 In:16 Wi:8 Ch:13 Neutral S:0   
Dlvl:1 $:606 HP:10(10) Pw:2(2) AC:10 Xp:1/0 T:2                                 

",0.0,False
3,north,,"message:
It's a wall.

language observation:
gold piece near east
vertical wall near east and west
horizontal wall near southeast and southwest
horizontal closed door near south
dark area near south
newt very near eastsoutheast
splint mail very near southsouthwest
horizontal wall adjacent north, northeast, and northwest
stairs up adjacent east
tame little dog adjacent southeast

cursor:
Yourself a tourist
(x=25, y=4)

map:
                                                                                
                                                                                
                    -----------                                                 
                    |....@<.$.|                                                 
                    |.....d:...                                                 
                    |...[.....|                                                 
                    -----+-----                                                 
                                                                                
                                                                                
                                                                                
                                                                                
                                                                                
                                                                                
                                                                                
                                                                                
                                                                                
                                                                                
                                                                                
                                                                                
                                                                                
                                                                                
Agent the Rambler              St:10 Dx:13 Co:14 In:16 Wi:8 Ch:13 Neutral S:0   
Dlvl:1 $:606 HP:10(10) Pw:2(2) AC:10 Xp:1/0 T:2                                 

",0.0,False
4,west,,"message:
The little dog bites the newt.  The newt is killed!

language observation:
vertical wall far east
gold piece near east
newt corpse near eastsoutheast
horizontal wall near southeast, south, and southwest
horizontal closed door near southsoutheast
vertical wall near west
stairs up very near east
tame little dog very near eastsoutheast
splint mail very near south
horizontal wall adjacent north, northeast, and northwest

cursor:
Yourself a tourist
(x=24, y=4)

map:
                                                                                
                                                                                
                    -----------                                                 
                    |...@.<.$.|                                                 
                    |.....d%...                                                 
                    |...[.....|                                                 
                    -----+-----                                                 
                                                                                
                                                                                
                                                                                
                                                                                
                                                                                
                                                                                
                                                                                
                                                                                
                                                                                
                                                                                
                                                                                
                                                                                
                                                                                
                                                                                
Agent the Rambler              St:10 Dx:13 Co:14 In:16 Wi:8 Ch:13 Neutral S:0   
Dlvl:1 $:606 HP:10(10) Pw:2(2) AC:10 Xp:1/0 T:3                                 

",0.0,False
5,pickup,,"message:
There is nothing here to pick up.

language observation:
vertical wall far east
gold piece near east
newt corpse near eastsoutheast
horizontal wall near southeast, south, and southwest
horizontal closed door near southsoutheast
vertical wall near west
stairs up very near east
tame little dog very near eastsoutheast
splint mail very near south
horizontal wall adjacent north, northeast, and northwest

cursor:
Yourself a tourist
(x=24, y=4)

map:
                                                                                
                                                                                
                    -----------                                                 
                    |...@.<.$.|                                                 
                    |.....d%...                                                 
                    |...[.....|                                                 
                    -----+-----                                                 
                                                                                
                                                                                
                                                                                
                                                                                
                                                                                
                                                                                
                                                                                
                                                                                
                                                                                
                                                                                
                                                                                
                                                                                
                                                                                
                                                                                
Agent the Rambler              St:10 Dx:13 Co:14 In:16 Wi:8 Ch:13 Neutral S:0   
Dlvl:1 $:606 HP:10(10) Pw:2(2) AC:10 Xp:1/0 T:3                                 

",0.0,False
6,north,,"message:
It's a wall.

language observation:
vertical wall far east
gold piece near east
newt corpse near eastsoutheast
horizontal wall near southeast, south, and southwest
horizontal closed door near southsoutheast
vertical wall near west
stairs up very near east
tame little dog very near eastsoutheast
splint mail very near south
horizontal wall adjacent north, northeast, and northwest

cursor:
Yourself a tourist
(x=24, y=4)

map:
                                                                                
                                                                                
                    -----------                                                 
                    |...@.<.$.|                                                 
                    |.....d%...                                                 
                    |...[.....|                                                 
                    -----+-----                                                 
                                                                                
                                                                                
                                                                                
                                                                                
                                                                                
                                                                                
                                                                                
                                                                                
                                                                                
                                                                                
                                                                                
                                                                                
                                                                                
                                                                                
Agent the Rambler              St:10 Dx:13 Co:14 In:16 Wi:8 Ch:13 Neutral S:0   
Dlvl:1 $:606 HP:10(10) Pw:2(2) AC:10 Xp:1/0 T:3                                 

",0.0,False
7,west,,"message:
The little dog eats a newt corpse.

language observation:
vertical wall far east
stairs up near east
gold piece near east
tame little dog near eastsoutheast
horizontal wall near southeast and south
horizontal closed door near southsoutheast
southwest corner near southwest
vertical wall near west
splint mail very near southsoutheast
horizontal wall adjacent north, northeast, and northwest

cursor:
Yourself a tourist
(x=23, y=4)

map:
                                                                                
                                                                                
                    -----------                                                 
                    |..@..<.$.|                                                 
                    |......d...                                                 
                    |...[.....|                                                 
                    -----+-----                                                 
                                                                                
                                                                                
                                                                                
                                                                                
                                                                                
                                                                                
                                                                                
                                                                                
                                                                                
                                                                                
                                                                                
                                                                                
                                                                                
                                                                                
Agent the Rambler              St:10 Dx:13 Co:14 In:16 Wi:8 Ch:13 Neutral S:0   
Dlvl:1 $:606 HP:10(10) Pw:2(2) AC:10 Xp:1/0 T:4                                 

",0.0,False
8,pickup,,"message:
There is nothing here to pick up.

language observation:
vertical wall far east
stairs up near east
gold piece near east
tame little dog near eastsoutheast
horizontal wall near southeast and south
horizontal closed door near southsoutheast
southwest corner near southwest
vertical wall near west
splint mail very near southsoutheast
horizontal wall adjacent north, northeast, and northwest

cursor:
Yourself a tourist
(x=23, y=4)

map:
                                                                                
                                                                                
                    -----------                                                 
                    |..@..<.$.|                                                 
                    |......d...                                                 
                    |...[.....|                                                 
                    -----+-----                                                 
                                                                                
                                                                                
                                                                                
                                                                                
                                                                                
                                                                                
                                                                                
                                                                                
                                                                                
                                                                                
                                                                                
                                                                                
                                                                                
                                                                                
Agent the Rambler              St:10 Dx:13 Co:14 In:16 Wi:8 Ch:13 Neutral S:0   
Dlvl:1 $:606 HP:10(10) Pw:2(2) AC:10 Xp:1/0 T:4                                 

",0.0,False
9,west,,"message:


language observation:
gold piece far east
vertical wall far east
stairs up near east
tame little dog near eastsoutheast
horizontal closed door near southeast
dark area near southeast
horizontal wall near south
splint mail very near southeast
vertical wall very near southwest and west
horizontal wall adjacent north, northeast, and northwest

cursor:
Yourself a tourist
(x=22, y=4)

map:
                                                                                
                                                                                
                    -----------                                                 
                    |.@...<.$.|                                                 
                    |......d...                                                 
                    |...[.....|                                                 
                    -----+-----                                                 
                                                                                
                                                                                
                                                                                
                                                                                
                                                                                
                                                                                
                                                                                
                                                                                
                                                                                
                                                                                
                                                                                
                                                                                
                                                                                
                                                                                
Agent the Rambler              St:10 Dx:13 Co:14 In:16 Wi:8 Ch:13 Neutral S:0   
Dlvl:1 $:606 HP:10(10) Pw:2(2) AC:10 Xp:1/0 T:5                                 

",0.0,False
10,pickup,,"message:
There is nothing here to pick up.

language observation:
gold piece far east
vertical wall far east
stairs up near east
tame little dog near eastsoutheast
horizontal closed door near southeast
dark area near southeast
horizontal wall near south
splint mail very near southeast
vertical wall very near southwest and west
horizontal wall adjacent north, northeast, and northwest

cursor:
Yourself a tourist
(x=22, y=4)

map:
                                                                                
                                                                                
                    -----------                                                 
                    |.@...<.$.|                                                 
                    |......d...                                                 
                    |...[.....|                                                 
                    -----+-----                                                 
                                                                                
                                                                                
                                                                                
                                                                                
                                                                                
                                                                                
                                                                                
                                                                                
                                                                                
                                                                                
                                                                                
                                                                                
                                                                                
                                                                                
Agent the Rambler              St:10 Dx:13 Co:14 In:16 Wi:8 Ch:13 Neutral S:0   
Dlvl:1 $:606 HP:10(10) Pw:2(2) AC:10 Xp:1/0 T:5                                 

",0.0,False
11,north,,"message:
It's a wall.

language observation:
gold piece far east
vertical wall far east
stairs up near east
tame little dog near eastsoutheast
horizontal closed door near southeast
dark area near southeast
horizontal wall near south
splint mail very near southeast
vertical wall very near southwest and west
horizontal wall adjacent north, northeast, and northwest

cursor:
Yourself a tourist
(x=22, y=4)

map:
                                                                                
                                                                                
                    -----------                                                 
                    |.@...<.$.|                                                 
                    |......d...                                                 
                    |...[.....|                                                 
                    -----+-----                                                 
                                                                                
                                                                                
                                                                                
                                                                                
                                                                                
                                                                                
                                                                                
                                                                                
                                                                                
                                                                                
                                                                                
                                                                                
                                                                                
                                                                                
Agent the Rambler              St:10 Dx:13 Co:14 In:16 Wi:8 Ch:13 Neutral S:0   
Dlvl:1 $:606 HP:10(10) Pw:2(2) AC:10 Xp:1/0 T:5                                 

",0.0,False
12,west,,"message:


language observation:
gold piece far east
tame little dog far east
vertical wall far east
stairs up near east
splint mail near eastsoutheast
horizontal closed door near eastsoutheast
horizontal wall near southeast and south
horizontal wall adjacent north and northeast
vertical wall adjacent southwest and west
northwest room corner adjacent northwest

cursor:
Yourself a tourist
(x=21, y=4)

map:
                                                                                
                                                                                
                    -----------                                                 
                    |@....<.$d|                                                 
                    |..........                                                 
                    |...[.....|                                                 
                    -----+-----                                                 
                                                                                
                                                                                
                                                                                
                                                                                
                                                                                
                                                                                
                                                                                
                                                                                
                                                                                
                                                                                
                                                                                
                                                                                
                                                                                
                                                                                
Agent the Rambler              St:10 Dx:13 Co:14 In:16 Wi:8 Ch:13 Neutral S:0   
Dlvl:1 $:606 HP:10(10) Pw:2(2) AC:10 Xp:1/0 T:6                                 

",0.0,False
13,pickup,,"message:
There is nothing here to pick up.

language observation:
gold piece far east
tame little dog far east
vertical wall far east
stairs up near east
splint mail near eastsoutheast
horizontal closed door near eastsoutheast
horizontal wall near southeast and south
horizontal wall adjacent north and northeast
vertical wall adjacent southwest and west
northwest room corner adjacent northwest

cursor:
Yourself a tourist
(x=21, y=4)

map:
                                                                                
                                                                                
                    -----------                                                 
                    |@....<.$d|                                                 
                    |..........                                                 
                    |...[.....|                                                 
                    -----+-----                                                 
                                                                                
                                                                                
                                                                                
                                                                                
                                                                                
                                                                                
                                                                                
                                                                                
                                                                                
                                                                                
                                                                                
                                                                                
                                                                                
                                                                                
Agent the Rambler              St:10 Dx:13 Co:14 In:16 Wi:8 Ch:13 Neutral S:0   
Dlvl:1 $:606 HP:10(10) Pw:2(2) AC:10 Xp:1/0 T:6                                 

",0.0,False
14,northwest,,"message:
It's a wall.

language observation:
gold piece far east
tame little dog far east
vertical wall far east
stairs up near east
splint mail near eastsoutheast
horizontal closed door near eastsoutheast
horizontal wall near southeast and south
horizontal wall adjacent north and northeast
vertical wall adjacent southwest and west
northwest room corner adjacent northwest

cursor:
Yourself a tourist
(x=21, y=4)

map:
                                                                                
                                                                                
                    -----------                                                 
                    |@....<.$d|                                                 
                    |..........                                                 
                    |...[.....|                                                 
                    -----+-----                                                 
                                                                                
                                                                                
                                                                                
                                                                                
                                                                                
                                                                                
                                                                                
                                                                                
                                                                                
                                                                                
                                                                                
                                                                                
                                                                                
                                                                                
Agent the Rambler              St:10 Dx:13 Co:14 In:16 Wi:8 Ch:13 Neutral S:0   
Dlvl:1 $:606 HP:10(10) Pw:2(2) AC:10 Xp:1/0 T:6                                 

",0.0,False
15,west,,"message:
It's a wall.

language observation:
gold piece far east
tame little dog far east
vertical wall far east
stairs up near east
splint mail near eastsoutheast
horizontal closed door near eastsoutheast
horizontal wall near southeast and south
horizontal wall adjacent north and northeast
vertical wall adjacent southwest and west
northwest room corner adjacent northwest

cursor:
Yourself a tourist
(x=21, y=4)

map:
                                                                                
                                                                                
                    -----------                                                 
                    |@....<.$d|                                                 
                    |..........                                                 
                    |...[.....|                                                 
                    -----+-----                                                 
                                                                                
                                                                                
                                                                                
                                                                                
                                                                                
                                                                                
                                                                                
                                                                                
                                                                                
                                                                                
                                                                                
                                                                                
                                                                                
                                                                                
Agent the Rambler              St:10 Dx:13 Co:14 In:16 Wi:8 Ch:13 Neutral S:0   
Dlvl:1 $:606 HP:10(10) Pw:2(2) AC:10 Xp:1/0 T:6                                 

",0.0,False
16,northwest,,"message:
It's a wall.

language observation:
gold piece far east
tame little dog far east
vertical wall far east
stairs up near east
splint mail near eastsoutheast
horizontal closed door near eastsoutheast
horizontal wall near southeast and south
horizontal wall adjacent north and northeast
vertical wall adjacent southwest and west
northwest room corner adjacent northwest

cursor:
Yourself a tourist
(x=21, y=4)

map:
                                                                                
                                                                                
                    -----------                                                 
                    |@....<.$d|                                                 
                    |..........                                                 
                    |...[.....|                                                 
                    -----+-----                                                 
                                                                                
                                                                                
                                                                                
                                                                                
                                                                                
                                                                                
                                                                                
                                                                                
                                                                                
                                                                                
                                                                                
                                                                                
                                                                                
                                                                                
Agent the Rambler              St:10 Dx:13 Co:14 In:16 Wi:8 Ch:13 Neutral S:0   
Dlvl:1 $:606 HP:10(10) Pw:2(2) AC:10 Xp:1/0 T:6                                 

",0.0,False
17,west,,"message:
It's a wall.

language observation:
gold piece far east
tame little dog far east
vertical wall far east
stairs up near east
splint mail near eastsoutheast
horizontal closed door near eastsoutheast
horizontal wall near southeast and south
horizontal wall adjacent north and northeast
vertical wall adjacent southwest and west
northwest room corner adjacent northwest

cursor:
Yourself a tourist
(x=21, y=4)

map:
                                                                                
                                                                                
                    -----------                                                 
                    |@....<.$d|                                                 
                    |..........                                                 
                    |...[.....|                                                 
                    -----+-----                                                 
                                                                                
                                                                                
                                                                                
                                                                                
                                                                                
                                                                                
                                                                                
                                                                                
                                                                                
                                                                                
                                                                                
                                                                                
                                                                                
                                                                                
Agent the Rambler              St:10 Dx:13 Co:14 In:16 Wi:8 Ch:13 Neutral S:0   
Dlvl:1 $:606 HP:10(10) Pw:2(2) AC:10 Xp:1/0 T:6                                 

",0.0,False
18,west,,"message:
It's a wall.

language observation:
gold piece far east
tame little dog far east
vertical wall far east
stairs up near east
splint mail near eastsoutheast
horizontal closed door near eastsoutheast
horizontal wall near southeast and south
horizontal wall adjacent north and northeast
vertical wall adjacent southwest and west
northwest room corner adjacent northwest

cursor:
Yourself a tourist
(x=21, y=4)

map:
                                                                                
                                                                                
                    -----------                                                 
                    |@....<.$d|                                                 
                    |..........                                                 
                    |...[.....|                                                 
                    -----+-----                                                 
                                                                                
                                                                                
                                                                                
                                                                                
                                                                                
                                                                                
                                                                                
                                                                                
                                                                                
                                                                                
                                                                                
                                                                                
                                                                                
                                                                                
Agent the Rambler              St:10 Dx:13 Co:14 In:16 Wi:8 Ch:13 Neutral S:0   
Dlvl:1 $:606 HP:10(10) Pw:2(2) AC:10 Xp:1/0 T:6                                 

",0.0,False
19,northwest,,"message:
It's a wall.

language observation:
gold piece far east
tame little dog far east
vertical wall far east
stairs up near east
splint mail near eastsoutheast
horizontal closed door near eastsoutheast
horizontal wall near southeast and south
horizontal wall adjacent north and northeast
vertical wall adjacent southwest and west
northwest room corner adjacent northwest

cursor:
Yourself a tourist
(x=21, y=4)

map:
                                                                                
                                                                                
                    -----------                                                 
                    |@....<.$d|                                                 
                    |..........                                                 
                    |...[.....|                                                 
                    -----+-----                                                 
                                                                                
                                                                                
                                                                                
                                                                                
                                                                                
                                                                                
                                                                                
                                                                                
                                                                                
                                                                                
                                                                                
                                                                                
                                                                                
                                                                                
Agent the Rambler              St:10 Dx:13 Co:14 In:16 Wi:8 Ch:13 Neutral S:0   
Dlvl:1 $:606 HP:10(10) Pw:2(2) AC:10 Xp:1/0 T:6                                 

",0.0,False
20,west,,"message:
It's a wall.

language observation:
gold piece far east
tame little dog far east
vertical wall far east
stairs up near east
splint mail near eastsoutheast
horizontal closed door near eastsoutheast
horizontal wall near southeast and south
horizontal wall adjacent north and northeast
vertical wall adjacent southwest and west
northwest room corner adjacent northwest

cursor:
Yourself a tourist
(x=21, y=4)

map:
                                                                                
                                                                                
                    -----------                                                 
                    |@....<.$d|                                                 
                    |..........                                                 
                    |...[.....|                                                 
                    -----+-----                                                 
                                                                                
                                                                                
                                                                                
                                                                                
                                                                                
                                                                                
                                                                                
                                                                                
                                                                                
                                                                                
                                                                                
                                                                                
                                                                                
                                                                                
Agent the Rambler              St:10 Dx:13 Co:14 In:16 Wi:8 Ch:13 Neutral S:0   
Dlvl:1 $:606 HP:10(10) Pw:2(2) AC:10 Xp:1/0 T:6                                 

",0.0,False
21,northwest,,"message:
It's a wall.

language observation:
gold piece far east
tame little dog far east
vertical wall far east
stairs up near east
splint mail near eastsoutheast
horizontal closed door near eastsoutheast
horizontal wall near southeast and south
horizontal wall adjacent north and northeast
vertical wall adjacent southwest and west
northwest room corner adjacent northwest

cursor:
Yourself a tourist
(x=21, y=4)

map:
                                                                                
                                                                                
                    -----------                                                 
                    |@....<.$d|                                                 
                    |..........                                                 
                    |...[.....|                                                 
                    -----+-----                                                 
                                                                                
                                                                                
                                                                                
                                                                                
                                                                                
                                                                                
                                                                                
                                                                                
                                                                                
                                                                                
                                                                                
                                                                                
                                                                                
                                                                                
Agent the Rambler              St:10 Dx:13 Co:14 In:16 Wi:8 Ch:13 Neutral S:0   
Dlvl:1 $:606 HP:10(10) Pw:2(2) AC:10 Xp:1/0 T:6                                 

",0.0,False
22,northwest,,"message:
It's a wall.

language observation:
gold piece far east
tame little dog far east
vertical wall far east
stairs up near east
splint mail near eastsoutheast
horizontal closed door near eastsoutheast
horizontal wall near southeast and south
horizontal wall adjacent north and northeast
vertical wall adjacent southwest and west
northwest room corner adjacent northwest

cursor:
Yourself a tourist
(x=21, y=4)

map:
                                                                                
                                                                                
                    -----------                                                 
                    |@....<.$d|                                                 
                    |..........                                                 
                    |...[.....|                                                 
                    -----+-----                                                 
                                                                                
                                                                                
                                                                                
                                                                                
                                                                                
                                                                                
                                                                                
                                                                                
                                                                                
                                                                                
                                                                                
                                                                                
                                                                                
                                                                                
Agent the Rambler              St:10 Dx:13 Co:14 In:16 Wi:8 Ch:13 Neutral S:0   
Dlvl:1 $:606 HP:10(10) Pw:2(2) AC:10 Xp:1/0 T:6                                 

",0.0,False
23,west,,"message:
It's a wall.

language observation:
gold piece far east
tame little dog far east
vertical wall far east
stairs up near east
splint mail near eastsoutheast
horizontal closed door near eastsoutheast
horizontal wall near southeast and south
horizontal wall adjacent north and northeast
vertical wall adjacent southwest and west
northwest room corner adjacent northwest

cursor:
Yourself a tourist
(x=21, y=4)

map:
                                                                                
                                                                                
                    -----------                                                 
                    |@....<.$d|                                                 
                    |..........                                                 
                    |...[.....|                                                 
                    -----+-----                                                 
                                                                                
                                                                                
                                                                                
                                                                                
                                                                                
                                                                                
                                                                                
                                                                                
                                                                                
                                                                                
                                                                                
                                                                                
                                                                                
                                                                                
Agent the Rambler              St:10 Dx:13 Co:14 In:16 Wi:8 Ch:13 Neutral S:0   
Dlvl:1 $:606 HP:10(10) Pw:2(2) AC:10 Xp:1/0 T:6                                 

",0.0,False
24,northwest,,"message:
It's a wall.

language observation:
gold piece far east
tame little dog far east
vertical wall far east
stairs up near east
splint mail near eastsoutheast
horizontal closed door near eastsoutheast
horizontal wall near southeast and south
horizontal wall adjacent north and northeast
vertical wall adjacent southwest and west
northwest room corner adjacent northwest

cursor:
Yourself a tourist
(x=21, y=4)

map:
                                                                                
                                                                                
                    -----------                                                 
                    |@....<.$d|                                                 
                    |..........                                                 
                    |...[.....|                                                 
                    -----+-----                                                 
                                                                                
                                                                                
                                                                                
                                                                                
                                                                                
                                                                                
                                                                                
                                                                                
                                                                                
                                                                                
                                                                                
                                                                                
                                                                                
                                                                                
Agent the Rambler              St:10 Dx:13 Co:14 In:16 Wi:8 Ch:13 Neutral S:0   
Dlvl:1 $:606 HP:10(10) Pw:2(2) AC:10 Xp:1/0 T:6                                 

",0.0,False
25,northwest,,"message:
It's a wall.

language observation:
gold piece far east
tame little dog far east
vertical wall far east
stairs up near east
splint mail near eastsoutheast
horizontal closed door near eastsoutheast
horizontal wall near southeast and south
horizontal wall adjacent north and northeast
vertical wall adjacent southwest and west
northwest room corner adjacent northwest

cursor:
Yourself a tourist
(x=21, y=4)

map:
                                                                                
                                                                                
                    -----------                                                 
                    |@....<.$d|                                                 
                    |..........                                                 
                    |...[.....|                                                 
                    -----+-----                                                 
                                                                                
                                                                                
                                                                                
                                                                                
                                                                                
                                                                                
                                                                                
                                                                                
                                                                                
                                                                                
                                                                                
                                                                                
                                                                                
                                                                                
Agent the Rambler              St:10 Dx:13 Co:14 In:16 Wi:8 Ch:13 Neutral S:0   
Dlvl:1 $:606 HP:10(10) Pw:2(2) AC:10 Xp:1/0 T:6                                 

",0.0,False
26,west,,"message:
It's a wall.

language observation:
gold piece far east
tame little dog far east
vertical wall far east
stairs up near east
splint mail near eastsoutheast
horizontal closed door near eastsoutheast
horizontal wall near southeast and south
horizontal wall adjacent north and northeast
vertical wall adjacent southwest and west
northwest room corner adjacent northwest

cursor:
Yourself a tourist
(x=21, y=4)

map:
                                                                                
                                                                                
                    -----------                                                 
                    |@....<.$d|                                                 
                    |..........                                                 
                    |...[.....|                                                 
                    -----+-----                                                 
                                                                                
                                                                                
                                                                                
                                                                                
                                                                                
                                                                                
                                                                                
                                                                                
                                                                                
                                                                                
                                                                                
                                                                                
                                                                                
                                                                                
Agent the Rambler              St:10 Dx:13 Co:14 In:16 Wi:8 Ch:13 Neutral S:0   
Dlvl:1 $:606 HP:10(10) Pw:2(2) AC:10 Xp:1/0 T:6                                 

",0.0,False
27,west,,"message:
It's a wall.

language observation:
gold piece far east
tame little dog far east
vertical wall far east
stairs up near east
splint mail near eastsoutheast
horizontal closed door near eastsoutheast
horizontal wall near southeast and south
horizontal wall adjacent north and northeast
vertical wall adjacent southwest and west
northwest room corner adjacent northwest

cursor:
Yourself a tourist
(x=21, y=4)

map:
                                                                                
                                                                                
                    -----------                                                 
                    |@....<.$d|                                                 
                    |..........                                                 
                    |...[.....|                                                 
                    -----+-----                                                 
                                                                                
                                                                                
                                                                                
                                                                                
                                                                                
                                                                                
                                                                                
                                                                                
                                                                                
                                                                                
                                                                                
                                                                                
                                                                                
                                                                                
Agent the Rambler              St:10 Dx:13 Co:14 In:16 Wi:8 Ch:13 Neutral S:0   
Dlvl:1 $:606 HP:10(10) Pw:2(2) AC:10 Xp:1/0 T:6                                 

",0.0,False
28,west,,"message:
It's a wall.

language observation:
gold piece far east
tame little dog far east
vertical wall far east
stairs up near east
splint mail near eastsoutheast
horizontal closed door near eastsoutheast
horizontal wall near southeast and south
horizontal wall adjacent north and northeast
vertical wall adjacent southwest and west
northwest room corner adjacent northwest

cursor:
Yourself a tourist
(x=21, y=4)

map:
                                                                                
                                                                                
                    -----------                                                 
                    |@....<.$d|                                                 
                    |..........                                                 
                    |...[.....|                                                 
                    -----+-----                                                 
                                                                                
                                                                                
                                                                                
                                                                                
                                                                                
                                                                                
                                                                                
                                                                                
                                                                                
                                                                                
                                                                                
                                                                                
                                                                                
                                                                                
Agent the Rambler              St:10 Dx:13 Co:14 In:16 Wi:8 Ch:13 Neutral S:0   
Dlvl:1 $:606 HP:10(10) Pw:2(2) AC:10 Xp:1/0 T:6                                 

",0.0,False
29,west,,"message:
It's a wall.

language observation:
gold piece far east
tame little dog far east
vertical wall far east
stairs up near east
splint mail near eastsoutheast
horizontal closed door near eastsoutheast
horizontal wall near southeast and south
horizontal wall adjacent north and northeast
vertical wall adjacent southwest and west
northwest room corner adjacent northwest

cursor:
Yourself a tourist
(x=21, y=4)

map:
                                                                                
                                                                                
                    -----------                                                 
                    |@....<.$d|                                                 
                    |..........                                                 
                    |...[.....|                                                 
                    -----+-----                                                 
                                                                                
                                                                                
                                                                                
                                                                                
                                                                                
                                                                                
                                                                                
                                                                                
                                                                                
                                                                                
                                                                                
                                                                                
                                                                                
                                                                                
Agent the Rambler              St:10 Dx:13 Co:14 In:16 Wi:8 Ch:13 Neutral S:0   
Dlvl:1 $:606 HP:10(10) Pw:2(2) AC:10 Xp:1/0 T:6                                 

",0.0,False
30,west,,"message:
It's a wall.

language observation:
gold piece far east
tame little dog far east
vertical wall far east
stairs up near east
splint mail near eastsoutheast
horizontal closed door near eastsoutheast
horizontal wall near southeast and south
horizontal wall adjacent north and northeast
vertical wall adjacent southwest and west
northwest room corner adjacent northwest

cursor:
Yourself a tourist
(x=21, y=4)

map:
                                                                                
                                                                                
                    -----------                                                 
                    |@....<.$d|                                                 
                    |..........                                                 
                    |...[.....|                                                 
                    -----+-----                                                 
                                                                                
                                                                                
                                                                                
                                                                                
                                                                                
                                                                                
                                                                                
                                                                                
                                                                                
                                                                                
                                                                                
                                                                                
                                                                                
                                                                                
Agent the Rambler              St:10 Dx:13 Co:14 In:16 Wi:8 Ch:13 Neutral S:0   
Dlvl:1 $:606 HP:10(10) Pw:2(2) AC:10 Xp:1/0 T:6                                 

",0.0,False
31,west,,"message:
It's a wall.

language observation:
gold piece far east
tame little dog far east
vertical wall far east
stairs up near east
splint mail near eastsoutheast
horizontal closed door near eastsoutheast
horizontal wall near southeast and south
horizontal wall adjacent north and northeast
vertical wall adjacent southwest and west
northwest room corner adjacent northwest

cursor:
Yourself a tourist
(x=21, y=4)

map:
                                                                                
                                                                                
                    -----------                                                 
                    |@....<.$d|                                                 
                    |..........                                                 
                    |...[.....|                                                 
                    -----+-----                                                 
                                                                                
                                                                                
                                                                                
                                                                                
                                                                                
                                                                                
                                                                                
                                                                                
                                                                                
                                                                                
                                                                                
                                                                                
                                                                                
                                                                                
Agent the Rambler              St:10 Dx:13 Co:14 In:16 Wi:8 Ch:13 Neutral S:0   
Dlvl:1 $:606 HP:10(10) Pw:2(2) AC:10 Xp:1/0 T:6                                 

",0.0,False
32,west,,"message:
It's a wall.

language observation:
gold piece far east
tame little dog far east
vertical wall far east
stairs up near east
splint mail near eastsoutheast
horizontal closed door near eastsoutheast
horizontal wall near southeast and south
horizontal wall adjacent north and northeast
vertical wall adjacent southwest and west
northwest room corner adjacent northwest

cursor:
Yourself a tourist
(x=21, y=4)

map:
                                                                                
                                                                                
                    -----------                                                 
                    |@....<.$d|                                                 
                    |..........                                                 
                    |...[.....|                                                 
                    -----+-----                                                 
                                                                                
                                                                                
                                                                                
                                                                                
                                                                                
                                                                                
                                                                                
                                                                                
                                                                                
                                                                                
                                                                                
                                                                                
                                                                                
                                                                                
Agent the Rambler              St:10 Dx:13 Co:14 In:16 Wi:8 Ch:13 Neutral S:0   
Dlvl:1 $:606 HP:10(10) Pw:2(2) AC:10 Xp:1/0 T:6                                 

",0.0,False
33,west,,"message:
It's a wall.

language observation:
gold piece far east
tame little dog far east
vertical wall far east
stairs up near east
splint mail near eastsoutheast
horizontal closed door near eastsoutheast
horizontal wall near southeast and south
horizontal wall adjacent north and northeast
vertical wall adjacent southwest and west
northwest room corner adjacent northwest

cursor:
Yourself a tourist
(x=21, y=4)

map:
                                                                                
                                                                                
                    -----------                                                 
                    |@....<.$d|                                                 
                    |..........                                                 
                    |...[.....|                                                 
                    -----+-----                                                 
                                                                                
                                                                                
                                                                                
                                                                                
                                                                                
                                                                                
                                                                                
                                                                                
                                                                                
                                                                                
                                                                                
                                                                                
                                                                                
                                                                                
Agent the Rambler              St:10 Dx:13 Co:14 In:16 Wi:8 Ch:13 Neutral S:0   
Dlvl:1 $:606 HP:10(10) Pw:2(2) AC:10 Xp:1/0 T:6                                 

",0.0,False
34,west,,"message:
It's a wall.

language observation:
gold piece far east
tame little dog far east
vertical wall far east
stairs up near east
splint mail near eastsoutheast
horizontal closed door near eastsoutheast
horizontal wall near southeast and south
horizontal wall adjacent north and northeast
vertical wall adjacent southwest and west
northwest room corner adjacent northwest

cursor:
Yourself a tourist
(x=21, y=4)

map:
                                                                                
                                                                                
                    -----------                                                 
                    |@....<.$d|                                                 
                    |..........                                                 
                    |...[.....|                                                 
                    -----+-----                                                 
                                                                                
                                                                                
                                                                                
                                                                                
                                                                                
                                                                                
                                                                                
                                                                                
                                                                                
                                                                                
                                                                                
                                                                                
                                                                                
                                                                                
Agent the Rambler              St:10 Dx:13 Co:14 In:16 Wi:8 Ch:13 Neutral S:0   
Dlvl:1 $:606 HP:10(10) Pw:2(2) AC:10 Xp:1/0 T:6                                 

",0.0,False
35,west,,"message:
It's a wall.

language observation:
gold piece far east
tame little dog far east
vertical wall far east
stairs up near east
splint mail near eastsoutheast
horizontal closed door near eastsoutheast
horizontal wall near southeast and south
horizontal wall adjacent north and northeast
vertical wall adjacent southwest and west
northwest room corner adjacent northwest

cursor:
Yourself a tourist
(x=21, y=4)

map:
                                                                                
                                                                                
                    -----------                                                 
                    |@....<.$d|                                                 
                    |..........                                                 
                    |...[.....|                                                 
                    -----+-----                                                 
                                                                                
                                                                                
                                                                                
                                                                                
                                                                                
                                                                                
                                                                                
                                                                                
                                                                                
                                                                                
                                                                                
                                                                                
                                                                                
                                                                                
Agent the Rambler              St:10 Dx:13 Co:14 In:16 Wi:8 Ch:13 Neutral S:0   
Dlvl:1 $:606 HP:10(10) Pw:2(2) AC:10 Xp:1/0 T:6                                 

",0.0,False
36,west,,"message:
It's a wall.

language observation:
gold piece far east
tame little dog far east
vertical wall far east
stairs up near east
splint mail near eastsoutheast
horizontal closed door near eastsoutheast
horizontal wall near southeast and south
horizontal wall adjacent north and northeast
vertical wall adjacent southwest and west
northwest room corner adjacent northwest

cursor:
Yourself a tourist
(x=21, y=4)

map:
                                                                                
                                                                                
                    -----------                                                 
                    |@....<.$d|                                                 
                    |..........                                                 
                    |...[.....|                                                 
                    -----+-----                                                 
                                                                                
                                                                                
                                                                                
                                                                                
                                                                                
                                                                                
                                                                                
                                                                                
                                                                                
                                                                                
                                                                                
                                                                                
                                                                                
                                                                                
Agent the Rambler              St:10 Dx:13 Co:14 In:16 Wi:8 Ch:13 Neutral S:0   
Dlvl:1 $:606 HP:10(10) Pw:2(2) AC:10 Xp:1/0 T:6                                 

",0.0,False
37,west,,"message:
It's a wall.

language observation:
gold piece far east
tame little dog far east
vertical wall far east
stairs up near east
splint mail near eastsoutheast
horizontal closed door near eastsoutheast
horizontal wall near southeast and south
horizontal wall adjacent north and northeast
vertical wall adjacent southwest and west
northwest room corner adjacent northwest

cursor:
Yourself a tourist
(x=21, y=4)

map:
                                                                                
                                                                                
                    -----------                                                 
                    |@....<.$d|                                                 
                    |..........                                                 
                    |...[.....|                                                 
                    -----+-----                                                 
                                                                                
                                                                                
                                                                                
                                                                                
                                                                                
                                                                                
                                                                                
                                                                                
                                                                                
                                                                                
                                                                                
                                                                                
                                                                                
                                                                                
Agent the Rambler              St:10 Dx:13 Co:14 In:16 Wi:8 Ch:13 Neutral S:0   
Dlvl:1 $:606 HP:10(10) Pw:2(2) AC:10 Xp:1/0 T:6                                 

",0.0,False
38,west,,"message:
It's a wall.

language observation:
gold piece far east
tame little dog far east
vertical wall far east
stairs up near east
splint mail near eastsoutheast
horizontal closed door near eastsoutheast
horizontal wall near southeast and south
horizontal wall adjacent north and northeast
vertical wall adjacent southwest and west
northwest room corner adjacent northwest

cursor:
Yourself a tourist
(x=21, y=4)

map:
                                                                                
                                                                                
                    -----------                                                 
                    |@....<.$d|                                                 
                    |..........                                                 
                    |...[.....|                                                 
                    -----+-----                                                 
                                                                                
                                                                                
                                                                                
                                                                                
                                                                                
                                                                                
                                                                                
                                                                                
                                                                                
                                                                                
                                                                                
                                                                                
                                                                                
                                                                                
Agent the Rambler              St:10 Dx:13 Co:14 In:16 Wi:8 Ch:13 Neutral S:0   
Dlvl:1 $:606 HP:10(10) Pw:2(2) AC:10 Xp:1/0 T:6                                 

",0.0,False
39,west,,"message:
It's a wall.

language observation:
gold piece far east
tame little dog far east
vertical wall far east
stairs up near east
splint mail near eastsoutheast
horizontal closed door near eastsoutheast
horizontal wall near southeast and south
horizontal wall adjacent north and northeast
vertical wall adjacent southwest and west
northwest room corner adjacent northwest

cursor:
Yourself a tourist
(x=21, y=4)

map:
                                                                                
                                                                                
                    -----------                                                 
                    |@....<.$d|                                                 
                    |..........                                                 
                    |...[.....|                                                 
                    -----+-----                                                 
                                                                                
                                                                                
                                                                                
                                                                                
                                                                                
                                                                                
                                                                                
                                                                                
                                                                                
                                                                                
                                                                                
                                                                                
                                                                                
                                                                                
Agent the Rambler              St:10 Dx:13 Co:14 In:16 Wi:8 Ch:13 Neutral S:0   
Dlvl:1 $:606 HP:10(10) Pw:2(2) AC:10 Xp:1/0 T:6                                 

",0.0,False
40,west,,"message:
It's a wall.

language observation:
gold piece far east
tame little dog far east
vertical wall far east
stairs up near east
splint mail near eastsoutheast
horizontal closed door near eastsoutheast
horizontal wall near southeast and south
horizontal wall adjacent north and northeast
vertical wall adjacent southwest and west
northwest room corner adjacent northwest

cursor:
Yourself a tourist
(x=21, y=4)

map:
                                                                                
                                                                                
                    -----------                                                 
                    |@....<.$d|                                                 
                    |..........                                                 
                    |...[.....|                                                 
                    -----+-----                                                 
                                                                                
                                                                                
                                                                                
                                                                                
                                                                                
                                                                                
                                                                                
                                                                                
                                                                                
                                                                                
                                                                                
                                                                                
                                                                                
                                                                                
Agent the Rambler              St:10 Dx:13 Co:14 In:16 Wi:8 Ch:13 Neutral S:0   
Dlvl:1 $:606 HP:10(10) Pw:2(2) AC:10 Xp:1/0 T:6                                 

",0.0,False
41,west,,"message:
It's a wall.

language observation:
gold piece far east
tame little dog far east
vertical wall far east
stairs up near east
splint mail near eastsoutheast
horizontal closed door near eastsoutheast
horizontal wall near southeast and south
horizontal wall adjacent north and northeast
vertical wall adjacent southwest and west
northwest room corner adjacent northwest

cursor:
Yourself a tourist
(x=21, y=4)

map:
                                                                                
                                                                                
                    -----------                                                 
                    |@....<.$d|                                                 
                    |..........                                                 
                    |...[.....|                                                 
                    -----+-----                                                 
                                                                                
                                                                                
                                                                                
                                                                                
                                                                                
                                                                                
                                                                                
                                                                                
                                                                                
                                                                                
                                                                                
                                                                                
                                                                                
                                                                                
Agent the Rambler              St:10 Dx:13 Co:14 In:16 Wi:8 Ch:13 Neutral S:0   
Dlvl:1 $:606 HP:10(10) Pw:2(2) AC:10 Xp:1/0 T:6                                 

",0.0,False
42,west,,"message:
It's a wall.

language observation:
gold piece far east
tame little dog far east
vertical wall far east
stairs up near east
splint mail near eastsoutheast
horizontal closed door near eastsoutheast
horizontal wall near southeast and south
horizontal wall adjacent north and northeast
vertical wall adjacent southwest and west
northwest room corner adjacent northwest

cursor:
Yourself a tourist
(x=21, y=4)

map:
                                                                                
                                                                                
                    -----------                                                 
                    |@....<.$d|                                                 
                    |..........                                                 
                    |...[.....|                                                 
                    -----+-----                                                 
                                                                                
                                                                                
                                                                                
                                                                                
                                                                                
                                                                                
                                                                                
                                                                                
                                                                                
                                                                                
                                                                                
                                                                                
                                                                                
                                                                                
Agent the Rambler              St:10 Dx:13 Co:14 In:16 Wi:8 Ch:13 Neutral S:0   
Dlvl:1 $:606 HP:10(10) Pw:2(2) AC:10 Xp:1/0 T:6                                 

",0.0,False
43,west,,"message:
It's a wall.

language observation:
gold piece far east
tame little dog far east
vertical wall far east
stairs up near east
splint mail near eastsoutheast
horizontal closed door near eastsoutheast
horizontal wall near southeast and south
horizontal wall adjacent north and northeast
vertical wall adjacent southwest and west
northwest room corner adjacent northwest

cursor:
Yourself a tourist
(x=21, y=4)

map:
                                                                                
                                                                                
                    -----------                                                 
                    |@....<.$d|                                                 
                    |..........                                                 
                    |...[.....|                                                 
                    -----+-----                                                 
                                                                                
                                                                                
                                                                                
                                                                                
                                                                                
                                                                                
                                                                                
                                                                                
                                                                                
                                                                                
                                                                                
                                                                                
                                                                                
                                                                                
Agent the Rambler              St:10 Dx:13 Co:14 In:16 Wi:8 Ch:13 Neutral S:0   
Dlvl:1 $:606 HP:10(10) Pw:2(2) AC:10 Xp:1/0 T:6                                 

",0.0,False
44,west,,"message:
It's a wall.

language observation:
gold piece far east
tame little dog far east
vertical wall far east
stairs up near east
splint mail near eastsoutheast
horizontal closed door near eastsoutheast
horizontal wall near southeast and south
horizontal wall adjacent north and northeast
vertical wall adjacent southwest and west
northwest room corner adjacent northwest

cursor:
Yourself a tourist
(x=21, y=4)

map:
                                                                                
                                                                                
                    -----------                                                 
                    |@....<.$d|                                                 
                    |..........                                                 
                    |...[.....|                                                 
                    -----+-----                                                 
                                                                                
                                                                                
                                                                                
                                                                                
                                                                                
                                                                                
                                                                                
                                                                                
                                                                                
                                                                                
                                                                                
                                                                                
                                                                                
                                                                                
Agent the Rambler              St:10 Dx:13 Co:14 In:16 Wi:8 Ch:13 Neutral S:0   
Dlvl:1 $:606 HP:10(10) Pw:2(2) AC:10 Xp:1/0 T:6                                 

",0.0,False
45,west,,"message:
It's a wall.

language observation:
gold piece far east
tame little dog far east
vertical wall far east
stairs up near east
splint mail near eastsoutheast
horizontal closed door near eastsoutheast
horizontal wall near southeast and south
horizontal wall adjacent north and northeast
vertical wall adjacent southwest and west
northwest room corner adjacent northwest

cursor:
Yourself a tourist
(x=21, y=4)

map:
                                                                                
                                                                                
                    -----------                                                 
                    |@....<.$d|                                                 
                    |..........                                                 
                    |...[.....|                                                 
                    -----+-----                                                 
                                                                                
                                                                                
                                                                                
                                                                                
                                                                                
                                                                                
                                                                                
                                                                                
                                                                                
                                                                                
                                                                                
                                                                                
                                                                                
                                                                                
Agent the Rambler              St:10 Dx:13 Co:14 In:16 Wi:8 Ch:13 Neutral S:0   
Dlvl:1 $:606 HP:10(10) Pw:2(2) AC:10 Xp:1/0 T:6                                 

",0.0,False
46,west,,"message:
It's a wall.

language observation:
gold piece far east
tame little dog far east
vertical wall far east
stairs up near east
splint mail near eastsoutheast
horizontal closed door near eastsoutheast
horizontal wall near southeast and south
horizontal wall adjacent north and northeast
vertical wall adjacent southwest and west
northwest room corner adjacent northwest

cursor:
Yourself a tourist
(x=21, y=4)

map:
                                                                                
                                                                                
                    -----------                                                 
                    |@....<.$d|                                                 
                    |..........                                                 
                    |...[.....|                                                 
                    -----+-----                                                 
                                                                                
                                                                                
                                                                                
                                                                                
                                                                                
                                                                                
                                                                                
                                                                                
                                                                                
                                                                                
                                                                                
                                                                                
                                                                                
                                                                                
Agent the Rambler              St:10 Dx:13 Co:14 In:16 Wi:8 Ch:13 Neutral S:0   
Dlvl:1 $:606 HP:10(10) Pw:2(2) AC:10 Xp:1/0 T:6                                 

",0.0,False
47,west,,"message:
It's a wall.

language observation:
gold piece far east
tame little dog far east
vertical wall far east
stairs up near east
splint mail near eastsoutheast
horizontal closed door near eastsoutheast
horizontal wall near southeast and south
horizontal wall adjacent north and northeast
vertical wall adjacent southwest and west
northwest room corner adjacent northwest

cursor:
Yourself a tourist
(x=21, y=4)

map:
                                                                                
                                                                                
                    -----------                                                 
                    |@....<.$d|                                                 
                    |..........                                                 
                    |...[.....|                                                 
                    -----+-----                                                 
                                                                                
                                                                                
                                                                                
                                                                                
                                                                                
                                                                                
                                                                                
                                                                                
                                                                                
                                                                                
                                                                                
                                                                                
                                                                                
                                                                                
Agent the Rambler              St:10 Dx:13 Co:14 In:16 Wi:8 Ch:13 Neutral S:0   
Dlvl:1 $:606 HP:10(10) Pw:2(2) AC:10 Xp:1/0 T:6                                 

",0.0,False
48,west,,"message:
It's a wall.

language observation:
gold piece far east
tame little dog far east
vertical wall far east
stairs up near east
splint mail near eastsoutheast
horizontal closed door near eastsoutheast
horizontal wall near southeast and south
horizontal wall adjacent north and northeast
vertical wall adjacent southwest and west
northwest room corner adjacent northwest

cursor:
Yourself a tourist
(x=21, y=4)

map:
                                                                                
                                                                                
                    -----------                                                 
                    |@....<.$d|                                                 
                    |..........                                                 
                    |...[.....|                                                 
                    -----+-----                                                 
                                                                                
                                                                                
                                                                                
                                                                                
                                                                                
                                                                                
                                                                                
                                                                                
                                                                                
                                                                                
                                                                                
                                                                                
                                                                                
                                                                                
Agent the Rambler              St:10 Dx:13 Co:14 In:16 Wi:8 Ch:13 Neutral S:0   
Dlvl:1 $:606 HP:10(10) Pw:2(2) AC:10 Xp:1/0 T:6                                 

",0.0,False
49,west,,"message:
It's a wall.

language observation:
gold piece far east
tame little dog far east
vertical wall far east
stairs up near east
splint mail near eastsoutheast
horizontal closed door near eastsoutheast
horizontal wall near southeast and south
horizontal wall adjacent north and northeast
vertical wall adjacent southwest and west
northwest room corner adjacent northwest

cursor:
Yourself a tourist
(x=21, y=4)

map:
                                                                                
                                                                                
                    -----------                                                 
                    |@....<.$d|                                                 
                    |..........                                                 
                    |...[.....|                                                 
                    -----+-----                                                 
                                                                                
                                                                                
                                                                                
                                                                                
                                                                                
                                                                                
                                                                                
                                                                                
                                                                                
                                                                                
                                                                                
                                                                                
                                                                                
                                                                                
Agent the Rambler              St:10 Dx:13 Co:14 In:16 Wi:8 Ch:13 Neutral S:0   
Dlvl:1 $:606 HP:10(10) Pw:2(2) AC:10 Xp:1/0 T:6                                 

",0.0,False
50,west,,"message:
It's a wall.

language observation:
gold piece far east
tame little dog far east
vertical wall far east
stairs up near east
splint mail near eastsoutheast
horizontal closed door near eastsoutheast
horizontal wall near southeast and south
horizontal wall adjacent north and northeast
vertical wall adjacent southwest and west
northwest room corner adjacent northwest

cursor:
Yourself a tourist
(x=21, y=4)

map:
                                                                                
                                                                                
                    -----------                                                 
                    |@....<.$d|                                                 
                    |..........                                                 
                    |...[.....|                                                 
                    -----+-----                                                 
                                                                                
                                                                                
                                                                                
                                                                                
                                                                                
                                                                                
                                                                                
                                                                                
                                                                                
                                                                                
                                                                                
                                                                                
                                                                                
                                                                                
Agent the Rambler              St:10 Dx:13 Co:14 In:16 Wi:8 Ch:13 Neutral S:0   
Dlvl:1 $:606 HP:10(10) Pw:2(2) AC:10 Xp:1/0 T:6                                 

",0.0,False
51,west,,"message:
It's a wall.

language observation:
gold piece far east
tame little dog far east
vertical wall far east
stairs up near east
splint mail near eastsoutheast
horizontal closed door near eastsoutheast
horizontal wall near southeast and south
horizontal wall adjacent north and northeast
vertical wall adjacent southwest and west
northwest room corner adjacent northwest

cursor:
Yourself a tourist
(x=21, y=4)

map:
                                                                                
                                                                                
                    -----------                                                 
                    |@....<.$d|                                                 
                    |..........                                                 
                    |...[.....|                                                 
                    -----+-----                                                 
                                                                                
                                                                                
                                                                                
                                                                                
                                                                                
                                                                                
                                                                                
                                                                                
                                                                                
                                                                                
                                                                                
                                                                                
                                                                                
                                                                                
Agent the Rambler              St:10 Dx:13 Co:14 In:16 Wi:8 Ch:13 Neutral S:0   
Dlvl:1 $:606 HP:10(10) Pw:2(2) AC:10 Xp:1/0 T:6                                 

",0.0,False
52,west,,"message:
It's a wall.

language observation:
gold piece far east
tame little dog far east
vertical wall far east
stairs up near east
splint mail near eastsoutheast
horizontal closed door near eastsoutheast
horizontal wall near southeast and south
horizontal wall adjacent north and northeast
vertical wall adjacent southwest and west
northwest room corner adjacent northwest

cursor:
Yourself a tourist
(x=21, y=4)

map:
                                                                                
                                                                                
                    -----------                                                 
                    |@....<.$d|                                                 
                    |..........                                                 
                    |...[.....|                                                 
                    -----+-----                                                 
                                                                                
                                                                                
                                                                                
                                                                                
                                                                                
                                                                                
                                                                                
                                                                                
                                                                                
                                                                                
                                                                                
                                                                                
                                                                                
                                                                                
Agent the Rambler              St:10 Dx:13 Co:14 In:16 Wi:8 Ch:13 Neutral S:0   
Dlvl:1 $:606 HP:10(10) Pw:2(2) AC:10 Xp:1/0 T:6                                 

",0.0,False
53,west,,"message:
It's a wall.

language observation:
gold piece far east
tame little dog far east
vertical wall far east
stairs up near east
splint mail near eastsoutheast
horizontal closed door near eastsoutheast
horizontal wall near southeast and south
horizontal wall adjacent north and northeast
vertical wall adjacent southwest and west
northwest room corner adjacent northwest

cursor:
Yourself a tourist
(x=21, y=4)

map:
                                                                                
                                                                                
                    -----------                                                 
                    |@....<.$d|                                                 
                    |..........                                                 
                    |...[.....|                                                 
                    -----+-----                                                 
                                                                                
                                                                                
                                                                                
                                                                                
                                                                                
                                                                                
                                                                                
                                                                                
                                                                                
                                                                                
                                                                                
                                                                                
                                                                                
                                                                                
Agent the Rambler              St:10 Dx:13 Co:14 In:16 Wi:8 Ch:13 Neutral S:0   
Dlvl:1 $:606 HP:10(10) Pw:2(2) AC:10 Xp:1/0 T:6                                 

",0.0,False
54,west,,"message:
It's a wall.

language observation:
gold piece far east
tame little dog far east
vertical wall far east
stairs up near east
splint mail near eastsoutheast
horizontal closed door near eastsoutheast
horizontal wall near southeast and south
horizontal wall adjacent north and northeast
vertical wall adjacent southwest and west
northwest room corner adjacent northwest

cursor:
Yourself a tourist
(x=21, y=4)

map:
                                                                                
                                                                                
                    -----------                                                 
                    |@....<.$d|                                                 
                    |..........                                                 
                    |...[.....|                                                 
                    -----+-----                                                 
                                                                                
                                                                                
                                                                                
                                                                                
                                                                                
                                                                                
                                                                                
                                                                                
                                                                                
                                                                                
                                                                                
                                                                                
                                                                                
                                                                                
Agent the Rambler              St:10 Dx:13 Co:14 In:16 Wi:8 Ch:13 Neutral S:0   
Dlvl:1 $:606 HP:10(10) Pw:2(2) AC:10 Xp:1/0 T:6                                 

",0.0,False
55,west,,"message:
It's a wall.

language observation:
gold piece far east
tame little dog far east
vertical wall far east
stairs up near east
splint mail near eastsoutheast
horizontal closed door near eastsoutheast
horizontal wall near southeast and south
horizontal wall adjacent north and northeast
vertical wall adjacent southwest and west
northwest room corner adjacent northwest

cursor:
Yourself a tourist
(x=21, y=4)

map:
                                                                                
                                                                                
                    -----------                                                 
                    |@....<.$d|                                                 
                    |..........                                                 
                    |...[.....|                                                 
                    -----+-----                                                 
                                                                                
                                                                                
                                                                                
                                                                                
                                                                                
                                                                                
                                                                                
                                                                                
                                                                                
                                                                                
                                                                                
                                                                                
                                                                                
                                                                                
Agent the Rambler              St:10 Dx:13 Co:14 In:16 Wi:8 Ch:13 Neutral S:0   
Dlvl:1 $:606 HP:10(10) Pw:2(2) AC:10 Xp:1/0 T:6                                 

",0.0,False
56,west,,"message:
It's a wall.

language observation:
gold piece far east
tame little dog far east
vertical wall far east
stairs up near east
splint mail near eastsoutheast
horizontal closed door near eastsoutheast
horizontal wall near southeast and south
horizontal wall adjacent north and northeast
vertical wall adjacent southwest and west
northwest room corner adjacent northwest

cursor:
Yourself a tourist
(x=21, y=4)

map:
                                                                                
                                                                                
                    -----------                                                 
                    |@....<.$d|                                                 
                    |..........                                                 
                    |...[.....|                                                 
                    -----+-----                                                 
                                                                                
                                                                                
                                                                                
                                                                                
                                                                                
                                                                                
                                                                                
                                                                                
                                                                                
                                                                                
                                                                                
                                                                                
                                                                                
                                                                                
Agent the Rambler              St:10 Dx:13 Co:14 In:16 Wi:8 Ch:13 Neutral S:0   
Dlvl:1 $:606 HP:10(10) Pw:2(2) AC:10 Xp:1/0 T:6                                 

",0.0,False
57,west,,"message:
It's a wall.

language observation:
gold piece far east
tame little dog far east
vertical wall far east
stairs up near east
splint mail near eastsoutheast
horizontal closed door near eastsoutheast
horizontal wall near southeast and south
horizontal wall adjacent north and northeast
vertical wall adjacent southwest and west
northwest room corner adjacent northwest

cursor:
Yourself a tourist
(x=21, y=4)

map:
                                                                                
                                                                                
                    -----------                                                 
                    |@....<.$d|                                                 
                    |..........                                                 
                    |...[.....|                                                 
                    -----+-----                                                 
                                                                                
                                                                                
                                                                                
                                                                                
                                                                                
                                                                                
                                                                                
                                                                                
                                                                                
                                                                                
                                                                                
                                                                                
                                                                                
                                                                                
Agent the Rambler              St:10 Dx:13 Co:14 In:16 Wi:8 Ch:13 Neutral S:0   
Dlvl:1 $:606 HP:10(10) Pw:2(2) AC:10 Xp:1/0 T:6                                 

",0.0,False
58,west,,"message:
It's a wall.

language observation:
gold piece far east
tame little dog far east
vertical wall far east
stairs up near east
splint mail near eastsoutheast
horizontal closed door near eastsoutheast
horizontal wall near southeast and south
horizontal wall adjacent north and northeast
vertical wall adjacent southwest and west
northwest room corner adjacent northwest

cursor:
Yourself a tourist
(x=21, y=4)

map:
                                                                                
                                                                                
                    -----------                                                 
                    |@....<.$d|                                                 
                    |..........                                                 
                    |...[.....|                                                 
                    -----+-----                                                 
                                                                                
                                                                                
                                                                                
                                                                                
                                                                                
                                                                                
                                                                                
                                                                                
                                                                                
                                                                                
                                                                                
                                                                                
                                                                                
                                                                                
Agent the Rambler              St:10 Dx:13 Co:14 In:16 Wi:8 Ch:13 Neutral S:0   
Dlvl:1 $:606 HP:10(10) Pw:2(2) AC:10 Xp:1/0 T:6                                 

",0.0,False
59,west,,"message:
It's a wall.

language observation:
gold piece far east
tame little dog far east
vertical wall far east
stairs up near east
splint mail near eastsoutheast
horizontal closed door near eastsoutheast
horizontal wall near southeast and south
horizontal wall adjacent north and northeast
vertical wall adjacent southwest and west
northwest room corner adjacent northwest

cursor:
Yourself a tourist
(x=21, y=4)

map:
                                                                                
                                                                                
                    -----------                                                 
                    |@....<.$d|                                                 
                    |..........                                                 
                    |...[.....|                                                 
                    -----+-----                                                 
                                                                                
                                                                                
                                                                                
                                                                                
                                                                                
                                                                                
                                                                                
                                                                                
                                                                                
                                                                                
                                                                                
                                                                                
                                                                                
                                                                                
Agent the Rambler              St:10 Dx:13 Co:14 In:16 Wi:8 Ch:13 Neutral S:0   
Dlvl:1 $:606 HP:10(10) Pw:2(2) AC:10 Xp:1/0 T:6                                 

",0.0,False
60,west,,"message:
It's a wall.

language observation:
gold piece far east
tame little dog far east
vertical wall far east
stairs up near east
splint mail near eastsoutheast
horizontal closed door near eastsoutheast
horizontal wall near southeast and south
horizontal wall adjacent north and northeast
vertical wall adjacent southwest and west
northwest room corner adjacent northwest

cursor:
Yourself a tourist
(x=21, y=4)

map:
                                                                                
                                                                                
                    -----------                                                 
                    |@....<.$d|                                                 
                    |..........                                                 
                    |...[.....|                                                 
                    -----+-----                                                 
                                                                                
                                                                                
                                                                                
                                                                                
                                                                                
                                                                                
                                                                                
                                                                                
                                                                                
                                                                                
                                                                                
                                                                                
                                                                                
                                                                                
Agent the Rambler              St:10 Dx:13 Co:14 In:16 Wi:8 Ch:13 Neutral S:0   
Dlvl:1 $:606 HP:10(10) Pw:2(2) AC:10 Xp:1/0 T:6                                 

",0.0,False
61,west,,"message:
It's a wall.

language observation:
gold piece far east
tame little dog far east
vertical wall far east
stairs up near east
splint mail near eastsoutheast
horizontal closed door near eastsoutheast
horizontal wall near southeast and south
horizontal wall adjacent north and northeast
vertical wall adjacent southwest and west
northwest room corner adjacent northwest

cursor:
Yourself a tourist
(x=21, y=4)

map:
                                                                                
                                                                                
                    -----------                                                 
                    |@....<.$d|                                                 
                    |..........                                                 
                    |...[.....|                                                 
                    -----+-----                                                 
                                                                                
                                                                                
                                                                                
                                                                                
                                                                                
                                                                                
                                                                                
                                                                                
                                                                                
                                                                                
                                                                                
                                                                                
                                                                                
                                                                                
Agent the Rambler              St:10 Dx:13 Co:14 In:16 Wi:8 Ch:13 Neutral S:0   
Dlvl:1 $:606 HP:10(10) Pw:2(2) AC:10 Xp:1/0 T:6                                 

",0.0,False
62,west,,"message:
It's a wall.

language observation:
gold piece far east
tame little dog far east
vertical wall far east
stairs up near east
splint mail near eastsoutheast
horizontal closed door near eastsoutheast
horizontal wall near southeast and south
horizontal wall adjacent north and northeast
vertical wall adjacent southwest and west
northwest room corner adjacent northwest

cursor:
Yourself a tourist
(x=21, y=4)

map:
                                                                                
                                                                                
                    -----------                                                 
                    |@....<.$d|                                                 
                    |..........                                                 
                    |...[.....|                                                 
                    -----+-----                                                 
                                                                                
                                                                                
                                                                                
                                                                                
                                                                                
                                                                                
                                                                                
                                                                                
                                                                                
                                                                                
                                                                                
                                                                                
                                                                                
                                                                                
Agent the Rambler              St:10 Dx:13 Co:14 In:16 Wi:8 Ch:13 Neutral S:0   
Dlvl:1 $:606 HP:10(10) Pw:2(2) AC:10 Xp:1/0 T:6                                 

",0.0,False
63,west,,"message:
It's a wall.

language observation:
gold piece far east
tame little dog far east
vertical wall far east
stairs up near east
splint mail near eastsoutheast
horizontal closed door near eastsoutheast
horizontal wall near southeast and south
horizontal wall adjacent north and northeast
vertical wall adjacent southwest and west
northwest room corner adjacent northwest

cursor:
Yourself a tourist
(x=21, y=4)

map:
                                                                                
                                                                                
                    -----------                                                 
                    |@....<.$d|                                                 
                    |..........                                                 
                    |...[.....|                                                 
                    -----+-----                                                 
                                                                                
                                                                                
                                                                                
                                                                                
                                                                                
                                                                                
                                                                                
                                                                                
                                                                                
                                                                                
                                                                                
                                                                                
                                                                                
                                                                                
Agent the Rambler              St:10 Dx:13 Co:14 In:16 Wi:8 Ch:13 Neutral S:0   
Dlvl:1 $:606 HP:10(10) Pw:2(2) AC:10 Xp:1/0 T:6                                 

",0.0,False
64,west,,"message:
It's a wall.

language observation:
gold piece far east
tame little dog far east
vertical wall far east
stairs up near east
splint mail near eastsoutheast
horizontal closed door near eastsoutheast
horizontal wall near southeast and south
horizontal wall adjacent north and northeast
vertical wall adjacent southwest and west
northwest room corner adjacent northwest

cursor:
Yourself a tourist
(x=21, y=4)

map:
                                                                                
                                                                                
                    -----------                                                 
                    |@....<.$d|                                                 
                    |..........                                                 
                    |...[.....|                                                 
                    -----+-----                                                 
                                                                                
                                                                                
                                                                                
                                                                                
                                                                                
                                                                                
                                                                                
                                                                                
                                                                                
                                                                                
                                                                                
                                                                                
                                                                                
                                                                                
Agent the Rambler              St:10 Dx:13 Co:14 In:16 Wi:8 Ch:13 Neutral S:0   
Dlvl:1 $:606 HP:10(10) Pw:2(2) AC:10 Xp:1/0 T:6                                 

",0.0,False
65,west,,"message:
It's a wall.

language observation:
gold piece far east
tame little dog far east
vertical wall far east
stairs up near east
splint mail near eastsoutheast
horizontal closed door near eastsoutheast
horizontal wall near southeast and south
horizontal wall adjacent north and northeast
vertical wall adjacent southwest and west
northwest room corner adjacent northwest

cursor:
Yourself a tourist
(x=21, y=4)

map:
                                                                                
                                                                                
                    -----------                                                 
                    |@....<.$d|                                                 
                    |..........                                                 
                    |...[.....|                                                 
                    -----+-----                                                 
                                                                                
                                                                                
                                                                                
                                                                                
                                                                                
                                                                                
                                                                                
                                                                                
                                                                                
                                                                                
                                                                                
                                                                                
                                                                                
                                                                                
Agent the Rambler              St:10 Dx:13 Co:14 In:16 Wi:8 Ch:13 Neutral S:0   
Dlvl:1 $:606 HP:10(10) Pw:2(2) AC:10 Xp:1/0 T:6                                 

",0.0,False
66,west,,"message:
It's a wall.

language observation:
gold piece far east
tame little dog far east
vertical wall far east
stairs up near east
splint mail near eastsoutheast
horizontal closed door near eastsoutheast
horizontal wall near southeast and south
horizontal wall adjacent north and northeast
vertical wall adjacent southwest and west
northwest room corner adjacent northwest

cursor:
Yourself a tourist
(x=21, y=4)

map:
                                                                                
                                                                                
                    -----------                                                 
                    |@....<.$d|                                                 
                    |..........                                                 
                    |...[.....|                                                 
                    -----+-----                                                 
                                                                                
                                                                                
                                                                                
                                                                                
                                                                                
                                                                                
                                                                                
                                                                                
                                                                                
                                                                                
                                                                                
                                                                                
                                                                                
                                                                                
Agent the Rambler              St:10 Dx:13 Co:14 In:16 Wi:8 Ch:13 Neutral S:0   
Dlvl:1 $:606 HP:10(10) Pw:2(2) AC:10 Xp:1/0 T:6                                 

",0.0,False
67,west,,"message:
It's a wall.

language observation:
gold piece far east
tame little dog far east
vertical wall far east
stairs up near east
splint mail near eastsoutheast
horizontal closed door near eastsoutheast
horizontal wall near southeast and south
horizontal wall adjacent north and northeast
vertical wall adjacent southwest and west
northwest room corner adjacent northwest

cursor:
Yourself a tourist
(x=21, y=4)

map:
                                                                                
                                                                                
                    -----------                                                 
                    |@....<.$d|                                                 
                    |..........                                                 
                    |...[.....|                                                 
                    -----+-----                                                 
                                                                                
                                                                                
                                                                                
                                                                                
                                                                                
                                                                                
                                                                                
                                                                                
                                                                                
                                                                                
                                                                                
                                                                                
                                                                                
                                                                                
Agent the Rambler              St:10 Dx:13 Co:14 In:16 Wi:8 Ch:13 Neutral S:0   
Dlvl:1 $:606 HP:10(10) Pw:2(2) AC:10 Xp:1/0 T:6                                 

",0.0,False
68,west,,"message:
It's a wall.

language observation:
gold piece far east
tame little dog far east
vertical wall far east
stairs up near east
splint mail near eastsoutheast
horizontal closed door near eastsoutheast
horizontal wall near southeast and south
horizontal wall adjacent north and northeast
vertical wall adjacent southwest and west
northwest room corner adjacent northwest

cursor:
Yourself a tourist
(x=21, y=4)

map:
                                                                                
                                                                                
                    -----------                                                 
                    |@....<.$d|                                                 
                    |..........                                                 
                    |...[.....|                                                 
                    -----+-----                                                 
                                                                                
                                                                                
                                                                                
                                                                                
                                                                                
                                                                                
                                                                                
                                                                                
                                                                                
                                                                                
                                                                                
                                                                                
                                                                                
                                                                                
Agent the Rambler              St:10 Dx:13 Co:14 In:16 Wi:8 Ch:13 Neutral S:0   
Dlvl:1 $:606 HP:10(10) Pw:2(2) AC:10 Xp:1/0 T:6                                 

",0.0,False
69,west,,"message:
It's a wall.

language observation:
gold piece far east
tame little dog far east
vertical wall far east
stairs up near east
splint mail near eastsoutheast
horizontal closed door near eastsoutheast
horizontal wall near southeast and south
horizontal wall adjacent north and northeast
vertical wall adjacent southwest and west
northwest room corner adjacent northwest

cursor:
Yourself a tourist
(x=21, y=4)

map:
                                                                                
                                                                                
                    -----------                                                 
                    |@....<.$d|                                                 
                    |..........                                                 
                    |...[.....|                                                 
                    -----+-----                                                 
                                                                                
                                                                                
                                                                                
                                                                                
                                                                                
                                                                                
                                                                                
                                                                                
                                                                                
                                                                                
                                                                                
                                                                                
                                                                                
                                                                                
Agent the Rambler              St:10 Dx:13 Co:14 In:16 Wi:8 Ch:13 Neutral S:0   
Dlvl:1 $:606 HP:10(10) Pw:2(2) AC:10 Xp:1/0 T:6                                 

",0.0,False
70,west,,"message:
It's a wall.

language observation:
gold piece far east
tame little dog far east
vertical wall far east
stairs up near east
splint mail near eastsoutheast
horizontal closed door near eastsoutheast
horizontal wall near southeast and south
horizontal wall adjacent north and northeast
vertical wall adjacent southwest and west
northwest room corner adjacent northwest

cursor:
Yourself a tourist
(x=21, y=4)

map:
                                                                                
                                                                                
                    -----------                                                 
                    |@....<.$d|                                                 
                    |..........                                                 
                    |...[.....|                                                 
                    -----+-----                                                 
                                                                                
                                                                                
                                                                                
                                                                                
                                                                                
                                                                                
                                                                                
                                                                                
                                                                                
                                                                                
                                                                                
                                                                                
                                                                                
                                                                                
Agent the Rambler              St:10 Dx:13 Co:14 In:16 Wi:8 Ch:13 Neutral S:0   
Dlvl:1 $:606 HP:10(10) Pw:2(2) AC:10 Xp:1/0 T:6                                 

",0.0,False
71,west,,"message:
It's a wall.

language observation:
gold piece far east
tame little dog far east
vertical wall far east
stairs up near east
splint mail near eastsoutheast
horizontal closed door near eastsoutheast
horizontal wall near southeast and south
horizontal wall adjacent north and northeast
vertical wall adjacent southwest and west
northwest room corner adjacent northwest

cursor:
Yourself a tourist
(x=21, y=4)

map:
                                                                                
                                                                                
                    -----------                                                 
                    |@....<.$d|                                                 
                    |..........                                                 
                    |...[.....|                                                 
                    -----+-----                                                 
                                                                                
                                                                                
                                                                                
                                                                                
                                                                                
                                                                                
                                                                                
                                                                                
                                                                                
                                                                                
                                                                                
                                                                                
                                                                                
                                                                                
Agent the Rambler              St:10 Dx:13 Co:14 In:16 Wi:8 Ch:13 Neutral S:0   
Dlvl:1 $:606 HP:10(10) Pw:2(2) AC:10 Xp:1/0 T:6                                 

",0.0,False
72,west,,"message:
It's a wall.

language observation:
gold piece far east
tame little dog far east
vertical wall far east
stairs up near east
splint mail near eastsoutheast
horizontal closed door near eastsoutheast
horizontal wall near southeast and south
horizontal wall adjacent north and northeast
vertical wall adjacent southwest and west
northwest room corner adjacent northwest

cursor:
Yourself a tourist
(x=21, y=4)

map:
                                                                                
                                                                                
                    -----------                                                 
                    |@....<.$d|                                                 
                    |..........                                                 
                    |...[.....|                                                 
                    -----+-----                                                 
                                                                                
                                                                                
                                                                                
                                                                                
                                                                                
                                                                                
                                                                                
                                                                                
                                                                                
                                                                                
                                                                                
                                                                                
                                                                                
                                                                                
Agent the Rambler              St:10 Dx:13 Co:14 In:16 Wi:8 Ch:13 Neutral S:0   
Dlvl:1 $:606 HP:10(10) Pw:2(2) AC:10 Xp:1/0 T:6                                 

",0.0,False
73,west,,"message:
It's a wall.

language observation:
gold piece far east
tame little dog far east
vertical wall far east
stairs up near east
splint mail near eastsoutheast
horizontal closed door near eastsoutheast
horizontal wall near southeast and south
horizontal wall adjacent north and northeast
vertical wall adjacent southwest and west
northwest room corner adjacent northwest

cursor:
Yourself a tourist
(x=21, y=4)

map:
                                                                                
                                                                                
                    -----------                                                 
                    |@....<.$d|                                                 
                    |..........                                                 
                    |...[.....|                                                 
                    -----+-----                                                 
                                                                                
                                                                                
                                                                                
                                                                                
                                                                                
                                                                                
                                                                                
                                                                                
                                                                                
                                                                                
                                                                                
                                                                                
                                                                                
                                                                                
Agent the Rambler              St:10 Dx:13 Co:14 In:16 Wi:8 Ch:13 Neutral S:0   
Dlvl:1 $:606 HP:10(10) Pw:2(2) AC:10 Xp:1/0 T:6                                 

",0.0,False
74,west,,"message:
It's a wall.

language observation:
gold piece far east
tame little dog far east
vertical wall far east
stairs up near east
splint mail near eastsoutheast
horizontal closed door near eastsoutheast
horizontal wall near southeast and south
horizontal wall adjacent north and northeast
vertical wall adjacent southwest and west
northwest room corner adjacent northwest

cursor:
Yourself a tourist
(x=21, y=4)

map:
                                                                                
                                                                                
                    -----------                                                 
                    |@....<.$d|                                                 
                    |..........                                                 
                    |...[.....|                                                 
                    -----+-----                                                 
                                                                                
                                                                                
                                                                                
                                                                                
                                                                                
                                                                                
                                                                                
                                                                                
                                                                                
                                                                                
                                                                                
                                                                                
                                                                                
                                                                                
Agent the Rambler              St:10 Dx:13 Co:14 In:16 Wi:8 Ch:13 Neutral S:0   
Dlvl:1 $:606 HP:10(10) Pw:2(2) AC:10 Xp:1/0 T:6                                 

",0.0,False
75,west,,"message:
It's a wall.

language observation:
gold piece far east
tame little dog far east
vertical wall far east
stairs up near east
splint mail near eastsoutheast
horizontal closed door near eastsoutheast
horizontal wall near southeast and south
horizontal wall adjacent north and northeast
vertical wall adjacent southwest and west
northwest room corner adjacent northwest

cursor:
Yourself a tourist
(x=21, y=4)

map:
                                                                                
                                                                                
                    -----------                                                 
                    |@....<.$d|                                                 
                    |..........                                                 
                    |...[.....|                                                 
                    -----+-----                                                 
                                                                                
                                                                                
                                                                                
                                                                                
                                                                                
                                                                                
                                                                                
                                                                                
                                                                                
                                                                                
                                                                                
                                                                                
                                                                                
                                                                                
Agent the Rambler              St:10 Dx:13 Co:14 In:16 Wi:8 Ch:13 Neutral S:0   
Dlvl:1 $:606 HP:10(10) Pw:2(2) AC:10 Xp:1/0 T:6                                 

",0.0,False
76,west,,"message:
It's a wall.

language observation:
gold piece far east
tame little dog far east
vertical wall far east
stairs up near east
splint mail near eastsoutheast
horizontal closed door near eastsoutheast
horizontal wall near southeast and south
horizontal wall adjacent north and northeast
vertical wall adjacent southwest and west
northwest room corner adjacent northwest

cursor:
Yourself a tourist
(x=21, y=4)

map:
                                                                                
                                                                                
                    -----------                                                 
                    |@....<.$d|                                                 
                    |..........                                                 
                    |...[.....|                                                 
                    -----+-----                                                 
                                                                                
                                                                                
                                                                                
                                                                                
                                                                                
                                                                                
                                                                                
                                                                                
                                                                                
                                                                                
                                                                                
                                                                                
                                                                                
                                                                                
Agent the Rambler              St:10 Dx:13 Co:14 In:16 Wi:8 Ch:13 Neutral S:0   
Dlvl:1 $:606 HP:10(10) Pw:2(2) AC:10 Xp:1/0 T:6                                 

",0.0,False
77,west,,"message:
It's a wall.

language observation:
gold piece far east
tame little dog far east
vertical wall far east
stairs up near east
splint mail near eastsoutheast
horizontal closed door near eastsoutheast
horizontal wall near southeast and south
horizontal wall adjacent north and northeast
vertical wall adjacent southwest and west
northwest room corner adjacent northwest

cursor:
Yourself a tourist
(x=21, y=4)

map:
                                                                                
                                                                                
                    -----------                                                 
                    |@....<.$d|                                                 
                    |..........                                                 
                    |...[.....|                                                 
                    -----+-----                                                 
                                                                                
                                                                                
                                                                                
                                                                                
                                                                                
                                                                                
                                                                                
                                                                                
                                                                                
                                                                                
                                                                                
                                                                                
                                                                                
                                                                                
Agent the Rambler              St:10 Dx:13 Co:14 In:16 Wi:8 Ch:13 Neutral S:0   
Dlvl:1 $:606 HP:10(10) Pw:2(2) AC:10 Xp:1/0 T:6                                 

",0.0,False
78,west,,"message:
It's a wall.

language observation:
gold piece far east
tame little dog far east
vertical wall far east
stairs up near east
splint mail near eastsoutheast
horizontal closed door near eastsoutheast
horizontal wall near southeast and south
horizontal wall adjacent north and northeast
vertical wall adjacent southwest and west
northwest room corner adjacent northwest

cursor:
Yourself a tourist
(x=21, y=4)

map:
                                                                                
                                                                                
                    -----------                                                 
                    |@....<.$d|                                                 
                    |..........                                                 
                    |...[.....|                                                 
                    -----+-----                                                 
                                                                                
                                                                                
                                                                                
                                                                                
                                                                                
                                                                                
                                                                                
                                                                                
                                                                                
                                                                                
                                                                                
                                                                                
                                                                                
                                                                                
Agent the Rambler              St:10 Dx:13 Co:14 In:16 Wi:8 Ch:13 Neutral S:0   
Dlvl:1 $:606 HP:10(10) Pw:2(2) AC:10 Xp:1/0 T:6                                 

",0.0,False
79,west,,"message:
It's a wall.

language observation:
gold piece far east
tame little dog far east
vertical wall far east
stairs up near east
splint mail near eastsoutheast
horizontal closed door near eastsoutheast
horizontal wall near southeast and south
horizontal wall adjacent north and northeast
vertical wall adjacent southwest and west
northwest room corner adjacent northwest

cursor:
Yourself a tourist
(x=21, y=4)

map:
                                                                                
                                                                                
                    -----------                                                 
                    |@....<.$d|                                                 
                    |..........                                                 
                    |...[.....|                                                 
                    -----+-----                                                 
                                                                                
                                                                                
                                                                                
                                                                                
                                                                                
                                                                                
                                                                                
                                                                                
                                                                                
                                                                                
                                                                                
                                                                                
                                                                                
                                                                                
Agent the Rambler              St:10 Dx:13 Co:14 In:16 Wi:8 Ch:13 Neutral S:0   
Dlvl:1 $:606 HP:10(10) Pw:2(2) AC:10 Xp:1/0 T:6                                 

",0.0,False
80,west,,"message:
It's a wall.

language observation:
gold piece far east
tame little dog far east
vertical wall far east
stairs up near east
splint mail near eastsoutheast
horizontal closed door near eastsoutheast
horizontal wall near southeast and south
horizontal wall adjacent north and northeast
vertical wall adjacent southwest and west
northwest room corner adjacent northwest

cursor:
Yourself a tourist
(x=21, y=4)

map:
                                                                                
                                                                                
                    -----------                                                 
                    |@....<.$d|                                                 
                    |..........                                                 
                    |...[.....|                                                 
                    -----+-----                                                 
                                                                                
                                                                                
                                                                                
                                                                                
                                                                                
                                                                                
                                                                                
                                                                                
                                                                                
                                                                                
                                                                                
                                                                                
                                                                                
                                                                                
Agent the Rambler              St:10 Dx:13 Co:14 In:16 Wi:8 Ch:13 Neutral S:0   
Dlvl:1 $:606 HP:10(10) Pw:2(2) AC:10 Xp:1/0 T:6                                 

",0.0,False
81,west,,"message:
It's a wall.

language observation:
gold piece far east
tame little dog far east
vertical wall far east
stairs up near east
splint mail near eastsoutheast
horizontal closed door near eastsoutheast
horizontal wall near southeast and south
horizontal wall adjacent north and northeast
vertical wall adjacent southwest and west
northwest room corner adjacent northwest

cursor:
Yourself a tourist
(x=21, y=4)

map:
                                                                                
                                                                                
                    -----------                                                 
                    |@....<.$d|                                                 
                    |..........                                                 
                    |...[.....|                                                 
                    -----+-----                                                 
                                                                                
                                                                                
                                                                                
                                                                                
                                                                                
                                                                                
                                                                                
                                                                                
                                                                                
                                                                                
                                                                                
                                                                                
                                                                                
                                                                                
Agent the Rambler              St:10 Dx:13 Co:14 In:16 Wi:8 Ch:13 Neutral S:0   
Dlvl:1 $:606 HP:10(10) Pw:2(2) AC:10 Xp:1/0 T:6                                 

",0.0,False
82,west,,"message:
It's a wall.

language observation:
gold piece far east
tame little dog far east
vertical wall far east
stairs up near east
splint mail near eastsoutheast
horizontal closed door near eastsoutheast
horizontal wall near southeast and south
horizontal wall adjacent north and northeast
vertical wall adjacent southwest and west
northwest room corner adjacent northwest

cursor:
Yourself a tourist
(x=21, y=4)

map:
                                                                                
                                                                                
                    -----------                                                 
                    |@....<.$d|                                                 
                    |..........                                                 
                    |...[.....|                                                 
                    -----+-----                                                 
                                                                                
                                                                                
                                                                                
                                                                                
                                                                                
                                                                                
                                                                                
                                                                                
                                                                                
                                                                                
                                                                                
                                                                                
                                                                                
                                                                                
Agent the Rambler              St:10 Dx:13 Co:14 In:16 Wi:8 Ch:13 Neutral S:0   
Dlvl:1 $:606 HP:10(10) Pw:2(2) AC:10 Xp:1/0 T:6                                 

",0.0,False
83,west,,"message:
It's a wall.

language observation:
gold piece far east
tame little dog far east
vertical wall far east
stairs up near east
splint mail near eastsoutheast
horizontal closed door near eastsoutheast
horizontal wall near southeast and south
horizontal wall adjacent north and northeast
vertical wall adjacent southwest and west
northwest room corner adjacent northwest

cursor:
Yourself a tourist
(x=21, y=4)

map:
                                                                                
                                                                                
                    -----------                                                 
                    |@....<.$d|                                                 
                    |..........                                                 
                    |...[.....|                                                 
                    -----+-----                                                 
                                                                                
                                                                                
                                                                                
                                                                                
                                                                                
                                                                                
                                                                                
                                                                                
                                                                                
                                                                                
                                                                                
                                                                                
                                                                                
                                                                                
Agent the Rambler              St:10 Dx:13 Co:14 In:16 Wi:8 Ch:13 Neutral S:0   
Dlvl:1 $:606 HP:10(10) Pw:2(2) AC:10 Xp:1/0 T:6                                 

",0.0,False
84,west,,"message:
It's a wall.

language observation:
gold piece far east
tame little dog far east
vertical wall far east
stairs up near east
splint mail near eastsoutheast
horizontal closed door near eastsoutheast
horizontal wall near southeast and south
horizontal wall adjacent north and northeast
vertical wall adjacent southwest and west
northwest room corner adjacent northwest

cursor:
Yourself a tourist
(x=21, y=4)

map:
                                                                                
                                                                                
                    -----------                                                 
                    |@....<.$d|                                                 
                    |..........                                                 
                    |...[.....|                                                 
                    -----+-----                                                 
                                                                                
                                                                                
                                                                                
                                                                                
                                                                                
                                                                                
                                                                                
                                                                                
                                                                                
                                                                                
                                                                                
                                                                                
                                                                                
                                                                                
Agent the Rambler              St:10 Dx:13 Co:14 In:16 Wi:8 Ch:13 Neutral S:0   
Dlvl:1 $:606 HP:10(10) Pw:2(2) AC:10 Xp:1/0 T:6                                 

",0.0,False
85,west,,"message:
It's a wall.

language observation:
gold piece far east
tame little dog far east
vertical wall far east
stairs up near east
splint mail near eastsoutheast
horizontal closed door near eastsoutheast
horizontal wall near southeast and south
horizontal wall adjacent north and northeast
vertical wall adjacent southwest and west
northwest room corner adjacent northwest

cursor:
Yourself a tourist
(x=21, y=4)

map:
                                                                                
                                                                                
                    -----------                                                 
                    |@....<.$d|                                                 
                    |..........                                                 
                    |...[.....|                                                 
                    -----+-----                                                 
                                                                                
                                                                                
                                                                                
                                                                                
                                                                                
                                                                                
                                                                                
                                                                                
                                                                                
                                                                                
                                                                                
                                                                                
                                                                                
                                                                                
Agent the Rambler              St:10 Dx:13 Co:14 In:16 Wi:8 Ch:13 Neutral S:0   
Dlvl:1 $:606 HP:10(10) Pw:2(2) AC:10 Xp:1/0 T:6                                 

",0.0,False
86,west,,"message:
It's a wall.

language observation:
gold piece far east
tame little dog far east
vertical wall far east
stairs up near east
splint mail near eastsoutheast
horizontal closed door near eastsoutheast
horizontal wall near southeast and south
horizontal wall adjacent north and northeast
vertical wall adjacent southwest and west
northwest room corner adjacent northwest

cursor:
Yourself a tourist
(x=21, y=4)

map:
                                                                                
                                                                                
                    -----------                                                 
                    |@....<.$d|                                                 
                    |..........                                                 
                    |...[.....|                                                 
                    -----+-----                                                 
                                                                                
                                                                                
                                                                                
                                                                                
                                                                                
                                                                                
                                                                                
                                                                                
                                                                                
                                                                                
                                                                                
                                                                                
                                                                                
                                                                                
Agent the Rambler              St:10 Dx:13 Co:14 In:16 Wi:8 Ch:13 Neutral S:0   
Dlvl:1 $:606 HP:10(10) Pw:2(2) AC:10 Xp:1/0 T:6                                 

",0.0,False
87,west,,"message:
It's a wall.

language observation:
gold piece far east
tame little dog far east
vertical wall far east
stairs up near east
splint mail near eastsoutheast
horizontal closed door near eastsoutheast
horizontal wall near southeast and south
horizontal wall adjacent north and northeast
vertical wall adjacent southwest and west
northwest room corner adjacent northwest

cursor:
Yourself a tourist
(x=21, y=4)

map:
                                                                                
                                                                                
                    -----------                                                 
                    |@....<.$d|                                                 
                    |..........                                                 
                    |...[.....|                                                 
                    -----+-----                                                 
                                                                                
                                                                                
                                                                                
                                                                                
                                                                                
                                                                                
                                                                                
                                                                                
                                                                                
                                                                                
                                                                                
                                                                                
                                                                                
                                                                                
Agent the Rambler              St:10 Dx:13 Co:14 In:16 Wi:8 Ch:13 Neutral S:0   
Dlvl:1 $:606 HP:10(10) Pw:2(2) AC:10 Xp:1/0 T:6                                 

",0.0,False
88,west,,"message:
It's a wall.

language observation:
gold piece far east
tame little dog far east
vertical wall far east
stairs up near east
splint mail near eastsoutheast
horizontal closed door near eastsoutheast
horizontal wall near southeast and south
horizontal wall adjacent north and northeast
vertical wall adjacent southwest and west
northwest room corner adjacent northwest

cursor:
Yourself a tourist
(x=21, y=4)

map:
                                                                                
                                                                                
                    -----------                                                 
                    |@....<.$d|                                                 
                    |..........                                                 
                    |...[.....|                                                 
                    -----+-----                                                 
                                                                                
                                                                                
                                                                                
                                                                                
                                                                                
                                                                                
                                                                                
                                                                                
                                                                                
                                                                                
                                                                                
                                                                                
                                                                                
                                                                                
Agent the Rambler              St:10 Dx:13 Co:14 In:16 Wi:8 Ch:13 Neutral S:0   
Dlvl:1 $:606 HP:10(10) Pw:2(2) AC:10 Xp:1/0 T:6                                 

",0.0,False
89,west,,"message:
It's a wall.

language observation:
gold piece far east
tame little dog far east
vertical wall far east
stairs up near east
splint mail near eastsoutheast
horizontal closed door near eastsoutheast
horizontal wall near southeast and south
horizontal wall adjacent north and northeast
vertical wall adjacent southwest and west
northwest room corner adjacent northwest

cursor:
Yourself a tourist
(x=21, y=4)

map:
                                                                                
                                                                                
                    -----------                                                 
                    |@....<.$d|                                                 
                    |..........                                                 
                    |...[.....|                                                 
                    -----+-----                                                 
                                                                                
                                                                                
                                                                                
                                                                                
                                                                                
                                                                                
                                                                                
                                                                                
                                                                                
                                                                                
                                                                                
                                                                                
                                                                                
                                                                                
Agent the Rambler              St:10 Dx:13 Co:14 In:16 Wi:8 Ch:13 Neutral S:0   
Dlvl:1 $:606 HP:10(10) Pw:2(2) AC:10 Xp:1/0 T:6                                 

",0.0,False
90,west,,"message:
It's a wall.

language observation:
gold piece far east
tame little dog far east
vertical wall far east
stairs up near east
splint mail near eastsoutheast
horizontal closed door near eastsoutheast
horizontal wall near southeast and south
horizontal wall adjacent north and northeast
vertical wall adjacent southwest and west
northwest room corner adjacent northwest

cursor:
Yourself a tourist
(x=21, y=4)

map:
                                                                                
                                                                                
                    -----------                                                 
                    |@....<.$d|                                                 
                    |..........                                                 
                    |...[.....|                                                 
                    -----+-----                                                 
                                                                                
                                                                                
                                                                                
                                                                                
                                                                                
                                                                                
                                                                                
                                                                                
                                                                                
                                                                                
                                                                                
                                                                                
                                                                                
                                                                                
Agent the Rambler              St:10 Dx:13 Co:14 In:16 Wi:8 Ch:13 Neutral S:0   
Dlvl:1 $:606 HP:10(10) Pw:2(2) AC:10 Xp:1/0 T:6                                 

",0.0,False
91,west,,"message:
It's a wall.

language observation:
gold piece far east
tame little dog far east
vertical wall far east
stairs up near east
splint mail near eastsoutheast
horizontal closed door near eastsoutheast
horizontal wall near southeast and south
horizontal wall adjacent north and northeast
vertical wall adjacent southwest and west
northwest room corner adjacent northwest

cursor:
Yourself a tourist
(x=21, y=4)

map:
                                                                                
                                                                                
                    -----------                                                 
                    |@....<.$d|                                                 
                    |..........                                                 
                    |...[.....|                                                 
                    -----+-----                                                 
                                                                                
                                                                                
                                                                                
                                                                                
                                                                                
                                                                                
                                                                                
                                                                                
                                                                                
                                                                                
                                                                                
                                                                                
                                                                                
                                                                                
Agent the Rambler              St:10 Dx:13 Co:14 In:16 Wi:8 Ch:13 Neutral S:0   
Dlvl:1 $:606 HP:10(10) Pw:2(2) AC:10 Xp:1/0 T:6                                 

",0.0,False
92,west,,"message:
It's a wall.

language observation:
gold piece far east
tame little dog far east
vertical wall far east
stairs up near east
splint mail near eastsoutheast
horizontal closed door near eastsoutheast
horizontal wall near southeast and south
horizontal wall adjacent north and northeast
vertical wall adjacent southwest and west
northwest room corner adjacent northwest

cursor:
Yourself a tourist
(x=21, y=4)

map:
                                                                                
                                                                                
                    -----------                                                 
                    |@....<.$d|                                                 
                    |..........                                                 
                    |...[.....|                                                 
                    -----+-----                                                 
                                                                                
                                                                                
                                                                                
                                                                                
                                                                                
                                                                                
                                                                                
                                                                                
                                                                                
                                                                                
                                                                                
                                                                                
                                                                                
                                                                                
Agent the Rambler              St:10 Dx:13 Co:14 In:16 Wi:8 Ch:13 Neutral S:0   
Dlvl:1 $:606 HP:10(10) Pw:2(2) AC:10 Xp:1/0 T:6                                 

",0.0,False
93,west,,"message:
It's a wall.

language observation:
gold piece far east
tame little dog far east
vertical wall far east
stairs up near east
splint mail near eastsoutheast
horizontal closed door near eastsoutheast
horizontal wall near southeast and south
horizontal wall adjacent north and northeast
vertical wall adjacent southwest and west
northwest room corner adjacent northwest

cursor:
Yourself a tourist
(x=21, y=4)

map:
                                                                                
                                                                                
                    -----------                                                 
                    |@....<.$d|                                                 
                    |..........                                                 
                    |...[.....|                                                 
                    -----+-----                                                 
                                                                                
                                                                                
                                                                                
                                                                                
                                                                                
                                                                                
                                                                                
                                                                                
                                                                                
                                                                                
                                                                                
                                                                                
                                                                                
                                                                                
Agent the Rambler              St:10 Dx:13 Co:14 In:16 Wi:8 Ch:13 Neutral S:0   
Dlvl:1 $:606 HP:10(10) Pw:2(2) AC:10 Xp:1/0 T:6                                 

",0.0,False
94,west,,"message:
It's a wall.

language observation:
gold piece far east
tame little dog far east
vertical wall far east
stairs up near east
splint mail near eastsoutheast
horizontal closed door near eastsoutheast
horizontal wall near southeast and south
horizontal wall adjacent north and northeast
vertical wall adjacent southwest and west
northwest room corner adjacent northwest

cursor:
Yourself a tourist
(x=21, y=4)

map:
                                                                                
                                                                                
                    -----------                                                 
                    |@....<.$d|                                                 
                    |..........                                                 
                    |...[.....|                                                 
                    -----+-----                                                 
                                                                                
                                                                                
                                                                                
                                                                                
                                                                                
                                                                                
                                                                                
                                                                                
                                                                                
                                                                                
                                                                                
                                                                                
                                                                                
                                                                                
Agent the Rambler              St:10 Dx:13 Co:14 In:16 Wi:8 Ch:13 Neutral S:0   
Dlvl:1 $:606 HP:10(10) Pw:2(2) AC:10 Xp:1/0 T:6                                 

",0.0,False
95,west,,"message:
It's a wall.

language observation:
gold piece far east
tame little dog far east
vertical wall far east
stairs up near east
splint mail near eastsoutheast
horizontal closed door near eastsoutheast
horizontal wall near southeast and south
horizontal wall adjacent north and northeast
vertical wall adjacent southwest and west
northwest room corner adjacent northwest

cursor:
Yourself a tourist
(x=21, y=4)

map:
                                                                                
                                                                                
                    -----------                                                 
                    |@....<.$d|                                                 
                    |..........                                                 
                    |...[.....|                                                 
                    -----+-----                                                 
                                                                                
                                                                                
                                                                                
                                                                                
                                                                                
                                                                                
                                                                                
                                                                                
                                                                                
                                                                                
                                                                                
                                                                                
                                                                                
                                                                                
Agent the Rambler              St:10 Dx:13 Co:14 In:16 Wi:8 Ch:13 Neutral S:0   
Dlvl:1 $:606 HP:10(10) Pw:2(2) AC:10 Xp:1/0 T:6                                 

",0.0,False
96,west,,"message:
It's a wall.

language observation:
gold piece far east
tame little dog far east
vertical wall far east
stairs up near east
splint mail near eastsoutheast
horizontal closed door near eastsoutheast
horizontal wall near southeast and south
horizontal wall adjacent north and northeast
vertical wall adjacent southwest and west
northwest room corner adjacent northwest

cursor:
Yourself a tourist
(x=21, y=4)

map:
                                                                                
                                                                                
                    -----------                                                 
                    |@....<.$d|                                                 
                    |..........                                                 
                    |...[.....|                                                 
                    -----+-----                                                 
                                                                                
                                                                                
                                                                                
                                                                                
                                                                                
                                                                                
                                                                                
                                                                                
                                                                                
                                                                                
                                                                                
                                                                                
                                                                                
                                                                                
Agent the Rambler              St:10 Dx:13 Co:14 In:16 Wi:8 Ch:13 Neutral S:0   
Dlvl:1 $:606 HP:10(10) Pw:2(2) AC:10 Xp:1/0 T:6                                 

",0.0,False
97,west,,"message:
It's a wall.

language observation:
gold piece far east
tame little dog far east
vertical wall far east
stairs up near east
splint mail near eastsoutheast
horizontal closed door near eastsoutheast
horizontal wall near southeast and south
horizontal wall adjacent north and northeast
vertical wall adjacent southwest and west
northwest room corner adjacent northwest

cursor:
Yourself a tourist
(x=21, y=4)

map:
                                                                                
                                                                                
                    -----------                                                 
                    |@....<.$d|                                                 
                    |..........                                                 
                    |...[.....|                                                 
                    -----+-----                                                 
                                                                                
                                                                                
                                                                                
                                                                                
                                                                                
                                                                                
                                                                                
                                                                                
                                                                                
                                                                                
                                                                                
                                                                                
                                                                                
                                                                                
Agent the Rambler              St:10 Dx:13 Co:14 In:16 Wi:8 Ch:13 Neutral S:0   
Dlvl:1 $:606 HP:10(10) Pw:2(2) AC:10 Xp:1/0 T:6                                 

",0.0,False
98,west,,"message:
It's a wall.

language observation:
gold piece far east
tame little dog far east
vertical wall far east
stairs up near east
splint mail near eastsoutheast
horizontal closed door near eastsoutheast
horizontal wall near southeast and south
horizontal wall adjacent north and northeast
vertical wall adjacent southwest and west
northwest room corner adjacent northwest

cursor:
Yourself a tourist
(x=21, y=4)

map:
                                                                                
                                                                                
                    -----------                                                 
                    |@....<.$d|                                                 
                    |..........                                                 
                    |...[.....|                                                 
                    -----+-----                                                 
                                                                                
                                                                                
                                                                                
                                                                                
                                                                                
                                                                                
                                                                                
                                                                                
                                                                                
                                                                                
                                                                                
                                                                                
                                                                                
                                                                                
Agent the Rambler              St:10 Dx:13 Co:14 In:16 Wi:8 Ch:13 Neutral S:0   
Dlvl:1 $:606 HP:10(10) Pw:2(2) AC:10 Xp:1/0 T:6                                 

",0.0,False
99,west,,"message:
It's a wall.

language observation:
gold piece far east
tame little dog far east
vertical wall far east
stairs up near east
splint mail near eastsoutheast
horizontal closed door near eastsoutheast
horizontal wall near southeast and south
horizontal wall adjacent north and northeast
vertical wall adjacent southwest and west
northwest room corner adjacent northwest

cursor:
Yourself a tourist
(x=21, y=4)

map:
                                                                                
                                                                                
                    -----------                                                 
                    |@....<.$d|                                                 
                    |..........                                                 
                    |...[.....|                                                 
                    -----+-----                                                 
                                                                                
                                                                                
                                                                                
                                                                                
                                                                                
                                                                                
                                                                                
                                                                                
                                                                                
                                                                                
                                                                                
                                                                                
                                                                                
                                                                                
Agent the Rambler              St:10 Dx:13 Co:14 In:16 Wi:8 Ch:13 Neutral S:0   
Dlvl:1 $:606 HP:10(10) Pw:2(2) AC:10 Xp:1/0 T:6                                 

",0.0,False
100,west,,"message:
It's a wall.

language observation:
gold piece far east
tame little dog far east
vertical wall far east
stairs up near east
splint mail near eastsoutheast
horizontal closed door near eastsoutheast
horizontal wall near southeast and south
horizontal wall adjacent north and northeast
vertical wall adjacent southwest and west
northwest room corner adjacent northwest

cursor:
Yourself a tourist
(x=21, y=4)

map:
                                                                                
                                                                                
                    -----------                                                 
                    |@....<.$d|                                                 
                    |..........                                                 
                    |...[.....|                                                 
                    -----+-----                                                 
                                                                                
                                                                                
                                                                                
                                                                                
                                                                                
                                                                                
                                                                                
                                                                                
                                                                                
                                                                                
                                                                                
                                                                                
                                                                                
                                                                                
Agent the Rambler              St:10 Dx:13 Co:14 In:16 Wi:8 Ch:13 Neutral S:0   
Dlvl:1 $:606 HP:10(10) Pw:2(2) AC:10 Xp:1/0 T:6                                 

",0.0,False
101,west,,"message:
It's a wall.

language observation:
gold piece far east
tame little dog far east
vertical wall far east
stairs up near east
splint mail near eastsoutheast
horizontal closed door near eastsoutheast
horizontal wall near southeast and south
horizontal wall adjacent north and northeast
vertical wall adjacent southwest and west
northwest room corner adjacent northwest

cursor:
Yourself a tourist
(x=21, y=4)

map:
                                                                                
                                                                                
                    -----------                                                 
                    |@....<.$d|                                                 
                    |..........                                                 
                    |...[.....|                                                 
                    -----+-----                                                 
                                                                                
                                                                                
                                                                                
                                                                                
                                                                                
                                                                                
                                                                                
                                                                                
                                                                                
                                                                                
                                                                                
                                                                                
                                                                                
                                                                                
Agent the Rambler              St:10 Dx:13 Co:14 In:16 Wi:8 Ch:13 Neutral S:0   
Dlvl:1 $:606 HP:10(10) Pw:2(2) AC:10 Xp:1/0 T:6                                 

",0.0,False
102,west,,"message:
It's a wall.

language observation:
gold piece far east
tame little dog far east
vertical wall far east
stairs up near east
splint mail near eastsoutheast
horizontal closed door near eastsoutheast
horizontal wall near southeast and south
horizontal wall adjacent north and northeast
vertical wall adjacent southwest and west
northwest room corner adjacent northwest

cursor:
Yourself a tourist
(x=21, y=4)

map:
                                                                                
                                                                                
                    -----------                                                 
                    |@....<.$d|                                                 
                    |..........                                                 
                    |...[.....|                                                 
                    -----+-----                                                 
                                                                                
                                                                                
                                                                                
                                                                                
                                                                                
                                                                                
                                                                                
                                                                                
                                                                                
                                                                                
                                                                                
                                                                                
                                                                                
                                                                                
Agent the Rambler              St:10 Dx:13 Co:14 In:16 Wi:8 Ch:13 Neutral S:0   
Dlvl:1 $:606 HP:10(10) Pw:2(2) AC:10 Xp:1/0 T:6                                 

",0.0,False
103,west,,"message:
It's a wall.

language observation:
gold piece far east
tame little dog far east
vertical wall far east
stairs up near east
splint mail near eastsoutheast
horizontal closed door near eastsoutheast
horizontal wall near southeast and south
horizontal wall adjacent north and northeast
vertical wall adjacent southwest and west
northwest room corner adjacent northwest

cursor:
Yourself a tourist
(x=21, y=4)

map:
                                                                                
                                                                                
                    -----------                                                 
                    |@....<.$d|                                                 
                    |..........                                                 
                    |...[.....|                                                 
                    -----+-----                                                 
                                                                                
                                                                                
                                                                                
                                                                                
                                                                                
                                                                                
                                                                                
                                                                                
                                                                                
                                                                                
                                                                                
                                                                                
                                                                                
                                                                                
Agent the Rambler              St:10 Dx:13 Co:14 In:16 Wi:8 Ch:13 Neutral S:0   
Dlvl:1 $:606 HP:10(10) Pw:2(2) AC:10 Xp:1/0 T:6                                 

",0.0,False
104,west,,"message:
It's a wall.

language observation:
gold piece far east
tame little dog far east
vertical wall far east
stairs up near east
splint mail near eastsoutheast
horizontal closed door near eastsoutheast
horizontal wall near southeast and south
horizontal wall adjacent north and northeast
vertical wall adjacent southwest and west
northwest room corner adjacent northwest

cursor:
Yourself a tourist
(x=21, y=4)

map:
                                                                                
                                                                                
                    -----------                                                 
                    |@....<.$d|                                                 
                    |..........                                                 
                    |...[.....|                                                 
                    -----+-----                                                 
                                                                                
                                                                                
                                                                                
                                                                                
                                                                                
                                                                                
                                                                                
                                                                                
                                                                                
                                                                                
                                                                                
                                                                                
                                                                                
                                                                                
Agent the Rambler              St:10 Dx:13 Co:14 In:16 Wi:8 Ch:13 Neutral S:0   
Dlvl:1 $:606 HP:10(10) Pw:2(2) AC:10 Xp:1/0 T:6                                 

",0.0,False
105,west,,"message:
It's a wall.

language observation:
gold piece far east
tame little dog far east
vertical wall far east
stairs up near east
splint mail near eastsoutheast
horizontal closed door near eastsoutheast
horizontal wall near southeast and south
horizontal wall adjacent north and northeast
vertical wall adjacent southwest and west
northwest room corner adjacent northwest

cursor:
Yourself a tourist
(x=21, y=4)

map:
                                                                                
                                                                                
                    -----------                                                 
                    |@....<.$d|                                                 
                    |..........                                                 
                    |...[.....|                                                 
                    -----+-----                                                 
                                                                                
                                                                                
                                                                                
                                                                                
                                                                                
                                                                                
                                                                                
                                                                                
                                                                                
                                                                                
                                                                                
                                                                                
                                                                                
                                                                                
Agent the Rambler              St:10 Dx:13 Co:14 In:16 Wi:8 Ch:13 Neutral S:0   
Dlvl:1 $:606 HP:10(10) Pw:2(2) AC:10 Xp:1/0 T:6                                 

",0.0,False
106,west,,"message:
It's a wall.

language observation:
gold piece far east
tame little dog far east
vertical wall far east
stairs up near east
splint mail near eastsoutheast
horizontal closed door near eastsoutheast
horizontal wall near southeast and south
horizontal wall adjacent north and northeast
vertical wall adjacent southwest and west
northwest room corner adjacent northwest

cursor:
Yourself a tourist
(x=21, y=4)

map:
                                                                                
                                                                                
                    -----------                                                 
                    |@....<.$d|                                                 
                    |..........                                                 
                    |...[.....|                                                 
                    -----+-----                                                 
                                                                                
                                                                                
                                                                                
                                                                                
                                                                                
                                                                                
                                                                                
                                                                                
                                                                                
                                                                                
                                                                                
                                                                                
                                                                                
                                                                                
Agent the Rambler              St:10 Dx:13 Co:14 In:16 Wi:8 Ch:13 Neutral S:0   
Dlvl:1 $:606 HP:10(10) Pw:2(2) AC:10 Xp:1/0 T:6                                 

",0.0,False
107,west,,"message:
It's a wall.

language observation:
gold piece far east
tame little dog far east
vertical wall far east
stairs up near east
splint mail near eastsoutheast
horizontal closed door near eastsoutheast
horizontal wall near southeast and south
horizontal wall adjacent north and northeast
vertical wall adjacent southwest and west
northwest room corner adjacent northwest

cursor:
Yourself a tourist
(x=21, y=4)

map:
                                                                                
                                                                                
                    -----------                                                 
                    |@....<.$d|                                                 
                    |..........                                                 
                    |...[.....|                                                 
                    -----+-----                                                 
                                                                                
                                                                                
                                                                                
                                                                                
                                                                                
                                                                                
                                                                                
                                                                                
                                                                                
                                                                                
                                                                                
                                                                                
                                                                                
                                                                                
Agent the Rambler              St:10 Dx:13 Co:14 In:16 Wi:8 Ch:13 Neutral S:0   
Dlvl:1 $:606 HP:10(10) Pw:2(2) AC:10 Xp:1/0 T:6                                 

",0.0,False
108,west,,"message:
It's a wall.

language observation:
gold piece far east
tame little dog far east
vertical wall far east
stairs up near east
splint mail near eastsoutheast
horizontal closed door near eastsoutheast
horizontal wall near southeast and south
horizontal wall adjacent north and northeast
vertical wall adjacent southwest and west
northwest room corner adjacent northwest

cursor:
Yourself a tourist
(x=21, y=4)

map:
                                                                                
                                                                                
                    -----------                                                 
                    |@....<.$d|                                                 
                    |..........                                                 
                    |...[.....|                                                 
                    -----+-----                                                 
                                                                                
                                                                                
                                                                                
                                                                                
                                                                                
                                                                                
                                                                                
                                                                                
                                                                                
                                                                                
                                                                                
                                                                                
                                                                                
                                                                                
Agent the Rambler              St:10 Dx:13 Co:14 In:16 Wi:8 Ch:13 Neutral S:0   
Dlvl:1 $:606 HP:10(10) Pw:2(2) AC:10 Xp:1/0 T:6                                 

",0.0,False
109,west,,"message:
It's a wall.

language observation:
gold piece far east
tame little dog far east
vertical wall far east
stairs up near east
splint mail near eastsoutheast
horizontal closed door near eastsoutheast
horizontal wall near southeast and south
horizontal wall adjacent north and northeast
vertical wall adjacent southwest and west
northwest room corner adjacent northwest

cursor:
Yourself a tourist
(x=21, y=4)

map:
                                                                                
                                                                                
                    -----------                                                 
                    |@....<.$d|                                                 
                    |..........                                                 
                    |...[.....|                                                 
                    -----+-----                                                 
                                                                                
                                                                                
                                                                                
                                                                                
                                                                                
                                                                                
                                                                                
                                                                                
                                                                                
                                                                                
                                                                                
                                                                                
                                                                                
                                                                                
Agent the Rambler              St:10 Dx:13 Co:14 In:16 Wi:8 Ch:13 Neutral S:0   
Dlvl:1 $:606 HP:10(10) Pw:2(2) AC:10 Xp:1/0 T:6                                 

",0.0,False
110,west,,"message:
It's a wall.

language observation:
gold piece far east
tame little dog far east
vertical wall far east
stairs up near east
splint mail near eastsoutheast
horizontal closed door near eastsoutheast
horizontal wall near southeast and south
horizontal wall adjacent north and northeast
vertical wall adjacent southwest and west
northwest room corner adjacent northwest

cursor:
Yourself a tourist
(x=21, y=4)

map:
                                                                                
                                                                                
                    -----------                                                 
                    |@....<.$d|                                                 
                    |..........                                                 
                    |...[.....|                                                 
                    -----+-----                                                 
                                                                                
                                                                                
                                                                                
                                                                                
                                                                                
                                                                                
                                                                                
                                                                                
                                                                                
                                                                                
                                                                                
                                                                                
                                                                                
                                                                                
Agent the Rambler              St:10 Dx:13 Co:14 In:16 Wi:8 Ch:13 Neutral S:0   
Dlvl:1 $:606 HP:10(10) Pw:2(2) AC:10 Xp:1/0 T:6                                 

",0.0,False
111,west,,"message:
It's a wall.

language observation:
gold piece far east
tame little dog far east
vertical wall far east
stairs up near east
splint mail near eastsoutheast
horizontal closed door near eastsoutheast
horizontal wall near southeast and south
horizontal wall adjacent north and northeast
vertical wall adjacent southwest and west
northwest room corner adjacent northwest

cursor:
Yourself a tourist
(x=21, y=4)

map:
                                                                                
                                                                                
                    -----------                                                 
                    |@....<.$d|                                                 
                    |..........                                                 
                    |...[.....|                                                 
                    -----+-----                                                 
                                                                                
                                                                                
                                                                                
                                                                                
                                                                                
                                                                                
                                                                                
                                                                                
                                                                                
                                                                                
                                                                                
                                                                                
                                                                                
                                                                                
Agent the Rambler              St:10 Dx:13 Co:14 In:16 Wi:8 Ch:13 Neutral S:0   
Dlvl:1 $:606 HP:10(10) Pw:2(2) AC:10 Xp:1/0 T:6                                 

",0.0,False
112,west,,"message:
It's a wall.

language observation:
gold piece far east
tame little dog far east
vertical wall far east
stairs up near east
splint mail near eastsoutheast
horizontal closed door near eastsoutheast
horizontal wall near southeast and south
horizontal wall adjacent north and northeast
vertical wall adjacent southwest and west
northwest room corner adjacent northwest

cursor:
Yourself a tourist
(x=21, y=4)

map:
                                                                                
                                                                                
                    -----------                                                 
                    |@....<.$d|                                                 
                    |..........                                                 
                    |...[.....|                                                 
                    -----+-----                                                 
                                                                                
                                                                                
                                                                                
                                                                                
                                                                                
                                                                                
                                                                                
                                                                                
                                                                                
                                                                                
                                                                                
                                                                                
                                                                                
                                                                                
Agent the Rambler              St:10 Dx:13 Co:14 In:16 Wi:8 Ch:13 Neutral S:0   
Dlvl:1 $:606 HP:10(10) Pw:2(2) AC:10 Xp:1/0 T:6                                 

",0.0,False
113,west,,"message:
It's a wall.

language observation:
gold piece far east
tame little dog far east
vertical wall far east
stairs up near east
splint mail near eastsoutheast
horizontal closed door near eastsoutheast
horizontal wall near southeast and south
horizontal wall adjacent north and northeast
vertical wall adjacent southwest and west
northwest room corner adjacent northwest

cursor:
Yourself a tourist
(x=21, y=4)

map:
                                                                                
                                                                                
                    -----------                                                 
                    |@....<.$d|                                                 
                    |..........                                                 
                    |...[.....|                                                 
                    -----+-----                                                 
                                                                                
                                                                                
                                                                                
                                                                                
                                                                                
                                                                                
                                                                                
                                                                                
                                                                                
                                                                                
                                                                                
                                                                                
                                                                                
                                                                                
Agent the Rambler              St:10 Dx:13 Co:14 In:16 Wi:8 Ch:13 Neutral S:0   
Dlvl:1 $:606 HP:10(10) Pw:2(2) AC:10 Xp:1/0 T:6                                 

",0.0,False
114,west,,"message:
It's a wall.

language observation:
gold piece far east
tame little dog far east
vertical wall far east
stairs up near east
splint mail near eastsoutheast
horizontal closed door near eastsoutheast
horizontal wall near southeast and south
horizontal wall adjacent north and northeast
vertical wall adjacent southwest and west
northwest room corner adjacent northwest

cursor:
Yourself a tourist
(x=21, y=4)

map:
                                                                                
                                                                                
                    -----------                                                 
                    |@....<.$d|                                                 
                    |..........                                                 
                    |...[.....|                                                 
                    -----+-----                                                 
                                                                                
                                                                                
                                                                                
                                                                                
                                                                                
                                                                                
                                                                                
                                                                                
                                                                                
                                                                                
                                                                                
                                                                                
                                                                                
                                                                                
Agent the Rambler              St:10 Dx:13 Co:14 In:16 Wi:8 Ch:13 Neutral S:0   
Dlvl:1 $:606 HP:10(10) Pw:2(2) AC:10 Xp:1/0 T:6                                 

",0.0,False
115,west,,"message:
It's a wall.

language observation:
gold piece far east
tame little dog far east
vertical wall far east
stairs up near east
splint mail near eastsoutheast
horizontal closed door near eastsoutheast
horizontal wall near southeast and south
horizontal wall adjacent north and northeast
vertical wall adjacent southwest and west
northwest room corner adjacent northwest

cursor:
Yourself a tourist
(x=21, y=4)

map:
                                                                                
                                                                                
                    -----------                                                 
                    |@....<.$d|                                                 
                    |..........                                                 
                    |...[.....|                                                 
                    -----+-----                                                 
                                                                                
                                                                                
                                                                                
                                                                                
                                                                                
                                                                                
                                                                                
                                                                                
                                                                                
                                                                                
                                                                                
                                                                                
                                                                                
                                                                                
Agent the Rambler              St:10 Dx:13 Co:14 In:16 Wi:8 Ch:13 Neutral S:0   
Dlvl:1 $:606 HP:10(10) Pw:2(2) AC:10 Xp:1/0 T:6                                 

",0.0,False
116,west,,"message:
It's a wall.

language observation:
gold piece far east
tame little dog far east
vertical wall far east
stairs up near east
splint mail near eastsoutheast
horizontal closed door near eastsoutheast
horizontal wall near southeast and south
horizontal wall adjacent north and northeast
vertical wall adjacent southwest and west
northwest room corner adjacent northwest

cursor:
Yourself a tourist
(x=21, y=4)

map:
                                                                                
                                                                                
                    -----------                                                 
                    |@....<.$d|                                                 
                    |..........                                                 
                    |...[.....|                                                 
                    -----+-----                                                 
                                                                                
                                                                                
                                                                                
                                                                                
                                                                                
                                                                                
                                                                                
                                                                                
                                                                                
                                                                                
                                                                                
                                                                                
                                                                                
                                                                                
Agent the Rambler              St:10 Dx:13 Co:14 In:16 Wi:8 Ch:13 Neutral S:0   
Dlvl:1 $:606 HP:10(10) Pw:2(2) AC:10 Xp:1/0 T:6                                 

",0.0,False
117,west,,"message:
It's a wall.

language observation:
gold piece far east
tame little dog far east
vertical wall far east
stairs up near east
splint mail near eastsoutheast
horizontal closed door near eastsoutheast
horizontal wall near southeast and south
horizontal wall adjacent north and northeast
vertical wall adjacent southwest and west
northwest room corner adjacent northwest

cursor:
Yourself a tourist
(x=21, y=4)

map:
                                                                                
                                                                                
                    -----------                                                 
                    |@....<.$d|                                                 
                    |..........                                                 
                    |...[.....|                                                 
                    -----+-----                                                 
                                                                                
                                                                                
                                                                                
                                                                                
                                                                                
                                                                                
                                                                                
                                                                                
                                                                                
                                                                                
                                                                                
                                                                                
                                                                                
                                                                                
Agent the Rambler              St:10 Dx:13 Co:14 In:16 Wi:8 Ch:13 Neutral S:0   
Dlvl:1 $:606 HP:10(10) Pw:2(2) AC:10 Xp:1/0 T:6                                 

",0.0,False
118,west,,"message:
It's a wall.

language observation:
gold piece far east
tame little dog far east
vertical wall far east
stairs up near east
splint mail near eastsoutheast
horizontal closed door near eastsoutheast
horizontal wall near southeast and south
horizontal wall adjacent north and northeast
vertical wall adjacent southwest and west
northwest room corner adjacent northwest

cursor:
Yourself a tourist
(x=21, y=4)

map:
                                                                                
                                                                                
                    -----------                                                 
                    |@....<.$d|                                                 
                    |..........                                                 
                    |...[.....|                                                 
                    -----+-----                                                 
                                                                                
                                                                                
                                                                                
                                                                                
                                                                                
                                                                                
                                                                                
                                                                                
                                                                                
                                                                                
                                                                                
                                                                                
                                                                                
                                                                                
Agent the Rambler              St:10 Dx:13 Co:14 In:16 Wi:8 Ch:13 Neutral S:0   
Dlvl:1 $:606 HP:10(10) Pw:2(2) AC:10 Xp:1/0 T:6                                 

",0.0,False
119,west,,"message:
It's a wall.

language observation:
gold piece far east
tame little dog far east
vertical wall far east
stairs up near east
splint mail near eastsoutheast
horizontal closed door near eastsoutheast
horizontal wall near southeast and south
horizontal wall adjacent north and northeast
vertical wall adjacent southwest and west
northwest room corner adjacent northwest

cursor:
Yourself a tourist
(x=21, y=4)

map:
                                                                                
                                                                                
                    -----------                                                 
                    |@....<.$d|                                                 
                    |..........                                                 
                    |...[.....|                                                 
                    -----+-----                                                 
                                                                                
                                                                                
                                                                                
                                                                                
                                                                                
                                                                                
                                                                                
                                                                                
                                                                                
                                                                                
                                                                                
                                                                                
                                                                                
                                                                                
Agent the Rambler              St:10 Dx:13 Co:14 In:16 Wi:8 Ch:13 Neutral S:0   
Dlvl:1 $:606 HP:10(10) Pw:2(2) AC:10 Xp:1/0 T:6                                 

",0.0,False
120,west,,"message:
It's a wall.

language observation:
gold piece far east
tame little dog far east
vertical wall far east
stairs up near east
splint mail near eastsoutheast
horizontal closed door near eastsoutheast
horizontal wall near southeast and south
horizontal wall adjacent north and northeast
vertical wall adjacent southwest and west
northwest room corner adjacent northwest

cursor:
Yourself a tourist
(x=21, y=4)

map:
                                                                                
                                                                                
                    -----------                                                 
                    |@....<.$d|                                                 
                    |..........                                                 
                    |...[.....|                                                 
                    -----+-----                                                 
                                                                                
                                                                                
                                                                                
                                                                                
                                                                                
                                                                                
                                                                                
                                                                                
                                                                                
                                                                                
                                                                                
                                                                                
                                                                                
                                                                                
Agent the Rambler              St:10 Dx:13 Co:14 In:16 Wi:8 Ch:13 Neutral S:0   
Dlvl:1 $:606 HP:10(10) Pw:2(2) AC:10 Xp:1/0 T:6                                 

",0.0,False
121,west,,"message:
It's a wall.

language observation:
gold piece far east
tame little dog far east
vertical wall far east
stairs up near east
splint mail near eastsoutheast
horizontal closed door near eastsoutheast
horizontal wall near southeast and south
horizontal wall adjacent north and northeast
vertical wall adjacent southwest and west
northwest room corner adjacent northwest

cursor:
Yourself a tourist
(x=21, y=4)

map:
                                                                                
                                                                                
                    -----------                                                 
                    |@....<.$d|                                                 
                    |..........                                                 
                    |...[.....|                                                 
                    -----+-----                                                 
                                                                                
                                                                                
                                                                                
                                                                                
                                                                                
                                                                                
                                                                                
                                                                                
                                                                                
                                                                                
                                                                                
                                                                                
                                                                                
                                                                                
Agent the Rambler              St:10 Dx:13 Co:14 In:16 Wi:8 Ch:13 Neutral S:0   
Dlvl:1 $:606 HP:10(10) Pw:2(2) AC:10 Xp:1/0 T:6                                 

",0.0,False
122,west,,"message:
It's a wall.

language observation:
gold piece far east
tame little dog far east
vertical wall far east
stairs up near east
splint mail near eastsoutheast
horizontal closed door near eastsoutheast
horizontal wall near southeast and south
horizontal wall adjacent north and northeast
vertical wall adjacent southwest and west
northwest room corner adjacent northwest

cursor:
Yourself a tourist
(x=21, y=4)

map:
                                                                                
                                                                                
                    -----------                                                 
                    |@....<.$d|                                                 
                    |..........                                                 
                    |...[.....|                                                 
                    -----+-----                                                 
                                                                                
                                                                                
                                                                                
                                                                                
                                                                                
                                                                                
                                                                                
                                                                                
                                                                                
                                                                                
                                                                                
                                                                                
                                                                                
                                                                                
Agent the Rambler              St:10 Dx:13 Co:14 In:16 Wi:8 Ch:13 Neutral S:0   
Dlvl:1 $:606 HP:10(10) Pw:2(2) AC:10 Xp:1/0 T:6                                 

",0.0,False
123,west,,"message:
It's a wall.

language observation:
gold piece far east
tame little dog far east
vertical wall far east
stairs up near east
splint mail near eastsoutheast
horizontal closed door near eastsoutheast
horizontal wall near southeast and south
horizontal wall adjacent north and northeast
vertical wall adjacent southwest and west
northwest room corner adjacent northwest

cursor:
Yourself a tourist
(x=21, y=4)

map:
                                                                                
                                                                                
                    -----------                                                 
                    |@....<.$d|                                                 
                    |..........                                                 
                    |...[.....|                                                 
                    -----+-----                                                 
                                                                                
                                                                                
                                                                                
                                                                                
                                                                                
                                                                                
                                                                                
                                                                                
                                                                                
                                                                                
                                                                                
                                                                                
                                                                                
                                                                                
Agent the Rambler              St:10 Dx:13 Co:14 In:16 Wi:8 Ch:13 Neutral S:0   
Dlvl:1 $:606 HP:10(10) Pw:2(2) AC:10 Xp:1/0 T:6                                 

",0.0,False
124,west,,"message:
It's a wall.

language observation:
gold piece far east
tame little dog far east
vertical wall far east
stairs up near east
splint mail near eastsoutheast
horizontal closed door near eastsoutheast
horizontal wall near southeast and south
horizontal wall adjacent north and northeast
vertical wall adjacent southwest and west
northwest room corner adjacent northwest

cursor:
Yourself a tourist
(x=21, y=4)

map:
                                                                                
                                                                                
                    -----------                                                 
                    |@....<.$d|                                                 
                    |..........                                                 
                    |...[.....|                                                 
                    -----+-----                                                 
                                                                                
                                                                                
                                                                                
                                                                                
                                                                                
                                                                                
                                                                                
                                                                                
                                                                                
                                                                                
                                                                                
                                                                                
                                                                                
                                                                                
Agent the Rambler              St:10 Dx:13 Co:14 In:16 Wi:8 Ch:13 Neutral S:0   
Dlvl:1 $:606 HP:10(10) Pw:2(2) AC:10 Xp:1/0 T:6                                 

",0.0,False
125,west,,"message:
It's a wall.

language observation:
gold piece far east
tame little dog far east
vertical wall far east
stairs up near east
splint mail near eastsoutheast
horizontal closed door near eastsoutheast
horizontal wall near southeast and south
horizontal wall adjacent north and northeast
vertical wall adjacent southwest and west
northwest room corner adjacent northwest

cursor:
Yourself a tourist
(x=21, y=4)

map:
                                                                                
                                                                                
                    -----------                                                 
                    |@....<.$d|                                                 
                    |..........                                                 
                    |...[.....|                                                 
                    -----+-----                                                 
                                                                                
                                                                                
                                                                                
                                                                                
                                                                                
                                                                                
                                                                                
                                                                                
                                                                                
                                                                                
                                                                                
                                                                                
                                                                                
                                                                                
Agent the Rambler              St:10 Dx:13 Co:14 In:16 Wi:8 Ch:13 Neutral S:0   
Dlvl:1 $:606 HP:10(10) Pw:2(2) AC:10 Xp:1/0 T:6                                 

",0.0,False
126,west,,"message:
It's a wall.

language observation:
gold piece far east
tame little dog far east
vertical wall far east
stairs up near east
splint mail near eastsoutheast
horizontal closed door near eastsoutheast
horizontal wall near southeast and south
horizontal wall adjacent north and northeast
vertical wall adjacent southwest and west
northwest room corner adjacent northwest

cursor:
Yourself a tourist
(x=21, y=4)

map:
                                                                                
                                                                                
                    -----------                                                 
                    |@....<.$d|                                                 
                    |..........                                                 
                    |...[.....|                                                 
                    -----+-----                                                 
                                                                                
                                                                                
                                                                                
                                                                                
                                                                                
                                                                                
                                                                                
                                                                                
                                                                                
                                                                                
                                                                                
                                                                                
                                                                                
                                                                                
Agent the Rambler              St:10 Dx:13 Co:14 In:16 Wi:8 Ch:13 Neutral S:0   
Dlvl:1 $:606 HP:10(10) Pw:2(2) AC:10 Xp:1/0 T:6                                 

",0.0,False
127,west,,"message:
It's a wall.

language observation:
gold piece far east
tame little dog far east
vertical wall far east
stairs up near east
splint mail near eastsoutheast
horizontal closed door near eastsoutheast
horizontal wall near southeast and south
horizontal wall adjacent north and northeast
vertical wall adjacent southwest and west
northwest room corner adjacent northwest

cursor:
Yourself a tourist
(x=21, y=4)

map:
                                                                                
                                                                                
                    -----------                                                 
                    |@....<.$d|                                                 
                    |..........                                                 
                    |...[.....|                                                 
                    -----+-----                                                 
                                                                                
                                                                                
                                                                                
                                                                                
                                                                                
                                                                                
                                                                                
                                                                                
                                                                                
                                                                                
                                                                                
                                                                                
                                                                                
                                                                                
Agent the Rambler              St:10 Dx:13 Co:14 In:16 Wi:8 Ch:13 Neutral S:0   
Dlvl:1 $:606 HP:10(10) Pw:2(2) AC:10 Xp:1/0 T:6                                 

",0.0,False
128,west,,"message:
It's a wall.

language observation:
gold piece far east
tame little dog far east
vertical wall far east
stairs up near east
splint mail near eastsoutheast
horizontal closed door near eastsoutheast
horizontal wall near southeast and south
horizontal wall adjacent north and northeast
vertical wall adjacent southwest and west
northwest room corner adjacent northwest

cursor:
Yourself a tourist
(x=21, y=4)

map:
                                                                                
                                                                                
                    -----------                                                 
                    |@....<.$d|                                                 
                    |..........                                                 
                    |...[.....|                                                 
                    -----+-----                                                 
                                                                                
                                                                                
                                                                                
                                                                                
                                                                                
                                                                                
                                                                                
                                                                                
                                                                                
                                                                                
                                                                                
                                                                                
                                                                                
                                                                                
Agent the Rambler              St:10 Dx:13 Co:14 In:16 Wi:8 Ch:13 Neutral S:0   
Dlvl:1 $:606 HP:10(10) Pw:2(2) AC:10 Xp:1/0 T:6                                 

",0.0,False
129,west,,"message:
It's a wall.

language observation:
gold piece far east
tame little dog far east
vertical wall far east
stairs up near east
splint mail near eastsoutheast
horizontal closed door near eastsoutheast
horizontal wall near southeast and south
horizontal wall adjacent north and northeast
vertical wall adjacent southwest and west
northwest room corner adjacent northwest

cursor:
Yourself a tourist
(x=21, y=4)

map:
                                                                                
                                                                                
                    -----------                                                 
                    |@....<.$d|                                                 
                    |..........                                                 
                    |...[.....|                                                 
                    -----+-----                                                 
                                                                                
                                                                                
                                                                                
                                                                                
                                                                                
                                                                                
                                                                                
                                                                                
                                                                                
                                                                                
                                                                                
                                                                                
                                                                                
                                                                                
Agent the Rambler              St:10 Dx:13 Co:14 In:16 Wi:8 Ch:13 Neutral S:0   
Dlvl:1 $:606 HP:10(10) Pw:2(2) AC:10 Xp:1/0 T:6                                 

",0.0,False
130,west,,"message:
It's a wall.

language observation:
gold piece far east
tame little dog far east
vertical wall far east
stairs up near east
splint mail near eastsoutheast
horizontal closed door near eastsoutheast
horizontal wall near southeast and south
horizontal wall adjacent north and northeast
vertical wall adjacent southwest and west
northwest room corner adjacent northwest

cursor:
Yourself a tourist
(x=21, y=4)

map:
                                                                                
                                                                                
                    -----------                                                 
                    |@....<.$d|                                                 
                    |..........                                                 
                    |...[.....|                                                 
                    -----+-----                                                 
                                                                                
                                                                                
                                                                                
                                                                                
                                                                                
                                                                                
                                                                                
                                                                                
                                                                                
                                                                                
                                                                                
                                                                                
                                                                                
                                                                                
Agent the Rambler              St:10 Dx:13 Co:14 In:16 Wi:8 Ch:13 Neutral S:0   
Dlvl:1 $:606 HP:10(10) Pw:2(2) AC:10 Xp:1/0 T:6                                 

",0.0,False
131,west,,"message:
It's a wall.

language observation:
gold piece far east
tame little dog far east
vertical wall far east
stairs up near east
splint mail near eastsoutheast
horizontal closed door near eastsoutheast
horizontal wall near southeast and south
horizontal wall adjacent north and northeast
vertical wall adjacent southwest and west
northwest room corner adjacent northwest

cursor:
Yourself a tourist
(x=21, y=4)

map:
                                                                                
                                                                                
                    -----------                                                 
                    |@....<.$d|                                                 
                    |..........                                                 
                    |...[.....|                                                 
                    -----+-----                                                 
                                                                                
                                                                                
                                                                                
                                                                                
                                                                                
                                                                                
                                                                                
                                                                                
                                                                                
                                                                                
                                                                                
                                                                                
                                                                                
                                                                                
Agent the Rambler              St:10 Dx:13 Co:14 In:16 Wi:8 Ch:13 Neutral S:0   
Dlvl:1 $:606 HP:10(10) Pw:2(2) AC:10 Xp:1/0 T:6                                 

",0.0,False
132,west,,"message:
It's a wall.

language observation:
gold piece far east
tame little dog far east
vertical wall far east
stairs up near east
splint mail near eastsoutheast
horizontal closed door near eastsoutheast
horizontal wall near southeast and south
horizontal wall adjacent north and northeast
vertical wall adjacent southwest and west
northwest room corner adjacent northwest

cursor:
Yourself a tourist
(x=21, y=4)

map:
                                                                                
                                                                                
                    -----------                                                 
                    |@....<.$d|                                                 
                    |..........                                                 
                    |...[.....|                                                 
                    -----+-----                                                 
                                                                                
                                                                                
                                                                                
                                                                                
                                                                                
                                                                                
                                                                                
                                                                                
                                                                                
                                                                                
                                                                                
                                                                                
                                                                                
                                                                                
Agent the Rambler              St:10 Dx:13 Co:14 In:16 Wi:8 Ch:13 Neutral S:0   
Dlvl:1 $:606 HP:10(10) Pw:2(2) AC:10 Xp:1/0 T:6                                 

",0.0,False
133,west,,"message:
It's a wall.

language observation:
gold piece far east
tame little dog far east
vertical wall far east
stairs up near east
splint mail near eastsoutheast
horizontal closed door near eastsoutheast
horizontal wall near southeast and south
horizontal wall adjacent north and northeast
vertical wall adjacent southwest and west
northwest room corner adjacent northwest

cursor:
Yourself a tourist
(x=21, y=4)

map:
                                                                                
                                                                                
                    -----------                                                 
                    |@....<.$d|                                                 
                    |..........                                                 
                    |...[.....|                                                 
                    -----+-----                                                 
                                                                                
                                                                                
                                                                                
                                                                                
                                                                                
                                                                                
                                                                                
                                                                                
                                                                                
                                                                                
                                                                                
                                                                                
                                                                                
                                                                                
Agent the Rambler              St:10 Dx:13 Co:14 In:16 Wi:8 Ch:13 Neutral S:0   
Dlvl:1 $:606 HP:10(10) Pw:2(2) AC:10 Xp:1/0 T:6                                 

",0.0,False
134,west,,"message:
It's a wall.

language observation:
gold piece far east
tame little dog far east
vertical wall far east
stairs up near east
splint mail near eastsoutheast
horizontal closed door near eastsoutheast
horizontal wall near southeast and south
horizontal wall adjacent north and northeast
vertical wall adjacent southwest and west
northwest room corner adjacent northwest

cursor:
Yourself a tourist
(x=21, y=4)

map:
                                                                                
                                                                                
                    -----------                                                 
                    |@....<.$d|                                                 
                    |..........                                                 
                    |...[.....|                                                 
                    -----+-----                                                 
                                                                                
                                                                                
                                                                                
                                                                                
                                                                                
                                                                                
                                                                                
                                                                                
                                                                                
                                                                                
                                                                                
                                                                                
                                                                                
                                                                                
Agent the Rambler              St:10 Dx:13 Co:14 In:16 Wi:8 Ch:13 Neutral S:0   
Dlvl:1 $:606 HP:10(10) Pw:2(2) AC:10 Xp:1/0 T:6                                 

",0.0,False
135,west,,"message:
It's a wall.

language observation:
gold piece far east
tame little dog far east
vertical wall far east
stairs up near east
splint mail near eastsoutheast
horizontal closed door near eastsoutheast
horizontal wall near southeast and south
horizontal wall adjacent north and northeast
vertical wall adjacent southwest and west
northwest room corner adjacent northwest

cursor:
Yourself a tourist
(x=21, y=4)

map:
                                                                                
                                                                                
                    -----------                                                 
                    |@....<.$d|                                                 
                    |..........                                                 
                    |...[.....|                                                 
                    -----+-----                                                 
                                                                                
                                                                                
                                                                                
                                                                                
                                                                                
                                                                                
                                                                                
                                                                                
                                                                                
                                                                                
                                                                                
                                                                                
                                                                                
                                                                                
Agent the Rambler              St:10 Dx:13 Co:14 In:16 Wi:8 Ch:13 Neutral S:0   
Dlvl:1 $:606 HP:10(10) Pw:2(2) AC:10 Xp:1/0 T:6                                 

",0.0,False
136,west,,"message:
It's a wall.

language observation:
gold piece far east
tame little dog far east
vertical wall far east
stairs up near east
splint mail near eastsoutheast
horizontal closed door near eastsoutheast
horizontal wall near southeast and south
horizontal wall adjacent north and northeast
vertical wall adjacent southwest and west
northwest room corner adjacent northwest

cursor:
Yourself a tourist
(x=21, y=4)

map:
                                                                                
                                                                                
                    -----------                                                 
                    |@....<.$d|                                                 
                    |..........                                                 
                    |...[.....|                                                 
                    -----+-----                                                 
                                                                                
                                                                                
                                                                                
                                                                                
                                                                                
                                                                                
                                                                                
                                                                                
                                                                                
                                                                                
                                                                                
                                                                                
                                                                                
                                                                                
Agent the Rambler              St:10 Dx:13 Co:14 In:16 Wi:8 Ch:13 Neutral S:0   
Dlvl:1 $:606 HP:10(10) Pw:2(2) AC:10 Xp:1/0 T:6                                 

",0.0,False
137,west,,"message:
It's a wall.

language observation:
gold piece far east
tame little dog far east
vertical wall far east
stairs up near east
splint mail near eastsoutheast
horizontal closed door near eastsoutheast
horizontal wall near southeast and south
horizontal wall adjacent north and northeast
vertical wall adjacent southwest and west
northwest room corner adjacent northwest

cursor:
Yourself a tourist
(x=21, y=4)

map:
                                                                                
                                                                                
                    -----------                                                 
                    |@....<.$d|                                                 
                    |..........                                                 
                    |...[.....|                                                 
                    -----+-----                                                 
                                                                                
                                                                                
                                                                                
                                                                                
                                                                                
                                                                                
                                                                                
                                                                                
                                                                                
                                                                                
                                                                                
                                                                                
                                                                                
                                                                                
Agent the Rambler              St:10 Dx:13 Co:14 In:16 Wi:8 Ch:13 Neutral S:0   
Dlvl:1 $:606 HP:10(10) Pw:2(2) AC:10 Xp:1/0 T:6                                 

",0.0,False
138,west,,"message:
It's a wall.

language observation:
gold piece far east
tame little dog far east
vertical wall far east
stairs up near east
splint mail near eastsoutheast
horizontal closed door near eastsoutheast
horizontal wall near southeast and south
horizontal wall adjacent north and northeast
vertical wall adjacent southwest and west
northwest room corner adjacent northwest

cursor:
Yourself a tourist
(x=21, y=4)

map:
                                                                                
                                                                                
                    -----------                                                 
                    |@....<.$d|                                                 
                    |..........                                                 
                    |...[.....|                                                 
                    -----+-----                                                 
                                                                                
                                                                                
                                                                                
                                                                                
                                                                                
                                                                                
                                                                                
                                                                                
                                                                                
                                                                                
                                                                                
                                                                                
                                                                                
                                                                                
Agent the Rambler              St:10 Dx:13 Co:14 In:16 Wi:8 Ch:13 Neutral S:0   
Dlvl:1 $:606 HP:10(10) Pw:2(2) AC:10 Xp:1/0 T:6                                 

",0.0,False
139,west,,"message:
It's a wall.

language observation:
gold piece far east
tame little dog far east
vertical wall far east
stairs up near east
splint mail near eastsoutheast
horizontal closed door near eastsoutheast
horizontal wall near southeast and south
horizontal wall adjacent north and northeast
vertical wall adjacent southwest and west
northwest room corner adjacent northwest

cursor:
Yourself a tourist
(x=21, y=4)

map:
                                                                                
                                                                                
                    -----------                                                 
                    |@....<.$d|                                                 
                    |..........                                                 
                    |...[.....|                                                 
                    -----+-----                                                 
                                                                                
                                                                                
                                                                                
                                                                                
                                                                                
                                                                                
                                                                                
                                                                                
                                                                                
                                                                                
                                                                                
                                                                                
                                                                                
                                                                                
Agent the Rambler              St:10 Dx:13 Co:14 In:16 Wi:8 Ch:13 Neutral S:0   
Dlvl:1 $:606 HP:10(10) Pw:2(2) AC:10 Xp:1/0 T:6                                 

",0.0,False
140,west,,"message:
It's a wall.

language observation:
gold piece far east
tame little dog far east
vertical wall far east
stairs up near east
splint mail near eastsoutheast
horizontal closed door near eastsoutheast
horizontal wall near southeast and south
horizontal wall adjacent north and northeast
vertical wall adjacent southwest and west
northwest room corner adjacent northwest

cursor:
Yourself a tourist
(x=21, y=4)

map:
                                                                                
                                                                                
                    -----------                                                 
                    |@....<.$d|                                                 
                    |..........                                                 
                    |...[.....|                                                 
                    -----+-----                                                 
                                                                                
                                                                                
                                                                                
                                                                                
                                                                                
                                                                                
                                                                                
                                                                                
                                                                                
                                                                                
                                                                                
                                                                                
                                                                                
                                                                                
Agent the Rambler              St:10 Dx:13 Co:14 In:16 Wi:8 Ch:13 Neutral S:0   
Dlvl:1 $:606 HP:10(10) Pw:2(2) AC:10 Xp:1/0 T:6                                 

",0.0,False
141,west,,"message:
It's a wall.

language observation:
gold piece far east
tame little dog far east
vertical wall far east
stairs up near east
splint mail near eastsoutheast
horizontal closed door near eastsoutheast
horizontal wall near southeast and south
horizontal wall adjacent north and northeast
vertical wall adjacent southwest and west
northwest room corner adjacent northwest

cursor:
Yourself a tourist
(x=21, y=4)

map:
                                                                                
                                                                                
                    -----------                                                 
                    |@....<.$d|                                                 
                    |..........                                                 
                    |...[.....|                                                 
                    -----+-----                                                 
                                                                                
                                                                                
                                                                                
                                                                                
                                                                                
                                                                                
                                                                                
                                                                                
                                                                                
                                                                                
                                                                                
                                                                                
                                                                                
                                                                                
Agent the Rambler              St:10 Dx:13 Co:14 In:16 Wi:8 Ch:13 Neutral S:0   
Dlvl:1 $:606 HP:10(10) Pw:2(2) AC:10 Xp:1/0 T:6                                 

",0.0,False
142,west,,"message:
It's a wall.

language observation:
gold piece far east
tame little dog far east
vertical wall far east
stairs up near east
splint mail near eastsoutheast
horizontal closed door near eastsoutheast
horizontal wall near southeast and south
horizontal wall adjacent north and northeast
vertical wall adjacent southwest and west
northwest room corner adjacent northwest

cursor:
Yourself a tourist
(x=21, y=4)

map:
                                                                                
                                                                                
                    -----------                                                 
                    |@....<.$d|                                                 
                    |..........                                                 
                    |...[.....|                                                 
                    -----+-----                                                 
                                                                                
                                                                                
                                                                                
                                                                                
                                                                                
                                                                                
                                                                                
                                                                                
                                                                                
                                                                                
                                                                                
                                                                                
                                                                                
                                                                                
Agent the Rambler              St:10 Dx:13 Co:14 In:16 Wi:8 Ch:13 Neutral S:0   
Dlvl:1 $:606 HP:10(10) Pw:2(2) AC:10 Xp:1/0 T:6                                 

",0.0,False
143,west,,"message:
It's a wall.

language observation:
gold piece far east
tame little dog far east
vertical wall far east
stairs up near east
splint mail near eastsoutheast
horizontal closed door near eastsoutheast
horizontal wall near southeast and south
horizontal wall adjacent north and northeast
vertical wall adjacent southwest and west
northwest room corner adjacent northwest

cursor:
Yourself a tourist
(x=21, y=4)

map:
                                                                                
                                                                                
                    -----------                                                 
                    |@....<.$d|                                                 
                    |..........                                                 
                    |...[.....|                                                 
                    -----+-----                                                 
                                                                                
                                                                                
                                                                                
                                                                                
                                                                                
                                                                                
                                                                                
                                                                                
                                                                                
                                                                                
                                                                                
                                                                                
                                                                                
                                                                                
Agent the Rambler              St:10 Dx:13 Co:14 In:16 Wi:8 Ch:13 Neutral S:0   
Dlvl:1 $:606 HP:10(10) Pw:2(2) AC:10 Xp:1/0 T:6                                 

",0.0,False
144,west,,"message:
It's a wall.

language observation:
gold piece far east
tame little dog far east
vertical wall far east
stairs up near east
splint mail near eastsoutheast
horizontal closed door near eastsoutheast
horizontal wall near southeast and south
horizontal wall adjacent north and northeast
vertical wall adjacent southwest and west
northwest room corner adjacent northwest

cursor:
Yourself a tourist
(x=21, y=4)

map:
                                                                                
                                                                                
                    -----------                                                 
                    |@....<.$d|                                                 
                    |..........                                                 
                    |...[.....|                                                 
                    -----+-----                                                 
                                                                                
                                                                                
                                                                                
                                                                                
                                                                                
                                                                                
                                                                                
                                                                                
                                                                                
                                                                                
                                                                                
                                                                                
                                                                                
                                                                                
Agent the Rambler              St:10 Dx:13 Co:14 In:16 Wi:8 Ch:13 Neutral S:0   
Dlvl:1 $:606 HP:10(10) Pw:2(2) AC:10 Xp:1/0 T:6                                 

",0.0,False
145,west,,"message:
It's a wall.

language observation:
gold piece far east
tame little dog far east
vertical wall far east
stairs up near east
splint mail near eastsoutheast
horizontal closed door near eastsoutheast
horizontal wall near southeast and south
horizontal wall adjacent north and northeast
vertical wall adjacent southwest and west
northwest room corner adjacent northwest

cursor:
Yourself a tourist
(x=21, y=4)

map:
                                                                                
                                                                                
                    -----------                                                 
                    |@....<.$d|                                                 
                    |..........                                                 
                    |...[.....|                                                 
                    -----+-----                                                 
                                                                                
                                                                                
                                                                                
                                                                                
                                                                                
                                                                                
                                                                                
                                                                                
                                                                                
                                                                                
                                                                                
                                                                                
                                                                                
                                                                                
Agent the Rambler              St:10 Dx:13 Co:14 In:16 Wi:8 Ch:13 Neutral S:0   
Dlvl:1 $:606 HP:10(10) Pw:2(2) AC:10 Xp:1/0 T:6                                 

",0.0,False
146,west,,"message:
It's a wall.

language observation:
gold piece far east
tame little dog far east
vertical wall far east
stairs up near east
splint mail near eastsoutheast
horizontal closed door near eastsoutheast
horizontal wall near southeast and south
horizontal wall adjacent north and northeast
vertical wall adjacent southwest and west
northwest room corner adjacent northwest

cursor:
Yourself a tourist
(x=21, y=4)

map:
                                                                                
                                                                                
                    -----------                                                 
                    |@....<.$d|                                                 
                    |..........                                                 
                    |...[.....|                                                 
                    -----+-----                                                 
                                                                                
                                                                                
                                                                                
                                                                                
                                                                                
                                                                                
                                                                                
                                                                                
                                                                                
                                                                                
                                                                                
                                                                                
                                                                                
                                                                                
Agent the Rambler              St:10 Dx:13 Co:14 In:16 Wi:8 Ch:13 Neutral S:0   
Dlvl:1 $:606 HP:10(10) Pw:2(2) AC:10 Xp:1/0 T:6                                 

",0.0,False
147,west,,"message:
It's a wall.

language observation:
gold piece far east
tame little dog far east
vertical wall far east
stairs up near east
splint mail near eastsoutheast
horizontal closed door near eastsoutheast
horizontal wall near southeast and south
horizontal wall adjacent north and northeast
vertical wall adjacent southwest and west
northwest room corner adjacent northwest

cursor:
Yourself a tourist
(x=21, y=4)

map:
                                                                                
                                                                                
                    -----------                                                 
                    |@....<.$d|                                                 
                    |..........                                                 
                    |...[.....|                                                 
                    -----+-----                                                 
                                                                                
                                                                                
                                                                                
                                                                                
                                                                                
                                                                                
                                                                                
                                                                                
                                                                                
                                                                                
                                                                                
                                                                                
                                                                                
                                                                                
Agent the Rambler              St:10 Dx:13 Co:14 In:16 Wi:8 Ch:13 Neutral S:0   
Dlvl:1 $:606 HP:10(10) Pw:2(2) AC:10 Xp:1/0 T:6                                 

",0.0,False
148,west,,"message:
It's a wall.

language observation:
gold piece far east
tame little dog far east
vertical wall far east
stairs up near east
splint mail near eastsoutheast
horizontal closed door near eastsoutheast
horizontal wall near southeast and south
horizontal wall adjacent north and northeast
vertical wall adjacent southwest and west
northwest room corner adjacent northwest

cursor:
Yourself a tourist
(x=21, y=4)

map:
                                                                                
                                                                                
                    -----------                                                 
                    |@....<.$d|                                                 
                    |..........                                                 
                    |...[.....|                                                 
                    -----+-----                                                 
                                                                                
                                                                                
                                                                                
                                                                                
                                                                                
                                                                                
                                                                                
                                                                                
                                                                                
                                                                                
                                                                                
                                                                                
                                                                                
                                                                                
Agent the Rambler              St:10 Dx:13 Co:14 In:16 Wi:8 Ch:13 Neutral S:0   
Dlvl:1 $:606 HP:10(10) Pw:2(2) AC:10 Xp:1/0 T:6                                 

",0.0,False
149,west,,"message:
It's a wall.

language observation:
gold piece far east
tame little dog far east
vertical wall far east
stairs up near east
splint mail near eastsoutheast
horizontal closed door near eastsoutheast
horizontal wall near southeast and south
horizontal wall adjacent north and northeast
vertical wall adjacent southwest and west
northwest room corner adjacent northwest

cursor:
Yourself a tourist
(x=21, y=4)

map:
                                                                                
                                                                                
                    -----------                                                 
                    |@....<.$d|                                                 
                    |..........                                                 
                    |...[.....|                                                 
                    -----+-----                                                 
                                                                                
                                                                                
                                                                                
                                                                                
                                                                                
                                                                                
                                                                                
                                                                                
                                                                                
                                                                                
                                                                                
                                                                                
                                                                                
                                                                                
Agent the Rambler              St:10 Dx:13 Co:14 In:16 Wi:8 Ch:13 Neutral S:0   
Dlvl:1 $:606 HP:10(10) Pw:2(2) AC:10 Xp:1/0 T:6                                 

",0.0,False
150,west,,"message:
It's a wall.

language observation:
gold piece far east
tame little dog far east
vertical wall far east
stairs up near east
splint mail near eastsoutheast
horizontal closed door near eastsoutheast
horizontal wall near southeast and south
horizontal wall adjacent north and northeast
vertical wall adjacent southwest and west
northwest room corner adjacent northwest

cursor:
Yourself a tourist
(x=21, y=4)

map:
                                                                                
                                                                                
                    -----------                                                 
                    |@....<.$d|                                                 
                    |..........                                                 
                    |...[.....|                                                 
                    -----+-----                                                 
                                                                                
                                                                                
                                                                                
                                                                                
                                                                                
                                                                                
                                                                                
                                                                                
                                                                                
                                                                                
                                                                                
                                                                                
                                                                                
                                                                                
Agent the Rambler              St:10 Dx:13 Co:14 In:16 Wi:8 Ch:13 Neutral S:0   
Dlvl:1 $:606 HP:10(10) Pw:2(2) AC:10 Xp:1/0 T:6                                 

",0.0,False
151,west,,"message:
It's a wall.

language observation:
gold piece far east
tame little dog far east
vertical wall far east
stairs up near east
splint mail near eastsoutheast
horizontal closed door near eastsoutheast
horizontal wall near southeast and south
horizontal wall adjacent north and northeast
vertical wall adjacent southwest and west
northwest room corner adjacent northwest

cursor:
Yourself a tourist
(x=21, y=4)

map:
                                                                                
                                                                                
                    -----------                                                 
                    |@....<.$d|                                                 
                    |..........                                                 
                    |...[.....|                                                 
                    -----+-----                                                 
                                                                                
                                                                                
                                                                                
                                                                                
                                                                                
                                                                                
                                                                                
                                                                                
                                                                                
                                                                                
                                                                                
                                                                                
                                                                                
                                                                                
Agent the Rambler              St:10 Dx:13 Co:14 In:16 Wi:8 Ch:13 Neutral S:0   
Dlvl:1 $:606 HP:10(10) Pw:2(2) AC:10 Xp:1/0 T:6                                 

",0.0,False
152,west,,"message:
It's a wall.

language observation:
gold piece far east
tame little dog far east
vertical wall far east
stairs up near east
splint mail near eastsoutheast
horizontal closed door near eastsoutheast
horizontal wall near southeast and south
horizontal wall adjacent north and northeast
vertical wall adjacent southwest and west
northwest room corner adjacent northwest

cursor:
Yourself a tourist
(x=21, y=4)

map:
                                                                                
                                                                                
                    -----------                                                 
                    |@....<.$d|                                                 
                    |..........                                                 
                    |...[.....|                                                 
                    -----+-----                                                 
                                                                                
                                                                                
                                                                                
                                                                                
                                                                                
                                                                                
                                                                                
                                                                                
                                                                                
                                                                                
                                                                                
                                                                                
                                                                                
                                                                                
Agent the Rambler              St:10 Dx:13 Co:14 In:16 Wi:8 Ch:13 Neutral S:0   
Dlvl:1 $:606 HP:10(10) Pw:2(2) AC:10 Xp:1/0 T:6                                 

",0.0,False
153,west,,"message:
It's a wall.

language observation:
gold piece far east
tame little dog far east
vertical wall far east
stairs up near east
splint mail near eastsoutheast
horizontal closed door near eastsoutheast
horizontal wall near southeast and south
horizontal wall adjacent north and northeast
vertical wall adjacent southwest and west
northwest room corner adjacent northwest

cursor:
Yourself a tourist
(x=21, y=4)

map:
                                                                                
                                                                                
                    -----------                                                 
                    |@....<.$d|                                                 
                    |..........                                                 
                    |...[.....|                                                 
                    -----+-----                                                 
                                                                                
                                                                                
                                                                                
                                                                                
                                                                                
                                                                                
                                                                                
                                                                                
                                                                                
                                                                                
                                                                                
                                                                                
                                                                                
                                                                                
Agent the Rambler              St:10 Dx:13 Co:14 In:16 Wi:8 Ch:13 Neutral S:0   
Dlvl:1 $:606 HP:10(10) Pw:2(2) AC:10 Xp:1/0 T:6                                 

",0.0,False
154,west,,"message:
It's a wall.

language observation:
gold piece far east
tame little dog far east
vertical wall far east
stairs up near east
splint mail near eastsoutheast
horizontal closed door near eastsoutheast
horizontal wall near southeast and south
horizontal wall adjacent north and northeast
vertical wall adjacent southwest and west
northwest room corner adjacent northwest

cursor:
Yourself a tourist
(x=21, y=4)

map:
                                                                                
                                                                                
                    -----------                                                 
                    |@....<.$d|                                                 
                    |..........                                                 
                    |...[.....|                                                 
                    -----+-----                                                 
                                                                                
                                                                                
                                                                                
                                                                                
                                                                                
                                                                                
                                                                                
                                                                                
                                                                                
                                                                                
                                                                                
                                                                                
                                                                                
                                                                                
Agent the Rambler              St:10 Dx:13 Co:14 In:16 Wi:8 Ch:13 Neutral S:0   
Dlvl:1 $:606 HP:10(10) Pw:2(2) AC:10 Xp:1/0 T:6                                 

",0.0,False
155,west,,"message:
It's a wall.

language observation:
gold piece far east
tame little dog far east
vertical wall far east
stairs up near east
splint mail near eastsoutheast
horizontal closed door near eastsoutheast
horizontal wall near southeast and south
horizontal wall adjacent north and northeast
vertical wall adjacent southwest and west
northwest room corner adjacent northwest

cursor:
Yourself a tourist
(x=21, y=4)

map:
                                                                                
                                                                                
                    -----------                                                 
                    |@....<.$d|                                                 
                    |..........                                                 
                    |...[.....|                                                 
                    -----+-----                                                 
                                                                                
                                                                                
                                                                                
                                                                                
                                                                                
                                                                                
                                                                                
                                                                                
                                                                                
                                                                                
                                                                                
                                                                                
                                                                                
                                                                                
Agent the Rambler              St:10 Dx:13 Co:14 In:16 Wi:8 Ch:13 Neutral S:0   
Dlvl:1 $:606 HP:10(10) Pw:2(2) AC:10 Xp:1/0 T:6                                 

",0.0,False
156,west,,"message:
It's a wall.

language observation:
gold piece far east
tame little dog far east
vertical wall far east
stairs up near east
splint mail near eastsoutheast
horizontal closed door near eastsoutheast
horizontal wall near southeast and south
horizontal wall adjacent north and northeast
vertical wall adjacent southwest and west
northwest room corner adjacent northwest

cursor:
Yourself a tourist
(x=21, y=4)

map:
                                                                                
                                                                                
                    -----------                                                 
                    |@....<.$d|                                                 
                    |..........                                                 
                    |...[.....|                                                 
                    -----+-----                                                 
                                                                                
                                                                                
                                                                                
                                                                                
                                                                                
                                                                                
                                                                                
                                                                                
                                                                                
                                                                                
                                                                                
                                                                                
                                                                                
                                                                                
Agent the Rambler              St:10 Dx:13 Co:14 In:16 Wi:8 Ch:13 Neutral S:0   
Dlvl:1 $:606 HP:10(10) Pw:2(2) AC:10 Xp:1/0 T:6                                 

",0.0,False
157,west,,"message:
It's a wall.

language observation:
gold piece far east
tame little dog far east
vertical wall far east
stairs up near east
splint mail near eastsoutheast
horizontal closed door near eastsoutheast
horizontal wall near southeast and south
horizontal wall adjacent north and northeast
vertical wall adjacent southwest and west
northwest room corner adjacent northwest

cursor:
Yourself a tourist
(x=21, y=4)

map:
                                                                                
                                                                                
                    -----------                                                 
                    |@....<.$d|                                                 
                    |..........                                                 
                    |...[.....|                                                 
                    -----+-----                                                 
                                                                                
                                                                                
                                                                                
                                                                                
                                                                                
                                                                                
                                                                                
                                                                                
                                                                                
                                                                                
                                                                                
                                                                                
                                                                                
                                                                                
Agent the Rambler              St:10 Dx:13 Co:14 In:16 Wi:8 Ch:13 Neutral S:0   
Dlvl:1 $:606 HP:10(10) Pw:2(2) AC:10 Xp:1/0 T:6                                 

",0.0,False
158,west,,"message:
It's a wall.

language observation:
gold piece far east
tame little dog far east
vertical wall far east
stairs up near east
splint mail near eastsoutheast
horizontal closed door near eastsoutheast
horizontal wall near southeast and south
horizontal wall adjacent north and northeast
vertical wall adjacent southwest and west
northwest room corner adjacent northwest

cursor:
Yourself a tourist
(x=21, y=4)

map:
                                                                                
                                                                                
                    -----------                                                 
                    |@....<.$d|                                                 
                    |..........                                                 
                    |...[.....|                                                 
                    -----+-----                                                 
                                                                                
                                                                                
                                                                                
                                                                                
                                                                                
                                                                                
                                                                                
                                                                                
                                                                                
                                                                                
                                                                                
                                                                                
                                                                                
                                                                                
Agent the Rambler              St:10 Dx:13 Co:14 In:16 Wi:8 Ch:13 Neutral S:0   
Dlvl:1 $:606 HP:10(10) Pw:2(2) AC:10 Xp:1/0 T:6                                 

",0.0,False
159,west,,"message:
It's a wall.

language observation:
gold piece far east
tame little dog far east
vertical wall far east
stairs up near east
splint mail near eastsoutheast
horizontal closed door near eastsoutheast
horizontal wall near southeast and south
horizontal wall adjacent north and northeast
vertical wall adjacent southwest and west
northwest room corner adjacent northwest

cursor:
Yourself a tourist
(x=21, y=4)

map:
                                                                                
                                                                                
                    -----------                                                 
                    |@....<.$d|                                                 
                    |..........                                                 
                    |...[.....|                                                 
                    -----+-----                                                 
                                                                                
                                                                                
                                                                                
                                                                                
                                                                                
                                                                                
                                                                                
                                                                                
                                                                                
                                                                                
                                                                                
                                                                                
                                                                                
                                                                                
Agent the Rambler              St:10 Dx:13 Co:14 In:16 Wi:8 Ch:13 Neutral S:0   
Dlvl:1 $:606 HP:10(10) Pw:2(2) AC:10 Xp:1/0 T:6                                 

",0.0,False
160,west,,"message:
It's a wall.

language observation:
gold piece far east
tame little dog far east
vertical wall far east
stairs up near east
splint mail near eastsoutheast
horizontal closed door near eastsoutheast
horizontal wall near southeast and south
horizontal wall adjacent north and northeast
vertical wall adjacent southwest and west
northwest room corner adjacent northwest

cursor:
Yourself a tourist
(x=21, y=4)

map:
                                                                                
                                                                                
                    -----------                                                 
                    |@....<.$d|                                                 
                    |..........                                                 
                    |...[.....|                                                 
                    -----+-----                                                 
                                                                                
                                                                                
                                                                                
                                                                                
                                                                                
                                                                                
                                                                                
                                                                                
                                                                                
                                                                                
                                                                                
                                                                                
                                                                                
                                                                                
Agent the Rambler              St:10 Dx:13 Co:14 In:16 Wi:8 Ch:13 Neutral S:0   
Dlvl:1 $:606 HP:10(10) Pw:2(2) AC:10 Xp:1/0 T:6                                 

",0.0,False
161,west,,"message:
It's a wall.

language observation:
gold piece far east
tame little dog far east
vertical wall far east
stairs up near east
splint mail near eastsoutheast
horizontal closed door near eastsoutheast
horizontal wall near southeast and south
horizontal wall adjacent north and northeast
vertical wall adjacent southwest and west
northwest room corner adjacent northwest

cursor:
Yourself a tourist
(x=21, y=4)

map:
                                                                                
                                                                                
                    -----------                                                 
                    |@....<.$d|                                                 
                    |..........                                                 
                    |...[.....|                                                 
                    -----+-----                                                 
                                                                                
                                                                                
                                                                                
                                                                                
                                                                                
                                                                                
                                                                                
                                                                                
                                                                                
                                                                                
                                                                                
                                                                                
                                                                                
                                                                                
Agent the Rambler              St:10 Dx:13 Co:14 In:16 Wi:8 Ch:13 Neutral S:0   
Dlvl:1 $:606 HP:10(10) Pw:2(2) AC:10 Xp:1/0 T:6                                 

",0.0,False
162,west,,"message:
 
No  Points     Name                                                   Hp [max]
0  Agent-Tou-Hum-Fem-Neu quit in The Dungeons of Doom on
level 1.                                               10  [10]


language observation:
dark area adjacent east, southeast, and south

cursor:
very far eastsoutheast 
(x=77, y=6)

map:
 No  Points     Name                                                   Hp [max] 
                                                                                
            0  Agent-Tou-Hum-Fem-Neu quit in The Dungeons of Doom on            
                                                                                
              level 1.                                               10  [10]   
                                                                                
                                                                                
                                                                                
                                                                                
                                                                                
                                                                                
                                                                                
                                                                                
                                                                                
                                                                                
                                                                                
                                                                                
                                                                                
                                                                                
                                                                                
                                                                                
                                                                                
                                                                                

",0.0,True
