Step,Action,Reasoning,Observation,Reward,Done
0,search,,"message:


language observation:
horizontal wall very near north, northeast, and south
vertical wall very near east and west
southeast corner very near southeast
southwest corner very near southwest
northwest room corner very near northwest

cursor:
Yourself a knight
(x=22, y=12)

map:
                                                                                
                                                                                
                                                                                
                                                                                
                                                                                
                                                                                
                                                                                
                                                                                
                                                                                
                    -----                                                       
                    |....##                                                     
                    |.@.|                                                       
                    |...|                                                       
                    -----                                                       
                                                                                
                                                                                
                                                                                
                                                                                
                                                                                
                                                                                
                                                                                
Agent the Gallant              St:15 Dx:8 Co:11 In:7 Wi:16 Ch:16 Lawful S:0     
Dlvl:1 $:0 HP:16(16) Pw:6(6) AC:3 Xp:1/0                                        

",0.0,False
1,east,,"message:


language observation:
vertical wall near west
horizontal wall very near north, south, southwest, and northwest
dark area very near northeast
vertical wall adjacent east and southeast
horn adjacent west

cursor:
Yourself a knight
(x=23, y=12)

map:
                                                                                
                                                                                
                                                                                
                                                                                
                                                                                
                                                                                
                                                                                
                                                                                
                                                                                
                    -----                                                       
                    |....##                                                     
                    |.(@|                                                       
                    |...|                                                       
                    -----                                                       
                                                                                
                                                                                
                                                                                
                                                                                
                                                                                
                                                                                
                                                                                
Agent the Gallant              St:15 Dx:8 Co:11 In:7 Wi:16 Ch:16 Lawful S:0     
Dlvl:1 $:0 HP:16(16) Pw:6(6) AC:3 Xp:1/0                                        

",0.0,False
2,east,,"message:
It's a wall.

language observation:
vertical wall near west
horizontal wall very near north, south, southwest, and northwest
dark area very near northeast
vertical wall adjacent east and southeast
horn adjacent west

cursor:
Yourself a knight
(x=23, y=12)

map:
                                                                                
                                                                                
                                                                                
                                                                                
                                                                                
                                                                                
                                                                                
                                                                                
                                                                                
                    -----                                                       
                    |....##                                                     
                    |.(@|                                                       
                    |...|                                                       
                    -----                                                       
                                                                                
                                                                                
                                                                                
                                                                                
                                                                                
                                                                                
                                                                                
Agent the Gallant              St:15 Dx:8 Co:11 In:7 Wi:16 Ch:16 Lawful S:0     
Dlvl:1 $:0 HP:16(16) Pw:6(6) AC:3 Xp:1/0                                        

",-0.01,False
3,south,,"message:


language observation:
horizontal wall near north
vertical wall near west
northwest room corner near northwest
vertical wall adjacent northeast and east
southeast corner adjacent southeast
horizontal wall adjacent south and southwest
horn adjacent northwest

cursor:
Yourself a knight
(x=23, y=13)

map:
                                                                                
                                                                                
                                                                                
                                                                                
                                                                                
                                                                                
                                                                                
                                                                                
                                                                                
                    -----                                                       
                    |....##                                                     
                    |.(.|                                                       
                    |..@|                                                       
                    -----                                                       
                                                                                
                                                                                
                                                                                
                                                                                
                                                                                
                                                                                
                                                                                
Agent the Gallant              St:15 Dx:8 Co:11 In:7 Wi:16 Ch:16 Lawful S:0     
Dlvl:1 $:0 HP:16(16) Pw:6(6) AC:3 Xp:1/0                                        

",0.0,False
4,south,,"message:
It's a wall.

language observation:
horizontal wall near north
vertical wall near west
northwest room corner near northwest
vertical wall adjacent northeast and east
southeast corner adjacent southeast
horizontal wall adjacent south and southwest
horn adjacent northwest

cursor:
Yourself a knight
(x=23, y=13)

map:
                                                                                
                                                                                
                                                                                
                                                                                
                                                                                
                                                                                
                                                                                
                                                                                
                                                                                
                    -----                                                       
                    |....##                                                     
                    |.(.|                                                       
                    |..@|                                                       
                    -----                                                       
                                                                                
                                                                                
                                                                                
                                                                                
                                                                                
                                                                                
                                                                                
Agent the Gallant              St:15 Dx:8 Co:11 In:7 Wi:16 Ch:16 Lawful S:0     
Dlvl:1 $:0 HP:16(16) Pw:6(6) AC:3 Xp:1/0                                        

",-0.01,False
5,west,,"message:


language observation:
horizontal wall near north
dark area near northeast
vertical wall very near east, west, and northwest
horn adjacent north
horizontal wall adjacent southeast, south, and southwest

cursor:
Yourself a knight
(x=22, y=13)

map:
                                                                                
                                                                                
                                                                                
                                                                                
                                                                                
                                                                                
                                                                                
                                                                                
                                                                                
                    -----                                                       
                    |....##                                                     
                    |.(.|                                                       
                    |.@.|                                                       
                    -----                                                       
                                                                                
                                                                                
                                                                                
                                                                                
                                                                                
                                                                                
                                                                                
Agent the Gallant              St:15 Dx:8 Co:11 In:7 Wi:16 Ch:16 Lawful S:0     
Dlvl:1 $:0 HP:16(16) Pw:6(6) AC:3 Xp:1/0                                        

",0.0,False
6,west,,"message:


language observation:
horizontal wall near north and northeast
vertical wall near east
horn adjacent northeast
horizontal wall adjacent southeast and south
southwest corner adjacent southwest
vertical wall adjacent west and northwest

cursor:
Yourself a knight
(x=21, y=13)

map:
                                                                                
                                                                                
                                                                                
                                                                                
                                                                                
                                                                                
                                                                                
                                                                                
                                                                                
                    -----                                                       
                    |....##                                                     
                    |.(.|                                                       
                    |@..|                                                       
                    -----                                                       
                                                                                
                                                                                
                                                                                
                                                                                
                                                                                
                                                                                
                                                                                
Agent the Gallant              St:15 Dx:8 Co:11 In:7 Wi:16 Ch:16 Lawful S:0     
Dlvl:1 $:0 HP:16(16) Pw:6(6) AC:3 Xp:1/0                                        

",0.0,False
7,west,,"message:
It's a wall.

language observation:
horizontal wall near north and northeast
vertical wall near east
horn adjacent northeast
horizontal wall adjacent southeast and south
southwest corner adjacent southwest
vertical wall adjacent west and northwest

cursor:
Yourself a knight
(x=21, y=13)

map:
                                                                                
                                                                                
                                                                                
                                                                                
                                                                                
                                                                                
                                                                                
                                                                                
                                                                                
                    -----                                                       
                    |....##                                                     
                    |.(.|                                                       
                    |@..|                                                       
                    -----                                                       
                                                                                
                                                                                
                                                                                
                                                                                
                                                                                
                                                                                
                                                                                
Agent the Gallant              St:15 Dx:8 Co:11 In:7 Wi:16 Ch:16 Lawful S:0     
Dlvl:1 $:0 HP:16(16) Pw:6(6) AC:3 Xp:1/0                                        

",-0.01,False
8,north,,"message:


language observation:
vertical wall near east
horizontal wall very near north, northeast, southeast, and south
horn adjacent east
vertical wall adjacent southwest, west, and northwest

cursor:
Yourself a knight
(x=21, y=12)

map:
                                                                                
                                                                                
                                                                                
                                                                                
                                                                                
                                                                                
                                                                                
                                                                                
                                                                                
                    -----                                                       
                    |....##                                                     
                    |@(.|                                                       
                    |...|                                                       
                    -----                                                       
                                                                                
                                                                                
                                                                                
                                                                                
                                                                                
                                                                                
                                                                                
Agent the Gallant              St:15 Dx:8 Co:11 In:7 Wi:16 Ch:16 Lawful S:0     
Dlvl:1 $:0 HP:16(16) Pw:6(6) AC:3 Xp:1/0                                        

",0.0,False
9,north,,"message:


language observation:
dark area far east
southeast corner near southeast
horizontal wall near south
horizontal wall adjacent north and northeast
horn adjacent southeast
vertical wall adjacent southwest and west
northwest room corner adjacent northwest

cursor:
Yourself a knight
(x=21, y=11)

map:
                                                                                
                                                                                
                                                                                
                                                                                
                                                                                
                                                                                
                                                                                
                                                                                
                                                                                
                    -----                                                       
                    |@...##                                                     
                    |.(.|                                                       
                    |...|                                                       
                    -----                                                       
                                                                                
                                                                                
                                                                                
                                                                                
                                                                                
                                                                                
                                                                                
Agent the Gallant              St:15 Dx:8 Co:11 In:7 Wi:16 Ch:16 Lawful S:0     
Dlvl:1 $:0 HP:16(16) Pw:6(6) AC:3 Xp:1/0                                        

",0.0,False
10,north,,"message:
It's a wall.

language observation:
dark area far east
southeast corner near southeast
horizontal wall near south
horizontal wall adjacent north and northeast
horn adjacent southeast
vertical wall adjacent southwest and west
northwest room corner adjacent northwest

cursor:
Yourself a knight
(x=21, y=11)

map:
                                                                                
                                                                                
                                                                                
                                                                                
                                                                                
                                                                                
                                                                                
                                                                                
                                                                                
                    -----                                                       
                    |@...##                                                     
                    |.(.|                                                       
                    |...|                                                       
                    -----                                                       
                                                                                
                                                                                
                                                                                
                                                                                
                                                                                
                                                                                
                                                                                
Agent the Gallant              St:15 Dx:8 Co:11 In:7 Wi:16 Ch:16 Lawful S:0     
Dlvl:1 $:0 HP:16(16) Pw:6(6) AC:3 Xp:1/0                                        

",-0.01,False
11,search,,"message:


language observation:
dark area far east
southeast corner near southeast
horizontal wall near south
horizontal wall adjacent north and northeast
horn adjacent southeast
vertical wall adjacent southwest and west
northwest room corner adjacent northwest

cursor:
Yourself a knight
(x=21, y=11)

map:
                                                                                
                                                                                
                                                                                
                                                                                
                                                                                
                                                                                
                                                                                
                                                                                
                                                                                
                    -----                                                       
                    |@...##                                                     
                    |.(.|                                                       
                    |...|                                                       
                    -----                                                       
                                                                                
                                                                                
                                                                                
                                                                                
                                                                                
                                                                                
                                                                                
Agent the Gallant              St:15 Dx:8 Co:11 In:7 Wi:16 Ch:16 Lawful S:0     
Dlvl:1 $:0 HP:16(16) Pw:6(6) AC:3 Xp:1/0                                        

",0.0,False
12,east,,"message:


language observation:
dark area near east
horizontal wall near south
vertical wall very near southeast, southwest, and west
horizontal wall adjacent north, northeast, and northwest
horn adjacent south

cursor:
Yourself a knight
(x=22, y=11)

map:
                                                                                
                                                                                
                                                                                
                                                                                
                                                                                
                                                                                
                                                                                
                                                                                
                                                                                
                    -----                                                       
                    |.@..##                                                     
                    |.(.|                                                       
                    |...|                                                       
                    -----                                                       
                                                                                
                                                                                
                                                                                
                                                                                
                                                                                
                                                                                
                                                                                
Agent the Gallant              St:15 Dx:8 Co:11 In:7 Wi:16 Ch:16 Lawful S:0     
Dlvl:1 $:0 HP:16(16) Pw:6(6) AC:3 Xp:1/0                                        

",0.0,False
13,east,,"message:


language observation:
dark area near east
horizontal wall near south
southwest corner near southwest
vertical wall near west
horizontal wall adjacent north, northeast, and northwest
vertical wall adjacent southeast
horn adjacent southwest

cursor:
Yourself a knight
(x=23, y=11)

map:
                                                                                
                                                                                
                                                                                
                                                                                
                                                                                
                                                                                
                                                                                
                                                                                
                                                                                
                    -----                                                       
                    |..@.##                                                     
                    |.(.|                                                       
                    |...|                                                       
                    -----                                                       
                                                                                
                                                                                
                                                                                
                                                                                
                                                                                
                                                                                
                                                                                
Agent the Gallant              St:15 Dx:8 Co:11 In:7 Wi:16 Ch:16 Lawful S:0     
Dlvl:1 $:0 HP:16(16) Pw:6(6) AC:3 Xp:1/0                                        

",0.0,False
14,east,,"message:


language observation:
dark area near east
horizontal wall near southwest
vertical wall near west
horn very near westsouthwest
horizontal wall adjacent north and northwest
dark area adjacent northeast and southeast
vertical wall adjacent south

cursor:
Yourself a knight
(x=24, y=11)

map:
                                                                                
                                                                                
                                                                                
                                                                                
                                                                                
                                                                                
                                                                                
                                                                                
                                                                                
                    -----                                                       
                    |...@##                                                     
                    |.(.|                                                       
                    |...|                                                       
                    -----                                                       
                                                                                
                                                                                
                                                                                
                                                                                
                                                                                
                                                                                
                                                                                
Agent the Gallant              St:15 Dx:8 Co:11 In:7 Wi:16 Ch:16 Lawful S:0     
Dlvl:1 $:0 HP:16(16) Pw:6(6) AC:3 Xp:1/0                                        

",0.0,False
15,east,,"message:


language observation:
dark area near southeast
horn near westsouthwest
vertical wall near west
dark area very near east
dark area adjacent north, northeast, and south
vertical wall adjacent southwest
horizontal wall adjacent northwest

cursor:
Yourself a knight
(x=25, y=11)

map:
                                                                                
                                                                                
                                                                                
                                                                                
                                                                                
                                                                                
                                                                                
                                                                                
                                                                                
                    -----                                                       
                    |....@#                                                     
                    |.(.| #                                                     
                    |...| ##                                                    
                    -----                                                       
                                                                                
                                                                                
                                                                                
                                                                                
                                                                                
                                                                                
                                                                                
Agent the Gallant              St:15 Dx:8 Co:11 In:7 Wi:16 Ch:16 Lawful S:0     
Dlvl:1 $:0 HP:16(16) Pw:6(6) AC:3 Xp:1/0                                        

",0.0,False
16,search,,"message:


language observation:
dark area near southeast
horn near westsouthwest
vertical wall near west
dark area very near east
dark area adjacent north, northeast, and south
vertical wall adjacent southwest
horizontal wall adjacent northwest

cursor:
Yourself a knight
(x=25, y=11)

map:
                                                                                
                                                                                
                                                                                
                                                                                
                                                                                
                                                                                
                                                                                
                                                                                
                                                                                
                    -----                                                       
                    |....@#                                                     
                    |.(.| #                                                     
                    |...| ##                                                    
                    -----                                                       
                                                                                
                                                                                
                                                                                
                                                                                
                                                                                
                                                                                
                                                                                
Agent the Gallant              St:15 Dx:8 Co:11 In:7 Wi:16 Ch:16 Lawful S:0     
Dlvl:1 $:0 HP:16(16) Pw:6(6) AC:3 Xp:1/0                                        

",0.0,False
17,east,,"message:


language observation:
vertical wall far west
dark area near south
horn near westsouthwest
dark area adjacent north, northeast, east, southeast, southwest, and northwest

cursor:
Yourself a knight
(x=26, y=11)

map:
                                                                                
                                                                                
                                                                                
                                                                                
                                                                                
                                                                                
                                                                                
                                                                                
                                                                                
                    -----                                                       
                    |....#@                                                     
                    |.(.| #                                                     
                    |...| ##                                                    
                    -----                                                       
                                                                                
                                                                                
                                                                                
                                                                                
                                                                                
                                                                                
                                                                                
Agent the Gallant              St:15 Dx:8 Co:11 In:7 Wi:16 Ch:16 Lawful S:0     
Dlvl:1 $:0 HP:16(16) Pw:6(6) AC:3 Xp:1/0                                        

",0.0,False
18,search,,"message:


language observation:
vertical wall far west
dark area near south
horn near westsouthwest
dark area adjacent north, northeast, east, southeast, southwest, and northwest

cursor:
Yourself a knight
(x=26, y=11)

map:
                                                                                
                                                                                
                                                                                
                                                                                
                                                                                
                                                                                
                                                                                
                                                                                
                                                                                
                    -----                                                       
                    |....#@                                                     
                    |.(.| #                                                     
                    |...| ##                                                    
                    -----                                                       
                                                                                
                                                                                
                                                                                
                                                                                
                                                                                
                                                                                
                                                                                
Agent the Gallant              St:15 Dx:8 Co:11 In:7 Wi:16 Ch:16 Lawful S:0     
Dlvl:1 $:0 HP:16(16) Pw:6(6) AC:3 Xp:1/0                                        

",0.0,False
19,east,,"message:
It's solid stone.

language observation:
vertical wall far west
dark area near south
horn near westsouthwest
dark area adjacent north, northeast, east, southeast, southwest, and northwest

cursor:
Yourself a knight
(x=26, y=11)

map:
                                                                                
                                                                                
                                                                                
                                                                                
                                                                                
                                                                                
                                                                                
                                                                                
                                                                                
                    -----                                                       
                    |....#@                                                     
                    |.(.| #                                                     
                    |...| ##                                                    
                    -----                                                       
                                                                                
                                                                                
                                                                                
                                                                                
                                                                                
                                                                                
                                                                                
Agent the Gallant              St:15 Dx:8 Co:11 In:7 Wi:16 Ch:16 Lawful S:0     
Dlvl:1 $:0 HP:16(16) Pw:6(6) AC:3 Xp:1/0                                        

",-0.01,False
20,south,,"message:


language observation:
horn near west
dark area very near north, southeast, and south
horizontal wall very near northwest
dark area adjacent northeast, east, southwest, and west

cursor:
Yourself a knight
(x=26, y=12)

map:
                                                                                
                                                                                
                                                                                
                                                                                
                                                                                
                                                                                
                                                                                
                                                                                
                                                                                
                    -----                                                       
                    |....##                                                     
                    |.(.| @                                                     
                    |...| ##                                                    
                    -----                                                       
                                                                                
                                                                                
                                                                                
                                                                                
                                                                                
                                                                                
                                                                                
Agent the Gallant              St:15 Dx:8 Co:11 In:7 Wi:16 Ch:16 Lawful S:0     
Dlvl:1 $:0 HP:16(16) Pw:6(6) AC:3 Xp:1/0                                        

",0.0,False
21,south,,"message:


language observation:
lava very far east
area of lava very far eastnortheast
stairs down very far eastnortheast
giant rats far east
dark area near north
horn near westnorthwest
dark area very near east
dark area adjacent northeast, southeast, south, southwest, west, and northwest

cursor:
Yourself a knight
(x=26, y=13)

map:
                                                                                
                                                                                
                                                                                
                                                                                
                                                                                
                                                                                
                                                                                
                                                                                
                                                                                
                    -----                          ------                       
                    |....##                        .}..>|                       
                    |.(.| #            .............}...|                       
                    |...| @#    ...r..r.rr..........}...|                       
                    -----        ------------------------                       
                                                                                
                                                                                
                                                                                
                                                                                
                                                                                
                                                                                
                                                                                
Agent the Gallant              St:15 Dx:8 Co:11 In:7 Wi:16 Ch:16 Lawful S:0     
Dlvl:1 $:0 HP:16(16) Pw:6(6) AC:3 Xp:1/0                                        

",0.0,False
22,east,,"message:


language observation:
lava very far east
area of lava very far eastnortheast
stairs down very far eastnortheast
giant rats far east
horn near westnorthwest
horizontal wall near northwest
dark area very near east and west
dark area adjacent north, northeast, southeast, south, and southwest

cursor:
Yourself a knight
(x=27, y=13)

map:
                                                                                
                                                                                
                                                                                
                                                                                
                                                                                
                                                                                
                                                                                
                                                                                
                                                                                
                    -----                       ---------                       
                    |....##                     ....}..>|                       
                    |.(.| #           ..............}...|                       
                    |...| #@#   ..rr.r.r.r..........}...|                       
                    -----        ------------------------                       
                                                                                
                                                                                
                                                                                
                                                                                
                                                                                
                                                                                
                                                                                
Agent the Gallant              St:15 Dx:8 Co:11 In:7 Wi:16 Ch:16 Lawful S:0     
Dlvl:1 $:0 HP:16(16) Pw:6(6) AC:3 Xp:1/0                                        

",0.0,False
23,east,,"message:


language observation:
lava very far east
area of lava very far eastnortheast
stairs down very far eastnortheast
giant rats far east
horn far westnorthwest
dark area near west
dark area very near east
dark area adjacent north, northeast, southeast, south, southwest, and northwest

cursor:
Yourself a knight
(x=28, y=13)

map:
                                                                                
                                                                                
                                                                                
                                                                                
                                                                                
                                                                                
                                                                                
                                                                                
                                                                                
                    -----                    ------------                       
                    |....##                  .......}..>|                       
                    |.(.| #          ...............}...|                       
                    |...| ##@#  ..r.r.r..r..........}...|                       
                    -----        ------------------------                       
                                                                                
                                                                                
                                                                                
                                                                                
                                                                                
                                                                                
                                                                                
Agent the Gallant              St:15 Dx:8 Co:11 In:7 Wi:16 Ch:16 Lawful S:0     
Dlvl:1 $:0 HP:16(16) Pw:6(6) AC:3 Xp:1/0                                        

",0.0,False
24,east,,"message:


language observation:
lava very far east
area of lava very far eastnortheast
stairs down very far eastnortheast
giant rats far east
horn far westnorthwest
giant rat near east
dark area near west
dark area very near east
dark area adjacent north, northeast, southeast, south, southwest, and northwest

cursor:
Yourself a knight
(x=29, y=13)

map:
                                                                                
                                                                                
                                                                                
                                                                                
                                                                                
                                                                                
                                                                                
                                                                                
                                                                                
                    -----                 ---------------                       
                    |....##               ..........}..>|                       
                    |.(.| #         ................}...|                       
                    |...| ###@# .r.r.r..r...........}...|                       
                    -----        ------------------------                       
                                                                                
                                                                                
                                                                                
                                                                                
                                                                                
                                                                                
                                                                                
Agent the Gallant              St:15 Dx:8 Co:11 In:7 Wi:16 Ch:16 Lawful S:0     
Dlvl:1 $:0 HP:16(16) Pw:6(6) AC:3 Xp:1/0                                        

",0.0,False
25,fight,,"

Your previous output did not contain a valid action. Defaulted to action: north

Observation:
message:
It's solid stone.

language observation:
lava very far east
area of lava very far eastnortheast
stairs down very far eastnortheast
giant rats far east
horn far westnorthwest
giant rat near east
dark area near west
dark area very near east
dark area adjacent north, northeast, southeast, south, southwest, and northwest

cursor:
Yourself a knight
(x=29, y=13)

map:
                                                                                
                                                                                
                                                                                
                                                                                
                                                                                
                                                                                
                                                                                
                                                                                
                                                                                
                    -----                 ---------------                       
                    |....##               ..........}..>|                       
                    |.(.| #         ................}...|                       
                    |...| ###@# .r.r.r..r...........}...|                       
                    -----        ------------------------                       
                                                                                
                                                                                
                                                                                
                                                                                
                                                                                
                                                                                
                                                                                
Agent the Gallant              St:15 Dx:8 Co:11 In:7 Wi:16 Ch:16 Lawful S:0     
Dlvl:1 $:0 HP:16(16) Pw:6(6) AC:3 Xp:1/0                                        

",-0.01,False
26,"east then zap with a wand if you have one otherwise fight the giant rat Since the observation doesnt indicate having a wand lets default to fighting:

fight",,"

Your previous output did not contain a valid action. Defaulted to action: north

Observation:
message:
It's solid stone.

language observation:
lava very far east
area of lava very far eastnortheast
stairs down very far eastnortheast
giant rats far east
horn far westnorthwest
giant rat near east
dark area near west
dark area very near east
dark area adjacent north, northeast, southeast, south, southwest, and northwest

cursor:
Yourself a knight
(x=29, y=13)

map:
                                                                                
                                                                                
                                                                                
                                                                                
                                                                                
                                                                                
                                                                                
                                                                                
                                                                                
                    -----                 ---------------                       
                    |....##               ..........}..>|                       
                    |.(.| #         ................}...|                       
                    |...| ###@# .r.r.r..r...........}...|                       
                    -----        ------------------------                       
                                                                                
                                                                                
                                                                                
                                                                                
                                                                                
                                                                                
                                                                                
Agent the Gallant              St:15 Dx:8 Co:11 In:7 Wi:16 Ch:16 Lawful S:0     
Dlvl:1 $:0 HP:16(16) Pw:6(6) AC:3 Xp:1/0                                        

",-0.01,False
27,fight,,"

Your previous output did not contain a valid action. Defaulted to action: north

Observation:
message:
It's solid stone.

language observation:
lava very far east
area of lava very far eastnortheast
stairs down very far eastnortheast
giant rats far east
horn far westnorthwest
giant rat near east
dark area near west
dark area very near east
dark area adjacent north, northeast, southeast, south, southwest, and northwest

cursor:
Yourself a knight
(x=29, y=13)

map:
                                                                                
                                                                                
                                                                                
                                                                                
                                                                                
                                                                                
                                                                                
                                                                                
                                                                                
                    -----                 ---------------                       
                    |....##               ..........}..>|                       
                    |.(.| #         ................}...|                       
                    |...| ###@# .r.r.r..r...........}...|                       
                    -----        ------------------------                       
                                                                                
                                                                                
                                                                                
                                                                                
                                                                                
                                                                                
                                                                                
Agent the Gallant              St:15 Dx:8 Co:11 In:7 Wi:16 Ch:16 Lawful S:0     
Dlvl:1 $:0 HP:16(16) Pw:6(6) AC:3 Xp:1/0                                        

",-0.01,False
28,fight,,"

Your previous output did not contain a valid action. Defaulted to action: north

Observation:
message:
It's solid stone.

language observation:
lava very far east
area of lava very far eastnortheast
stairs down very far eastnortheast
giant rats far east
horn far westnorthwest
giant rat near east
dark area near west
dark area very near east
dark area adjacent north, northeast, southeast, south, southwest, and northwest

cursor:
Yourself a knight
(x=29, y=13)

map:
                                                                                
                                                                                
                                                                                
                                                                                
                                                                                
                                                                                
                                                                                
                                                                                
                                                                                
                    -----                 ---------------                       
                    |....##               ..........}..>|                       
                    |.(.| #         ................}...|                       
                    |...| ###@# .r.r.r..r...........}...|                       
                    -----        ------------------------                       
                                                                                
                                                                                
                                                                                
                                                                                
                                                                                
                                                                                
                                                                                
Agent the Gallant              St:15 Dx:8 Co:11 In:7 Wi:16 Ch:16 Lawful S:0     
Dlvl:1 $:0 HP:16(16) Pw:6(6) AC:3 Xp:1/0                                        

",-0.01,False
29,fight,,"

Your previous output did not contain a valid action. Defaulted to action: north

Observation:
message:
It's solid stone.

language observation:
lava very far east
area of lava very far eastnortheast
stairs down very far eastnortheast
giant rats far east
horn far westnorthwest
giant rat near east
dark area near west
dark area very near east
dark area adjacent north, northeast, southeast, south, southwest, and northwest

cursor:
Yourself a knight
(x=29, y=13)

map:
                                                                                
                                                                                
                                                                                
                                                                                
                                                                                
                                                                                
                                                                                
                                                                                
                                                                                
                    -----                 ---------------                       
                    |....##               ..........}..>|                       
                    |.(.| #         ................}...|                       
                    |...| ###@# .r.r.r..r...........}...|                       
                    -----        ------------------------                       
                                                                                
                                                                                
                                                                                
                                                                                
                                                                                
                                                                                
                                                                                
Agent the Gallant              St:15 Dx:8 Co:11 In:7 Wi:16 Ch:16 Lawful S:0     
Dlvl:1 $:0 HP:16(16) Pw:6(6) AC:3 Xp:1/0                                        

",-0.01,False
30,east,,"message:


language observation:
lava very far east
area of lava very far eastnortheast
stairs down very far eastnortheast
giant rats far east
horn far westnorthwest
giant rats near east
dark area near west
giant rat very near east
dark area adjacent north, northeast, southeast, south, southwest, and northwest

cursor:
Yourself a knight
(x=30, y=13)

map:
                                                                                
                                                                                
                                                                                
                                                                                
                                                                                
                                                                                
                                                                                
                                                                                
                                                                                
                    -----              ------------------                       
                    |....##            .............}..>|                       
                    |.(.| #        .................}...|                       
                    |...| ####@#rrr.r..r............}...|                       
                    -----        ------------------------                       
                                                                                
                                                                                
                                                                                
                                                                                
                                                                                
                                                                                
                                                                                
Agent the Gallant              St:15 Dx:8 Co:11 In:7 Wi:16 Ch:16 Lawful S:0     
Dlvl:1 $:0 HP:16(16) Pw:6(6) AC:3 Xp:1/0                                        

",0.0,False
31,fight,,"

Your previous output did not contain a valid action. Defaulted to action: north

Observation:
message:
It's solid stone.

language observation:
lava very far east
area of lava very far eastnortheast
stairs down very far eastnortheast
giant rats far east
horn far westnorthwest
giant rats near east
dark area near west
giant rat very near east
dark area adjacent north, northeast, southeast, south, southwest, and northwest

cursor:
Yourself a knight
(x=30, y=13)

map:
                                                                                
                                                                                
                                                                                
                                                                                
                                                                                
                                                                                
                                                                                
                                                                                
                                                                                
                    -----              ------------------                       
                    |....##            .............}..>|                       
                    |.(.| #        .................}...|                       
                    |...| ####@#rrr.r..r............}...|                       
                    -----        ------------------------                       
                                                                                
                                                                                
                                                                                
                                                                                
                                                                                
                                                                                
                                                                                
Agent the Gallant              St:15 Dx:8 Co:11 In:7 Wi:16 Ch:16 Lawful S:0     
Dlvl:1 $:0 HP:16(16) Pw:6(6) AC:3 Xp:1/0                                        

",-0.01,False
32,east,,"message:
The giant rat bites!

language observation:
lava very far east
area of lava very far eastnortheast
stairs down very far eastnortheast
giant rat far east
dark area far west
horn far westnorthwest
giant rats near east
giant rat very near east
dark area adjacent north, northeast, south, southwest, and northwest
giant rat adjacent east
horizontal wall adjacent southeast

cursor:
Yourself a knight
(x=31, y=13)

map:
                                                                                
                                                                                
                                                                                
                                                                                
                                                                                
                                                                                
                                                                                
                                                                                
                                                                                
                    -----           ---------------------                       
                    |....##         ................}..>|                       
                    |.(.| #       ..................}...|                       
                    |...| #####@rrrr...r............}...|                       
                    -----       -------------------------                       
                                                                                
                                                                                
                                                                                
                                                                                
                                                                                
                                                                                
                                                                                
Agent the Gallant              St:15 Dx:8 Co:11 In:7 Wi:16 Ch:16 Lawful S:0     
Dlvl:1 $:0 HP:15(16) Pw:6(6) AC:3 Xp:1/0                                        

",0.0,False
33,fight,,"

Your previous output did not contain a valid action. Defaulted to action: north

Observation:
message:
It's solid stone.

language observation:
lava very far east
area of lava very far eastnortheast
stairs down very far eastnortheast
giant rat far east
dark area far west
horn far westnorthwest
giant rats near east
giant rat very near east
dark area adjacent north, northeast, south, southwest, and northwest
giant rat adjacent east
horizontal wall adjacent southeast

cursor:
Yourself a knight
(x=31, y=13)

map:
                                                                                
                                                                                
                                                                                
                                                                                
                                                                                
                                                                                
                                                                                
                                                                                
                                                                                
                    -----           ---------------------                       
                    |....##         ................}..>|                       
                    |.(.| #       ..................}...|                       
                    |...| #####@rrrr...r............}...|                       
                    -----       -------------------------                       
                                                                                
                                                                                
                                                                                
                                                                                
                                                                                
                                                                                
                                                                                
Agent the Gallant              St:15 Dx:8 Co:11 In:7 Wi:16 Ch:16 Lawful S:0     
Dlvl:1 $:0 HP:15(16) Pw:6(6) AC:3 Xp:1/0                                        

",-0.01,False
34,"east then fight if a giant rat is encountered

Since moving east again would lead into another giant rat the appropriate action here is to fight the giant rat that is now adjacent to the agent

fight",,"

Your previous output did not contain a valid action. Defaulted to action: north

Observation:
message:
It's solid stone.

language observation:
lava very far east
area of lava very far eastnortheast
stairs down very far eastnortheast
giant rat far east
dark area far west
horn far westnorthwest
giant rats near east
giant rat very near east
dark area adjacent north, northeast, south, southwest, and northwest
giant rat adjacent east
horizontal wall adjacent southeast

cursor:
Yourself a knight
(x=31, y=13)

map:
                                                                                
                                                                                
                                                                                
                                                                                
                                                                                
                                                                                
                                                                                
                                                                                
                                                                                
                    -----           ---------------------                       
                    |....##         ................}..>|                       
                    |.(.| #       ..................}...|                       
                    |...| #####@rrrr...r............}...|                       
                    -----       -------------------------                       
                                                                                
                                                                                
                                                                                
                                                                                
                                                                                
                                                                                
                                                                                
Agent the Gallant              St:15 Dx:8 Co:11 In:7 Wi:16 Ch:16 Lawful S:0     
Dlvl:1 $:0 HP:15(16) Pw:6(6) AC:3 Xp:1/0                                        

",-0.01,False
35,fight,,"

Your previous output did not contain a valid action. Defaulted to action: north

Observation:
message:
It's solid stone.

language observation:
lava very far east
area of lava very far eastnortheast
stairs down very far eastnortheast
giant rat far east
dark area far west
horn far westnorthwest
giant rats near east
giant rat very near east
dark area adjacent north, northeast, south, southwest, and northwest
giant rat adjacent east
horizontal wall adjacent southeast

cursor:
Yourself a knight
(x=31, y=13)

map:
                                                                                
                                                                                
                                                                                
                                                                                
                                                                                
                                                                                
                                                                                
                                                                                
                                                                                
                    -----           ---------------------                       
                    |....##         ................}..>|                       
                    |.(.| #       ..................}...|                       
                    |...| #####@rrrr...r............}...|                       
                    -----       -------------------------                       
                                                                                
                                                                                
                                                                                
                                                                                
                                                                                
                                                                                
                                                                                
Agent the Gallant              St:15 Dx:8 Co:11 In:7 Wi:16 Ch:16 Lawful S:0     
Dlvl:1 $:0 HP:15(16) Pw:6(6) AC:3 Xp:1/0                                        

",-0.01,False
36,fight,,"

Your previous output did not contain a valid action. Defaulted to action: north

Observation:
message:
It's solid stone.

language observation:
lava very far east
area of lava very far eastnortheast
stairs down very far eastnortheast
giant rat far east
dark area far west
horn far westnorthwest
giant rats near east
giant rat very near east
dark area adjacent north, northeast, south, southwest, and northwest
giant rat adjacent east
horizontal wall adjacent southeast

cursor:
Yourself a knight
(x=31, y=13)

map:
                                                                                
                                                                                
                                                                                
                                                                                
                                                                                
                                                                                
                                                                                
                                                                                
                                                                                
                    -----           ---------------------                       
                    |....##         ................}..>|                       
                    |.(.| #       ..................}...|                       
                    |...| #####@rrrr...r............}...|                       
                    -----       -------------------------                       
                                                                                
                                                                                
                                                                                
                                                                                
                                                                                
                                                                                
                                                                                
Agent the Gallant              St:15 Dx:8 Co:11 In:7 Wi:16 Ch:16 Lawful S:0     
Dlvl:1 $:0 HP:15(16) Pw:6(6) AC:3 Xp:1/0                                        

",-0.01,False
37,fight,,"

Your previous output did not contain a valid action. Defaulted to action: north

Observation:
message:
It's solid stone.

language observation:
lava very far east
area of lava very far eastnortheast
stairs down very far eastnortheast
giant rat far east
dark area far west
horn far westnorthwest
giant rats near east
giant rat very near east
dark area adjacent north, northeast, south, southwest, and northwest
giant rat adjacent east
horizontal wall adjacent southeast

cursor:
Yourself a knight
(x=31, y=13)

map:
                                                                                
                                                                                
                                                                                
                                                                                
                                                                                
                                                                                
                                                                                
                                                                                
                                                                                
                    -----           ---------------------                       
                    |....##         ................}..>|                       
                    |.(.| #       ..................}...|                       
                    |...| #####@rrrr...r............}...|                       
                    -----       -------------------------                       
                                                                                
                                                                                
                                                                                
                                                                                
                                                                                
                                                                                
                                                                                
Agent the Gallant              St:15 Dx:8 Co:11 In:7 Wi:16 Ch:16 Lawful S:0     
Dlvl:1 $:0 HP:15(16) Pw:6(6) AC:3 Xp:1/0                                        

",-0.01,False
38,fight,,"

Your previous output did not contain a valid action. Defaulted to action: north

Observation:
message:
It's solid stone.

language observation:
lava very far east
area of lava very far eastnortheast
stairs down very far eastnortheast
giant rat far east
dark area far west
horn far westnorthwest
giant rats near east
giant rat very near east
dark area adjacent north, northeast, south, southwest, and northwest
giant rat adjacent east
horizontal wall adjacent southeast

cursor:
Yourself a knight
(x=31, y=13)

map:
                                                                                
                                                                                
                                                                                
                                                                                
                                                                                
                                                                                
                                                                                
                                                                                
                                                                                
                    -----           ---------------------                       
                    |....##         ................}..>|                       
                    |.(.| #       ..................}...|                       
                    |...| #####@rrrr...r............}...|                       
                    -----       -------------------------                       
                                                                                
                                                                                
                                                                                
                                                                                
                                                                                
                                                                                
                                                                                
Agent the Gallant              St:15 Dx:8 Co:11 In:7 Wi:16 Ch:16 Lawful S:0     
Dlvl:1 $:0 HP:15(16) Pw:6(6) AC:3 Xp:1/0                                        

",-0.01,False
39,fight,,"

Your previous output did not contain a valid action. Defaulted to action: north

Observation:
message:
It's solid stone.

language observation:
lava very far east
area of lava very far eastnortheast
stairs down very far eastnortheast
giant rat far east
dark area far west
horn far westnorthwest
giant rats near east
giant rat very near east
dark area adjacent north, northeast, south, southwest, and northwest
giant rat adjacent east
horizontal wall adjacent southeast

cursor:
Yourself a knight
(x=31, y=13)

map:
                                                                                
                                                                                
                                                                                
                                                                                
                                                                                
                                                                                
                                                                                
                                                                                
                                                                                
                    -----           ---------------------                       
                    |....##         ................}..>|                       
                    |.(.| #       ..................}...|                       
                    |...| #####@rrrr...r............}...|                       
                    -----       -------------------------                       
                                                                                
                                                                                
                                                                                
                                                                                
                                                                                
                                                                                
                                                                                
Agent the Gallant              St:15 Dx:8 Co:11 In:7 Wi:16 Ch:16 Lawful S:0     
Dlvl:1 $:0 HP:15(16) Pw:6(6) AC:3 Xp:1/0                                        

",-0.01,False
40,fight,,"

Your previous output did not contain a valid action. Defaulted to action: north

Observation:
message:
It's solid stone.

language observation:
lava very far east
area of lava very far eastnortheast
stairs down very far eastnortheast
giant rat far east
dark area far west
horn far westnorthwest
giant rats near east
giant rat very near east
dark area adjacent north, northeast, south, southwest, and northwest
giant rat adjacent east
horizontal wall adjacent southeast

cursor:
Yourself a knight
(x=31, y=13)

map:
                                                                                
                                                                                
                                                                                
                                                                                
                                                                                
                                                                                
                                                                                
                                                                                
                                                                                
                    -----           ---------------------                       
                    |....##         ................}..>|                       
                    |.(.| #       ..................}...|                       
                    |...| #####@rrrr...r............}...|                       
                    -----       -------------------------                       
                                                                                
                                                                                
                                                                                
                                                                                
                                                                                
                                                                                
                                                                                
Agent the Gallant              St:15 Dx:8 Co:11 In:7 Wi:16 Ch:16 Lawful S:0     
Dlvl:1 $:0 HP:15(16) Pw:6(6) AC:3 Xp:1/0                                        

",-0.01,False
41,fight,,"

Your previous output did not contain a valid action. Defaulted to action: north

Observation:
message:
It's solid stone.

language observation:
lava very far east
area of lava very far eastnortheast
stairs down very far eastnortheast
giant rat far east
dark area far west
horn far westnorthwest
giant rats near east
giant rat very near east
dark area adjacent north, northeast, south, southwest, and northwest
giant rat adjacent east
horizontal wall adjacent southeast

cursor:
Yourself a knight
(x=31, y=13)

map:
                                                                                
                                                                                
                                                                                
                                                                                
                                                                                
                                                                                
                                                                                
                                                                                
                                                                                
                    -----           ---------------------                       
                    |....##         ................}..>|                       
                    |.(.| #       ..................}...|                       
                    |...| #####@rrrr...r............}...|                       
                    -----       -------------------------                       
                                                                                
                                                                                
                                                                                
                                                                                
                                                                                
                                                                                
                                                                                
Agent the Gallant              St:15 Dx:8 Co:11 In:7 Wi:16 Ch:16 Lawful S:0     
Dlvl:1 $:0 HP:15(16) Pw:6(6) AC:3 Xp:1/0                                        

",-0.01,False
42,fight,,"

Your previous output did not contain a valid action. Defaulted to action: north

Observation:
message:
It's solid stone.

language observation:
lava very far east
area of lava very far eastnortheast
stairs down very far eastnortheast
giant rat far east
dark area far west
horn far westnorthwest
giant rats near east
giant rat very near east
dark area adjacent north, northeast, south, southwest, and northwest
giant rat adjacent east
horizontal wall adjacent southeast

cursor:
Yourself a knight
(x=31, y=13)

map:
                                                                                
                                                                                
                                                                                
                                                                                
                                                                                
                                                                                
                                                                                
                                                                                
                                                                                
                    -----           ---------------------                       
                    |....##         ................}..>|                       
                    |.(.| #       ..................}...|                       
                    |...| #####@rrrr...r............}...|                       
                    -----       -------------------------                       
                                                                                
                                                                                
                                                                                
                                                                                
                                                                                
                                                                                
                                                                                
Agent the Gallant              St:15 Dx:8 Co:11 In:7 Wi:16 Ch:16 Lawful S:0     
Dlvl:1 $:0 HP:15(16) Pw:6(6) AC:3 Xp:1/0                                        

",-0.01,False
43,fight,,"

Your previous output did not contain a valid action. Defaulted to action: north

Observation:
message:
It's solid stone.

language observation:
lava very far east
area of lava very far eastnortheast
stairs down very far eastnortheast
giant rat far east
dark area far west
horn far westnorthwest
giant rats near east
giant rat very near east
dark area adjacent north, northeast, south, southwest, and northwest
giant rat adjacent east
horizontal wall adjacent southeast

cursor:
Yourself a knight
(x=31, y=13)

map:
                                                                                
                                                                                
                                                                                
                                                                                
                                                                                
                                                                                
                                                                                
                                                                                
                                                                                
                    -----           ---------------------                       
                    |....##         ................}..>|                       
                    |.(.| #       ..................}...|                       
                    |...| #####@rrrr...r............}...|                       
                    -----       -------------------------                       
                                                                                
                                                                                
                                                                                
                                                                                
                                                                                
                                                                                
                                                                                
Agent the Gallant              St:15 Dx:8 Co:11 In:7 Wi:16 Ch:16 Lawful S:0     
Dlvl:1 $:0 HP:15(16) Pw:6(6) AC:3 Xp:1/0                                        

",-0.01,False
44,fight,,"

Your previous output did not contain a valid action. Defaulted to action: north

Observation:
message:
It's solid stone.

language observation:
lava very far east
area of lava very far eastnortheast
stairs down very far eastnortheast
giant rat far east
dark area far west
horn far westnorthwest
giant rats near east
giant rat very near east
dark area adjacent north, northeast, south, southwest, and northwest
giant rat adjacent east
horizontal wall adjacent southeast

cursor:
Yourself a knight
(x=31, y=13)

map:
                                                                                
                                                                                
                                                                                
                                                                                
                                                                                
                                                                                
                                                                                
                                                                                
                                                                                
                    -----           ---------------------                       
                    |....##         ................}..>|                       
                    |.(.| #       ..................}...|                       
                    |...| #####@rrrr...r............}...|                       
                    -----       -------------------------                       
                                                                                
                                                                                
                                                                                
                                                                                
                                                                                
                                                                                
                                                                                
Agent the Gallant              St:15 Dx:8 Co:11 In:7 Wi:16 Ch:16 Lawful S:0     
Dlvl:1 $:0 HP:15(16) Pw:6(6) AC:3 Xp:1/0                                        

",-0.01,False
45,fight,,"

Your previous output did not contain a valid action. Defaulted to action: north

Observation:
message:
It's solid stone.

language observation:
lava very far east
area of lava very far eastnortheast
stairs down very far eastnortheast
giant rat far east
dark area far west
horn far westnorthwest
giant rats near east
giant rat very near east
dark area adjacent north, northeast, south, southwest, and northwest
giant rat adjacent east
horizontal wall adjacent southeast

cursor:
Yourself a knight
(x=31, y=13)

map:
                                                                                
                                                                                
                                                                                
                                                                                
                                                                                
                                                                                
                                                                                
                                                                                
                                                                                
                    -----           ---------------------                       
                    |....##         ................}..>|                       
                    |.(.| #       ..................}...|                       
                    |...| #####@rrrr...r............}...|                       
                    -----       -------------------------                       
                                                                                
                                                                                
                                                                                
                                                                                
                                                                                
                                                                                
                                                                                
Agent the Gallant              St:15 Dx:8 Co:11 In:7 Wi:16 Ch:16 Lawful S:0     
Dlvl:1 $:0 HP:15(16) Pw:6(6) AC:3 Xp:1/0                                        

",-0.01,False
46,fight,,"

Your previous output did not contain a valid action. Defaulted to action: north

Observation:
message:
It's solid stone.

language observation:
lava very far east
area of lava very far eastnortheast
stairs down very far eastnortheast
giant rat far east
dark area far west
horn far westnorthwest
giant rats near east
giant rat very near east
dark area adjacent north, northeast, south, southwest, and northwest
giant rat adjacent east
horizontal wall adjacent southeast

cursor:
Yourself a knight
(x=31, y=13)

map:
                                                                                
                                                                                
                                                                                
                                                                                
                                                                                
                                                                                
                                                                                
                                                                                
                                                                                
                    -----           ---------------------                       
                    |....##         ................}..>|                       
                    |.(.| #       ..................}...|                       
                    |...| #####@rrrr...r............}...|                       
                    -----       -------------------------                       
                                                                                
                                                                                
                                                                                
                                                                                
                                                                                
                                                                                
                                                                                
Agent the Gallant              St:15 Dx:8 Co:11 In:7 Wi:16 Ch:16 Lawful S:0     
Dlvl:1 $:0 HP:15(16) Pw:6(6) AC:3 Xp:1/0                                        

",-0.01,False
47,fight,,"

Your previous output did not contain a valid action. Defaulted to action: north

Observation:
message:
It's solid stone.

language observation:
lava very far east
area of lava very far eastnortheast
stairs down very far eastnortheast
giant rat far east
dark area far west
horn far westnorthwest
giant rats near east
giant rat very near east
dark area adjacent north, northeast, south, southwest, and northwest
giant rat adjacent east
horizontal wall adjacent southeast

cursor:
Yourself a knight
(x=31, y=13)

map:
                                                                                
                                                                                
                                                                                
                                                                                
                                                                                
                                                                                
                                                                                
                                                                                
                                                                                
                    -----           ---------------------                       
                    |....##         ................}..>|                       
                    |.(.| #       ..................}...|                       
                    |...| #####@rrrr...r............}...|                       
                    -----       -------------------------                       
                                                                                
                                                                                
                                                                                
                                                                                
                                                                                
                                                                                
                                                                                
Agent the Gallant              St:15 Dx:8 Co:11 In:7 Wi:16 Ch:16 Lawful S:0     
Dlvl:1 $:0 HP:15(16) Pw:6(6) AC:3 Xp:1/0                                        

",-0.01,False
48,fight,,"

Your previous output did not contain a valid action. Defaulted to action: north

Observation:
message:
It's solid stone.

language observation:
lava very far east
area of lava very far eastnortheast
stairs down very far eastnortheast
giant rat far east
dark area far west
horn far westnorthwest
giant rats near east
giant rat very near east
dark area adjacent north, northeast, south, southwest, and northwest
giant rat adjacent east
horizontal wall adjacent southeast

cursor:
Yourself a knight
(x=31, y=13)

map:
                                                                                
                                                                                
                                                                                
                                                                                
                                                                                
                                                                                
                                                                                
                                                                                
                                                                                
                    -----           ---------------------                       
                    |....##         ................}..>|                       
                    |.(.| #       ..................}...|                       
                    |...| #####@rrrr...r............}...|                       
                    -----       -------------------------                       
                                                                                
                                                                                
                                                                                
                                                                                
                                                                                
                                                                                
                                                                                
Agent the Gallant              St:15 Dx:8 Co:11 In:7 Wi:16 Ch:16 Lawful S:0     
Dlvl:1 $:0 HP:15(16) Pw:6(6) AC:3 Xp:1/0                                        

",-0.01,False
49,fight,,"

Your previous output did not contain a valid action. Defaulted to action: north

Observation:
message:
It's solid stone.

language observation:
lava very far east
area of lava very far eastnortheast
stairs down very far eastnortheast
giant rat far east
dark area far west
horn far westnorthwest
giant rats near east
giant rat very near east
dark area adjacent north, northeast, south, southwest, and northwest
giant rat adjacent east
horizontal wall adjacent southeast

cursor:
Yourself a knight
(x=31, y=13)

map:
                                                                                
                                                                                
                                                                                
                                                                                
                                                                                
                                                                                
                                                                                
                                                                                
                                                                                
                    -----           ---------------------                       
                    |....##         ................}..>|                       
                    |.(.| #       ..................}...|                       
                    |...| #####@rrrr...r............}...|                       
                    -----       -------------------------                       
                                                                                
                                                                                
                                                                                
                                                                                
                                                                                
                                                                                
                                                                                
Agent the Gallant              St:15 Dx:8 Co:11 In:7 Wi:16 Ch:16 Lawful S:0     
Dlvl:1 $:0 HP:15(16) Pw:6(6) AC:3 Xp:1/0                                        

",-0.01,False
50,fight,,"

Your previous output did not contain a valid action. Defaulted to action: north

Observation:
message:
It's solid stone.

language observation:
lava very far east
area of lava very far eastnortheast
stairs down very far eastnortheast
giant rat far east
dark area far west
horn far westnorthwest
giant rats near east
giant rat very near east
dark area adjacent north, northeast, south, southwest, and northwest
giant rat adjacent east
horizontal wall adjacent southeast

cursor:
Yourself a knight
(x=31, y=13)

map:
                                                                                
                                                                                
                                                                                
                                                                                
                                                                                
                                                                                
                                                                                
                                                                                
                                                                                
                    -----           ---------------------                       
                    |....##         ................}..>|                       
                    |.(.| #       ..................}...|                       
                    |...| #####@rrrr...r............}...|                       
                    -----       -------------------------                       
                                                                                
                                                                                
                                                                                
                                                                                
                                                                                
                                                                                
                                                                                
Agent the Gallant              St:15 Dx:8 Co:11 In:7 Wi:16 Ch:16 Lawful S:0     
Dlvl:1 $:0 HP:15(16) Pw:6(6) AC:3 Xp:1/0                                        

",-0.01,False
51,east,,"message:
You miss the giant rat.  The giant rat bites!

language observation:
lava very far east
area of lava very far eastnortheast
stairs down very far eastnortheast
giant rat far east
dark area far west
horn far westnorthwest
giant rat near eastnortheast and east
dark area adjacent north, northeast, south, southwest, and northwest
giant rat adjacent east
horizontal wall adjacent southeast

cursor:
Yourself a knight
(x=31, y=13)

map:
                                                                                
                                                                                
                                                                                
                                                                                
                                                                                
                                                                                
                                                                                
                                                                                
                                                                                
                    -----           ---------------------                       
                    |....##         ................}..>|                       
                    |.(.| #       r.................}...|                       
                    |...| #####@r.r...r.............}...|                       
                    -----       -------------------------                       
                                                                                
                                                                                
                                                                                
                                                                                
                                                                                
                                                                                
                                                                                
Agent the Gallant              St:15 Dx:8 Co:11 In:7 Wi:16 Ch:16 Lawful S:0     
Dlvl:1 $:0 HP:12(16) Pw:6(6) AC:3 Xp:1/0                                        

",0.0,False
52,fight,,"

Your previous output did not contain a valid action. Defaulted to action: north

Observation:
message:
It's solid stone.

language observation:
lava very far east
area of lava very far eastnortheast
stairs down very far eastnortheast
giant rat far east
dark area far west
horn far westnorthwest
giant rat near eastnortheast and east
dark area adjacent north, northeast, south, southwest, and northwest
giant rat adjacent east
horizontal wall adjacent southeast

cursor:
Yourself a knight
(x=31, y=13)

map:
                                                                                
                                                                                
                                                                                
                                                                                
                                                                                
                                                                                
                                                                                
                                                                                
                                                                                
                    -----           ---------------------                       
                    |....##         ................}..>|                       
                    |.(.| #       r.................}...|                       
                    |...| #####@r.r...r.............}...|                       
                    -----       -------------------------                       
                                                                                
                                                                                
                                                                                
                                                                                
                                                                                
                                                                                
                                                                                
Agent the Gallant              St:15 Dx:8 Co:11 In:7 Wi:16 Ch:16 Lawful S:0     
Dlvl:1 $:0 HP:12(16) Pw:6(6) AC:3 Xp:1/0                                        

",-0.01,False
53,east,,"message:
You miss the giant rat.

language observation:
lava very far east
area of lava very far eastnortheast
stairs down very far eastnortheast
giant rat far east
dark area far west
horn far westnorthwest
giant rat near eastnortheast
giant rat very near east
dark area adjacent north, northeast, south, southwest, and northwest
giant rat adjacent east
horizontal wall adjacent southeast

cursor:
Yourself a knight
(x=31, y=13)

map:
                                                                                
                                                                                
                                                                                
                                                                                
                                                                                
                                                                                
                                                                                
                                                                                
                                                                                
                    -----           ---------------------                       
                    |....##         ................}..>|                       
                    |.(.| #       r.................}...|                       
                    |...| #####@rr...r..............}...|                       
                    -----       -------------------------                       
                                                                                
                                                                                
                                                                                
                                                                                
                                                                                
                                                                                
                                                                                
Agent the Gallant              St:15 Dx:8 Co:11 In:7 Wi:16 Ch:16 Lawful S:0     
Dlvl:1 $:0 HP:12(16) Pw:6(6) AC:3 Xp:1/0                                        

",0.0,False
54,fight,,"

Your previous output did not contain a valid action. Defaulted to action: north

Observation:
message:
It's solid stone.

language observation:
lava very far east
area of lava very far eastnortheast
stairs down very far eastnortheast
giant rat far east
dark area far west
horn far westnorthwest
giant rat near eastnortheast
giant rat very near east
dark area adjacent north, northeast, south, southwest, and northwest
giant rat adjacent east
horizontal wall adjacent southeast

cursor:
Yourself a knight
(x=31, y=13)

map:
                                                                                
                                                                                
                                                                                
                                                                                
                                                                                
                                                                                
                                                                                
                                                                                
                                                                                
                    -----           ---------------------                       
                    |....##         ................}..>|                       
                    |.(.| #       r.................}...|                       
                    |...| #####@rr...r..............}...|                       
                    -----       -------------------------                       
                                                                                
                                                                                
                                                                                
                                                                                
                                                                                
                                                                                
                                                                                
Agent the Gallant              St:15 Dx:8 Co:11 In:7 Wi:16 Ch:16 Lawful S:0     
Dlvl:1 $:0 HP:12(16) Pw:6(6) AC:3 Xp:1/0                                        

",-0.01,False
55,fight,,"

Your previous output did not contain a valid action. Defaulted to action: north

Observation:
message:
It's solid stone.

language observation:
lava very far east
area of lava very far eastnortheast
stairs down very far eastnortheast
giant rat far east
dark area far west
horn far westnorthwest
giant rat near eastnortheast
giant rat very near east
dark area adjacent north, northeast, south, southwest, and northwest
giant rat adjacent east
horizontal wall adjacent southeast

cursor:
Yourself a knight
(x=31, y=13)

map:
                                                                                
                                                                                
                                                                                
                                                                                
                                                                                
                                                                                
                                                                                
                                                                                
                                                                                
                    -----           ---------------------                       
                    |....##         ................}..>|                       
                    |.(.| #       r.................}...|                       
                    |...| #####@rr...r..............}...|                       
                    -----       -------------------------                       
                                                                                
                                                                                
                                                                                
                                                                                
                                                                                
                                                                                
                                                                                
Agent the Gallant              St:15 Dx:8 Co:11 In:7 Wi:16 Ch:16 Lawful S:0     
Dlvl:1 $:0 HP:12(16) Pw:6(6) AC:3 Xp:1/0                                        

",-0.01,False
56,east,,"message:
You miss the giant rat.  The giant rat bites!

language observation:
lava very far east
area of lava very far eastnortheast
stairs down very far eastnortheast
dark area far west
horn far westnorthwest
giant rat near eastnortheast and east
giant rat very near east
dark area adjacent north, northeast, south, southwest, and northwest
giant rat adjacent east
horizontal wall adjacent southeast

cursor:
Yourself a knight
(x=31, y=13)

map:
                                                                                
                                                                                
                                                                                
                                                                                
                                                                                
                                                                                
                                                                                
                                                                                
                                                                                
                    -----           ---------------------                       
                    |....##         ................}..>|                       
                    |.(.| #       r.................}...|                       
                    |...| #####@rr..r...............}...|                       
                    -----       -------------------------                       
                                                                                
                                                                                
                                                                                
                                                                                
                                                                                
                                                                                
                                                                                
Agent the Gallant              St:15 Dx:8 Co:11 In:7 Wi:16 Ch:16 Lawful S:0     
Dlvl:1 $:0 HP:10(16) Pw:6(6) AC:3 Xp:1/0                                        

",0.0,False
57,fight,,"

Your previous output did not contain a valid action. Defaulted to action: north

Observation:
message:
It's solid stone.

language observation:
lava very far east
area of lava very far eastnortheast
stairs down very far eastnortheast
dark area far west
horn far westnorthwest
giant rat near eastnortheast and east
giant rat very near east
dark area adjacent north, northeast, south, southwest, and northwest
giant rat adjacent east
horizontal wall adjacent southeast

cursor:
Yourself a knight
(x=31, y=13)

map:
                                                                                
                                                                                
                                                                                
                                                                                
                                                                                
                                                                                
                                                                                
                                                                                
                                                                                
                    -----           ---------------------                       
                    |....##         ................}..>|                       
                    |.(.| #       r.................}...|                       
                    |...| #####@rr..r...............}...|                       
                    -----       -------------------------                       
                                                                                
                                                                                
                                                                                
                                                                                
                                                                                
                                                                                
                                                                                
Agent the Gallant              St:15 Dx:8 Co:11 In:7 Wi:16 Ch:16 Lawful S:0     
Dlvl:1 $:0 HP:10(16) Pw:6(6) AC:3 Xp:1/0                                        

",-0.01,False
58,fight,,"

Your previous output did not contain a valid action. Defaulted to action: north

Observation:
message:
It's solid stone.

language observation:
lava very far east
area of lava very far eastnortheast
stairs down very far eastnortheast
dark area far west
horn far westnorthwest
giant rat near eastnortheast and east
giant rat very near east
dark area adjacent north, northeast, south, southwest, and northwest
giant rat adjacent east
horizontal wall adjacent southeast

cursor:
Yourself a knight
(x=31, y=13)

map:
                                                                                
                                                                                
                                                                                
                                                                                
                                                                                
                                                                                
                                                                                
                                                                                
                                                                                
                    -----           ---------------------                       
                    |....##         ................}..>|                       
                    |.(.| #       r.................}...|                       
                    |...| #####@rr..r...............}...|                       
                    -----       -------------------------                       
                                                                                
                                                                                
                                                                                
                                                                                
                                                                                
                                                                                
                                                                                
Agent the Gallant              St:15 Dx:8 Co:11 In:7 Wi:16 Ch:16 Lawful S:0     
Dlvl:1 $:0 HP:10(16) Pw:6(6) AC:3 Xp:1/0                                        

",-0.01,False
59,fight,,"

Your previous output did not contain a valid action. Defaulted to action: north

Observation:
message:
It's solid stone.

language observation:
lava very far east
area of lava very far eastnortheast
stairs down very far eastnortheast
dark area far west
horn far westnorthwest
giant rat near eastnortheast and east
giant rat very near east
dark area adjacent north, northeast, south, southwest, and northwest
giant rat adjacent east
horizontal wall adjacent southeast

cursor:
Yourself a knight
(x=31, y=13)

map:
                                                                                
                                                                                
                                                                                
                                                                                
                                                                                
                                                                                
                                                                                
                                                                                
                                                                                
                    -----           ---------------------                       
                    |....##         ................}..>|                       
                    |.(.| #       r.................}...|                       
                    |...| #####@rr..r...............}...|                       
                    -----       -------------------------                       
                                                                                
                                                                                
                                                                                
                                                                                
                                                                                
                                                                                
                                                                                
Agent the Gallant              St:15 Dx:8 Co:11 In:7 Wi:16 Ch:16 Lawful S:0     
Dlvl:1 $:0 HP:10(16) Pw:6(6) AC:3 Xp:1/0                                        

",-0.01,False
60,east,,"message:
You miss the giant rat.  The giant rat just misses!

language observation:
lava very far east
area of lava very far eastnortheast
stairs down very far eastnortheast
dark area far west
horn far westnorthwest
giant rats near east
giant rat very near east
dark area adjacent north, northeast, south, southwest, and northwest
giant rat adjacent east
horizontal wall adjacent southeast

cursor:
Yourself a knight
(x=31, y=13)

map:
                                                                                
                                                                                
                                                                                
                                                                                
                                                                                
                                                                                
                                                                                
                                                                                
                                                                                
                    -----           ---------------------                       
                    |....##         ................}..>|                       
                    |.(.| #       ..................}...|                       
                    |...| #####@rrrr................}...|                       
                    -----       -------------------------                       
                                                                                
                                                                                
                                                                                
                                                                                
                                                                                
                                                                                
                                                                                
Agent the Gallant              St:15 Dx:8 Co:11 In:7 Wi:16 Ch:16 Lawful S:0     
Dlvl:1 $:0 HP:10(16) Pw:6(6) AC:3 Xp:1/0                                        

",0.0,False
61,fight,,"

Your previous output did not contain a valid action. Defaulted to action: north

Observation:
message:
It's solid stone.

language observation:
lava very far east
area of lava very far eastnortheast
stairs down very far eastnortheast
dark area far west
horn far westnorthwest
giant rats near east
giant rat very near east
dark area adjacent north, northeast, south, southwest, and northwest
giant rat adjacent east
horizontal wall adjacent southeast

cursor:
Yourself a knight
(x=31, y=13)

map:
                                                                                
                                                                                
                                                                                
                                                                                
                                                                                
                                                                                
                                                                                
                                                                                
                                                                                
                    -----           ---------------------                       
                    |....##         ................}..>|                       
                    |.(.| #       ..................}...|                       
                    |...| #####@rrrr................}...|                       
                    -----       -------------------------                       
                                                                                
                                                                                
                                                                                
                                                                                
                                                                                
                                                                                
                                                                                
Agent the Gallant              St:15 Dx:8 Co:11 In:7 Wi:16 Ch:16 Lawful S:0     
Dlvl:1 $:0 HP:10(16) Pw:6(6) AC:3 Xp:1/0                                        

",-0.01,False
62,fight,,"

Your previous output did not contain a valid action. Defaulted to action: north

Observation:
message:
It's solid stone.

language observation:
lava very far east
area of lava very far eastnortheast
stairs down very far eastnortheast
dark area far west
horn far westnorthwest
giant rats near east
giant rat very near east
dark area adjacent north, northeast, south, southwest, and northwest
giant rat adjacent east
horizontal wall adjacent southeast

cursor:
Yourself a knight
(x=31, y=13)

map:
                                                                                
                                                                                
                                                                                
                                                                                
                                                                                
                                                                                
                                                                                
                                                                                
                                                                                
                    -----           ---------------------                       
                    |....##         ................}..>|                       
                    |.(.| #       ..................}...|                       
                    |...| #####@rrrr................}...|                       
                    -----       -------------------------                       
                                                                                
                                                                                
                                                                                
                                                                                
                                                                                
                                                                                
                                                                                
Agent the Gallant              St:15 Dx:8 Co:11 In:7 Wi:16 Ch:16 Lawful S:0     
Dlvl:1 $:0 HP:10(16) Pw:6(6) AC:3 Xp:1/0                                        

",-0.01,False
63,east,,"message:
You miss the giant rat.  The giant rat bites!

language observation:
lava very far east
area of lava very far eastnortheast
stairs down very far eastnortheast
dark area far west
horn far westnorthwest
giant rat near east
giant rats near eastnortheast
giant rat very near east
dark area adjacent north, northeast, south, southwest, and northwest
giant rat adjacent east
horizontal wall adjacent southeast

cursor:
Yourself a knight
(x=31, y=13)

map:
                                                                                
                                                                                
                                                                                
                                                                                
                                                                                
                                                                                
                                                                                
                                                                                
                                                                                
                    -----           ---------------------                       
                    |....##         ................}..>|                       
                    |.(.| #       rr................}...|                       
                    |...| #####@rr.r................}...|                       
                    -----       -------------------------                       
                                                                                
                                                                                
                                                                                
                                                                                
                                                                                
                                                                                
                                                                                
Agent the Gallant              St:15 Dx:8 Co:11 In:7 Wi:16 Ch:16 Lawful S:0     
Dlvl:1 $:0 HP:8(16) Pw:6(6) AC:3 Xp:1/0                                         

",0.0,False
64,eat g,,"

Your previous output did not contain a valid action. Defaulted to action: north

Observation:
message:
It's solid stone.

language observation:
lava very far east
area of lava very far eastnortheast
stairs down very far eastnortheast
dark area far west
horn far westnorthwest
giant rat near east
giant rats near eastnortheast
giant rat very near east
dark area adjacent north, northeast, south, southwest, and northwest
giant rat adjacent east
horizontal wall adjacent southeast

cursor:
Yourself a knight
(x=31, y=13)

map:
                                                                                
                                                                                
                                                                                
                                                                                
                                                                                
                                                                                
                                                                                
                                                                                
                                                                                
                    -----           ---------------------                       
                    |....##         ................}..>|                       
                    |.(.| #       rr................}...|                       
                    |...| #####@rr.r................}...|                       
                    -----       -------------------------                       
                                                                                
                                                                                
                                                                                
                                                                                
                                                                                
                                                                                
                                                                                
Agent the Gallant              St:15 Dx:8 Co:11 In:7 Wi:16 Ch:16 Lawful S:0     
Dlvl:1 $:0 HP:8(16) Pw:6(6) AC:3 Xp:1/0                                         

",-0.01,False
65,eat g ,,"

Your previous output did not contain a valid action. Defaulted to action: north

Observation:
message:
It's solid stone.

language observation:
lava very far east
area of lava very far eastnortheast
stairs down very far eastnortheast
dark area far west
horn far westnorthwest
giant rat near east
giant rats near eastnortheast
giant rat very near east
dark area adjacent north, northeast, south, southwest, and northwest
giant rat adjacent east
horizontal wall adjacent southeast

cursor:
Yourself a knight
(x=31, y=13)

map:
                                                                                
                                                                                
                                                                                
                                                                                
                                                                                
                                                                                
                                                                                
                                                                                
                                                                                
                    -----           ---------------------                       
                    |....##         ................}..>|                       
                    |.(.| #       rr................}...|                       
                    |...| #####@rr.r................}...|                       
                    -----       -------------------------                       
                                                                                
                                                                                
                                                                                
                                                                                
                                                                                
                                                                                
                                                                                
Agent the Gallant              St:15 Dx:8 Co:11 In:7 Wi:16 Ch:16 Lawful S:0     
Dlvl:1 $:0 HP:8(16) Pw:6(6) AC:3 Xp:1/0                                         

",-0.01,False
66,eat g,,"

Your previous output did not contain a valid action. Defaulted to action: north

Observation:
message:
It's solid stone.

language observation:
lava very far east
area of lava very far eastnortheast
stairs down very far eastnortheast
dark area far west
horn far westnorthwest
giant rat near east
giant rats near eastnortheast
giant rat very near east
dark area adjacent north, northeast, south, southwest, and northwest
giant rat adjacent east
horizontal wall adjacent southeast

cursor:
Yourself a knight
(x=31, y=13)

map:
                                                                                
                                                                                
                                                                                
                                                                                
                                                                                
                                                                                
                                                                                
                                                                                
                                                                                
                    -----           ---------------------                       
                    |....##         ................}..>|                       
                    |.(.| #       rr................}...|                       
                    |...| #####@rr.r................}...|                       
                    -----       -------------------------                       
                                                                                
                                                                                
                                                                                
                                                                                
                                                                                
                                                                                
                                                                                
Agent the Gallant              St:15 Dx:8 Co:11 In:7 Wi:16 Ch:16 Lawful S:0     
Dlvl:1 $:0 HP:8(16) Pw:6(6) AC:3 Xp:1/0                                         

",-0.01,False
67,eat g,,"

Your previous output did not contain a valid action. Defaulted to action: north

Observation:
message:
It's solid stone.

language observation:
lava very far east
area of lava very far eastnortheast
stairs down very far eastnortheast
dark area far west
horn far westnorthwest
giant rat near east
giant rats near eastnortheast
giant rat very near east
dark area adjacent north, northeast, south, southwest, and northwest
giant rat adjacent east
horizontal wall adjacent southeast

cursor:
Yourself a knight
(x=31, y=13)

map:
                                                                                
                                                                                
                                                                                
                                                                                
                                                                                
                                                                                
                                                                                
                                                                                
                                                                                
                    -----           ---------------------                       
                    |....##         ................}..>|                       
                    |.(.| #       rr................}...|                       
                    |...| #####@rr.r................}...|                       
                    -----       -------------------------                       
                                                                                
                                                                                
                                                                                
                                                                                
                                                                                
                                                                                
                                                                                
Agent the Gallant              St:15 Dx:8 Co:11 In:7 Wi:16 Ch:16 Lawful S:0     
Dlvl:1 $:0 HP:8(16) Pw:6(6) AC:3 Xp:1/0                                         

",-0.01,False
68,eat g,,"

Your previous output did not contain a valid action. Defaulted to action: north

Observation:
message:
It's solid stone.

language observation:
lava very far east
area of lava very far eastnortheast
stairs down very far eastnortheast
dark area far west
horn far westnorthwest
giant rat near east
giant rats near eastnortheast
giant rat very near east
dark area adjacent north, northeast, south, southwest, and northwest
giant rat adjacent east
horizontal wall adjacent southeast

cursor:
Yourself a knight
(x=31, y=13)

map:
                                                                                
                                                                                
                                                                                
                                                                                
                                                                                
                                                                                
                                                                                
                                                                                
                                                                                
                    -----           ---------------------                       
                    |....##         ................}..>|                       
                    |.(.| #       rr................}...|                       
                    |...| #####@rr.r................}...|                       
                    -----       -------------------------                       
                                                                                
                                                                                
                                                                                
                                                                                
                                                                                
                                                                                
                                                                                
Agent the Gallant              St:15 Dx:8 Co:11 In:7 Wi:16 Ch:16 Lawful S:0     
Dlvl:1 $:0 HP:8(16) Pw:6(6) AC:3 Xp:1/0                                         

",-0.01,False
69,eat g,,"

Your previous output did not contain a valid action. Defaulted to action: north

Observation:
message:
It's solid stone.

language observation:
lava very far east
area of lava very far eastnortheast
stairs down very far eastnortheast
dark area far west
horn far westnorthwest
giant rat near east
giant rats near eastnortheast
giant rat very near east
dark area adjacent north, northeast, south, southwest, and northwest
giant rat adjacent east
horizontal wall adjacent southeast

cursor:
Yourself a knight
(x=31, y=13)

map:
                                                                                
                                                                                
                                                                                
                                                                                
                                                                                
                                                                                
                                                                                
                                                                                
                                                                                
                    -----           ---------------------                       
                    |....##         ................}..>|                       
                    |.(.| #       rr................}...|                       
                    |...| #####@rr.r................}...|                       
                    -----       -------------------------                       
                                                                                
                                                                                
                                                                                
                                                                                
                                                                                
                                                                                
                                                                                
Agent the Gallant              St:15 Dx:8 Co:11 In:7 Wi:16 Ch:16 Lawful S:0     
Dlvl:1 $:0 HP:8(16) Pw:6(6) AC:3 Xp:1/0                                         

",-0.01,False
70,eat g,,"

Your previous output did not contain a valid action. Defaulted to action: north

Observation:
message:
It's solid stone.

language observation:
lava very far east
area of lava very far eastnortheast
stairs down very far eastnortheast
dark area far west
horn far westnorthwest
giant rat near east
giant rats near eastnortheast
giant rat very near east
dark area adjacent north, northeast, south, southwest, and northwest
giant rat adjacent east
horizontal wall adjacent southeast

cursor:
Yourself a knight
(x=31, y=13)

map:
                                                                                
                                                                                
                                                                                
                                                                                
                                                                                
                                                                                
                                                                                
                                                                                
                                                                                
                    -----           ---------------------                       
                    |....##         ................}..>|                       
                    |.(.| #       rr................}...|                       
                    |...| #####@rr.r................}...|                       
                    -----       -------------------------                       
                                                                                
                                                                                
                                                                                
                                                                                
                                                                                
                                                                                
                                                                                
Agent the Gallant              St:15 Dx:8 Co:11 In:7 Wi:16 Ch:16 Lawful S:0     
Dlvl:1 $:0 HP:8(16) Pw:6(6) AC:3 Xp:1/0                                         

",-0.01,False
71,eat g,,"

Your previous output did not contain a valid action. Defaulted to action: north

Observation:
message:
It's solid stone.

language observation:
lava very far east
area of lava very far eastnortheast
stairs down very far eastnortheast
dark area far west
horn far westnorthwest
giant rat near east
giant rats near eastnortheast
giant rat very near east
dark area adjacent north, northeast, south, southwest, and northwest
giant rat adjacent east
horizontal wall adjacent southeast

cursor:
Yourself a knight
(x=31, y=13)

map:
                                                                                
                                                                                
                                                                                
                                                                                
                                                                                
                                                                                
                                                                                
                                                                                
                                                                                
                    -----           ---------------------                       
                    |....##         ................}..>|                       
                    |.(.| #       rr................}...|                       
                    |...| #####@rr.r................}...|                       
                    -----       -------------------------                       
                                                                                
                                                                                
                                                                                
                                                                                
                                                                                
                                                                                
                                                                                
Agent the Gallant              St:15 Dx:8 Co:11 In:7 Wi:16 Ch:16 Lawful S:0     
Dlvl:1 $:0 HP:8(16) Pw:6(6) AC:3 Xp:1/0                                         

",-0.01,False
72,eat g,,"

Your previous output did not contain a valid action. Defaulted to action: north

Observation:
message:
It's solid stone.

language observation:
lava very far east
area of lava very far eastnortheast
stairs down very far eastnortheast
dark area far west
horn far westnorthwest
giant rat near east
giant rats near eastnortheast
giant rat very near east
dark area adjacent north, northeast, south, southwest, and northwest
giant rat adjacent east
horizontal wall adjacent southeast

cursor:
Yourself a knight
(x=31, y=13)

map:
                                                                                
                                                                                
                                                                                
                                                                                
                                                                                
                                                                                
                                                                                
                                                                                
                                                                                
                    -----           ---------------------                       
                    |....##         ................}..>|                       
                    |.(.| #       rr................}...|                       
                    |...| #####@rr.r................}...|                       
                    -----       -------------------------                       
                                                                                
                                                                                
                                                                                
                                                                                
                                                                                
                                                                                
                                                                                
Agent the Gallant              St:15 Dx:8 Co:11 In:7 Wi:16 Ch:16 Lawful S:0     
Dlvl:1 $:0 HP:8(16) Pw:6(6) AC:3 Xp:1/0                                         

",-0.01,False
73,eat g,,"

Your previous output did not contain a valid action. Defaulted to action: north

Observation:
message:
It's solid stone.

language observation:
lava very far east
area of lava very far eastnortheast
stairs down very far eastnortheast
dark area far west
horn far westnorthwest
giant rat near east
giant rats near eastnortheast
giant rat very near east
dark area adjacent north, northeast, south, southwest, and northwest
giant rat adjacent east
horizontal wall adjacent southeast

cursor:
Yourself a knight
(x=31, y=13)

map:
                                                                                
                                                                                
                                                                                
                                                                                
                                                                                
                                                                                
                                                                                
                                                                                
                                                                                
                    -----           ---------------------                       
                    |....##         ................}..>|                       
                    |.(.| #       rr................}...|                       
                    |...| #####@rr.r................}...|                       
                    -----       -------------------------                       
                                                                                
                                                                                
                                                                                
                                                                                
                                                                                
                                                                                
                                                                                
Agent the Gallant              St:15 Dx:8 Co:11 In:7 Wi:16 Ch:16 Lawful S:0     
Dlvl:1 $:0 HP:8(16) Pw:6(6) AC:3 Xp:1/0                                         

",-0.01,False
74,eat g,,"

Your previous output did not contain a valid action. Defaulted to action: north

Observation:
message:
It's solid stone.

language observation:
lava very far east
area of lava very far eastnortheast
stairs down very far eastnortheast
dark area far west
horn far westnorthwest
giant rat near east
giant rats near eastnortheast
giant rat very near east
dark area adjacent north, northeast, south, southwest, and northwest
giant rat adjacent east
horizontal wall adjacent southeast

cursor:
Yourself a knight
(x=31, y=13)

map:
                                                                                
                                                                                
                                                                                
                                                                                
                                                                                
                                                                                
                                                                                
                                                                                
                                                                                
                    -----           ---------------------                       
                    |....##         ................}..>|                       
                    |.(.| #       rr................}...|                       
                    |...| #####@rr.r................}...|                       
                    -----       -------------------------                       
                                                                                
                                                                                
                                                                                
                                                                                
                                                                                
                                                                                
                                                                                
Agent the Gallant              St:15 Dx:8 Co:11 In:7 Wi:16 Ch:16 Lawful S:0     
Dlvl:1 $:0 HP:8(16) Pw:6(6) AC:3 Xp:1/0                                         

",-0.01,False
75,eat g,,"

Your previous output did not contain a valid action. Defaulted to action: north

Observation:
message:
It's solid stone.

language observation:
lava very far east
area of lava very far eastnortheast
stairs down very far eastnortheast
dark area far west
horn far westnorthwest
giant rat near east
giant rats near eastnortheast
giant rat very near east
dark area adjacent north, northeast, south, southwest, and northwest
giant rat adjacent east
horizontal wall adjacent southeast

cursor:
Yourself a knight
(x=31, y=13)

map:
                                                                                
                                                                                
                                                                                
                                                                                
                                                                                
                                                                                
                                                                                
                                                                                
                                                                                
                    -----           ---------------------                       
                    |....##         ................}..>|                       
                    |.(.| #       rr................}...|                       
                    |...| #####@rr.r................}...|                       
                    -----       -------------------------                       
                                                                                
                                                                                
                                                                                
                                                                                
                                                                                
                                                                                
                                                                                
Agent the Gallant              St:15 Dx:8 Co:11 In:7 Wi:16 Ch:16 Lawful S:0     
Dlvl:1 $:0 HP:8(16) Pw:6(6) AC:3 Xp:1/0                                         

",-0.01,False
76,eat g,,"

Your previous output did not contain a valid action. Defaulted to action: north

Observation:
message:
It's solid stone.

language observation:
lava very far east
area of lava very far eastnortheast
stairs down very far eastnortheast
dark area far west
horn far westnorthwest
giant rat near east
giant rats near eastnortheast
giant rat very near east
dark area adjacent north, northeast, south, southwest, and northwest
giant rat adjacent east
horizontal wall adjacent southeast

cursor:
Yourself a knight
(x=31, y=13)

map:
                                                                                
                                                                                
                                                                                
                                                                                
                                                                                
                                                                                
                                                                                
                                                                                
                                                                                
                    -----           ---------------------                       
                    |....##         ................}..>|                       
                    |.(.| #       rr................}...|                       
                    |...| #####@rr.r................}...|                       
                    -----       -------------------------                       
                                                                                
                                                                                
                                                                                
                                                                                
                                                                                
                                                                                
                                                                                
Agent the Gallant              St:15 Dx:8 Co:11 In:7 Wi:16 Ch:16 Lawful S:0     
Dlvl:1 $:0 HP:8(16) Pw:6(6) AC:3 Xp:1/0                                         

",-0.01,False
77,eat g,,"

Your previous output did not contain a valid action. Defaulted to action: north

Observation:
message:
It's solid stone.

language observation:
lava very far east
area of lava very far eastnortheast
stairs down very far eastnortheast
dark area far west
horn far westnorthwest
giant rat near east
giant rats near eastnortheast
giant rat very near east
dark area adjacent north, northeast, south, southwest, and northwest
giant rat adjacent east
horizontal wall adjacent southeast

cursor:
Yourself a knight
(x=31, y=13)

map:
                                                                                
                                                                                
                                                                                
                                                                                
                                                                                
                                                                                
                                                                                
                                                                                
                                                                                
                    -----           ---------------------                       
                    |....##         ................}..>|                       
                    |.(.| #       rr................}...|                       
                    |...| #####@rr.r................}...|                       
                    -----       -------------------------                       
                                                                                
                                                                                
                                                                                
                                                                                
                                                                                
                                                                                
                                                                                
Agent the Gallant              St:15 Dx:8 Co:11 In:7 Wi:16 Ch:16 Lawful S:0     
Dlvl:1 $:0 HP:8(16) Pw:6(6) AC:3 Xp:1/0                                         

",-0.01,False
78,eat g,,"

Your previous output did not contain a valid action. Defaulted to action: north

Observation:
message:
It's solid stone.

language observation:
lava very far east
area of lava very far eastnortheast
stairs down very far eastnortheast
dark area far west
horn far westnorthwest
giant rat near east
giant rats near eastnortheast
giant rat very near east
dark area adjacent north, northeast, south, southwest, and northwest
giant rat adjacent east
horizontal wall adjacent southeast

cursor:
Yourself a knight
(x=31, y=13)

map:
                                                                                
                                                                                
                                                                                
                                                                                
                                                                                
                                                                                
                                                                                
                                                                                
                                                                                
                    -----           ---------------------                       
                    |....##         ................}..>|                       
                    |.(.| #       rr................}...|                       
                    |...| #####@rr.r................}...|                       
                    -----       -------------------------                       
                                                                                
                                                                                
                                                                                
                                                                                
                                                                                
                                                                                
                                                                                
Agent the Gallant              St:15 Dx:8 Co:11 In:7 Wi:16 Ch:16 Lawful S:0     
Dlvl:1 $:0 HP:8(16) Pw:6(6) AC:3 Xp:1/0                                         

",-0.01,False
79,eat g,,"

Your previous output did not contain a valid action. Defaulted to action: north

Observation:
message:
It's solid stone.

language observation:
lava very far east
area of lava very far eastnortheast
stairs down very far eastnortheast
dark area far west
horn far westnorthwest
giant rat near east
giant rats near eastnortheast
giant rat very near east
dark area adjacent north, northeast, south, southwest, and northwest
giant rat adjacent east
horizontal wall adjacent southeast

cursor:
Yourself a knight
(x=31, y=13)

map:
                                                                                
                                                                                
                                                                                
                                                                                
                                                                                
                                                                                
                                                                                
                                                                                
                                                                                
                    -----           ---------------------                       
                    |....##         ................}..>|                       
                    |.(.| #       rr................}...|                       
                    |...| #####@rr.r................}...|                       
                    -----       -------------------------                       
                                                                                
                                                                                
                                                                                
                                                                                
                                                                                
                                                                                
                                                                                
Agent the Gallant              St:15 Dx:8 Co:11 In:7 Wi:16 Ch:16 Lawful S:0     
Dlvl:1 $:0 HP:8(16) Pw:6(6) AC:3 Xp:1/0                                         

",-0.01,False
80,eat g,,"

Your previous output did not contain a valid action. Defaulted to action: north

Observation:
message:
It's solid stone.

language observation:
lava very far east
area of lava very far eastnortheast
stairs down very far eastnortheast
dark area far west
horn far westnorthwest
giant rat near east
giant rats near eastnortheast
giant rat very near east
dark area adjacent north, northeast, south, southwest, and northwest
giant rat adjacent east
horizontal wall adjacent southeast

cursor:
Yourself a knight
(x=31, y=13)

map:
                                                                                
                                                                                
                                                                                
                                                                                
                                                                                
                                                                                
                                                                                
                                                                                
                                                                                
                    -----           ---------------------                       
                    |....##         ................}..>|                       
                    |.(.| #       rr................}...|                       
                    |...| #####@rr.r................}...|                       
                    -----       -------------------------                       
                                                                                
                                                                                
                                                                                
                                                                                
                                                                                
                                                                                
                                                                                
Agent the Gallant              St:15 Dx:8 Co:11 In:7 Wi:16 Ch:16 Lawful S:0     
Dlvl:1 $:0 HP:8(16) Pw:6(6) AC:3 Xp:1/0                                         

",-0.01,False
81,eat g,,"

Your previous output did not contain a valid action. Defaulted to action: north

Observation:
message:
It's solid stone.

language observation:
lava very far east
area of lava very far eastnortheast
stairs down very far eastnortheast
dark area far west
horn far westnorthwest
giant rat near east
giant rats near eastnortheast
giant rat very near east
dark area adjacent north, northeast, south, southwest, and northwest
giant rat adjacent east
horizontal wall adjacent southeast

cursor:
Yourself a knight
(x=31, y=13)

map:
                                                                                
                                                                                
                                                                                
                                                                                
                                                                                
                                                                                
                                                                                
                                                                                
                                                                                
                    -----           ---------------------                       
                    |....##         ................}..>|                       
                    |.(.| #       rr................}...|                       
                    |...| #####@rr.r................}...|                       
                    -----       -------------------------                       
                                                                                
                                                                                
                                                                                
                                                                                
                                                                                
                                                                                
                                                                                
Agent the Gallant              St:15 Dx:8 Co:11 In:7 Wi:16 Ch:16 Lawful S:0     
Dlvl:1 $:0 HP:8(16) Pw:6(6) AC:3 Xp:1/0                                         

",-0.01,False
82,east,,"message:
You kill the giant rat!

language observation:
lava very far east
area of lava very far eastnortheast
stairs down very far eastnortheast
dark area far west
horn far westnorthwest
giant rat near eastnortheast
giant rats near east
dark area adjacent north, northeast, south, southwest, and northwest
giant rat adjacent east
horizontal wall adjacent southeast

cursor:
Yourself a knight
(x=31, y=13)

map:
                                                                                
                                                                                
                                                                                
                                                                                
                                                                                
                                                                                
                                                                                
                                                                                
                                                                                
                    -----           ---------------------                       
                    |....##         ................}..>|                       
                    |.(.| #       r.................}...|                       
                    |...| #####@r.r.r...............}...|                       
                    -----       -------------------------                       
                                                                                
                                                                                
                                                                                
                                                                                
                                                                                
                                                                                
                                                                                
Agent the Gallant              St:15 Dx:8 Co:11 In:7 Wi:16 Ch:16 Lawful S:8     
Dlvl:1 $:0 HP:8(16) Pw:6(6) AC:3 Xp:1/2                                         

",0.0,False
83,east,,"message:
You kill the giant rat!

language observation:
lava very far east
area of lava very far eastnortheast
stairs down very far eastnortheast
dark area far west
horn far westnorthwest
giant rats near eastnortheast
giant rat very near east
dark area adjacent north, northeast, south, southwest, and northwest
giant rat adjacent east
horizontal wall adjacent southeast

cursor:
Yourself a knight
(x=31, y=13)

map:
                                                                                
                                                                                
                                                                                
                                                                                
                                                                                
                                                                                
                                                                                
                                                                                
                                                                                
                    -----           ---------------------                       
                    |....##         ................}..>|                       
                    |.(.| #       rr................}...|                       
                    |...| #####@rr..................}...|                       
                    -----       -------------------------                       
                                                                                
                                                                                
                                                                                
                                                                                
                                                                                
                                                                                
                                                                                
Agent the Gallant              St:15 Dx:8 Co:11 In:7 Wi:16 Ch:16 Lawful S:16    
Dlvl:1 $:0 HP:9(16) Pw:6(6) AC:3 Xp:1/4                                         

",0.0,False
84,east,,"message:
You hit the giant rat.  The giant rat misses!

language observation:
lava very far east
area of lava very far eastnortheast
stairs down very far eastnortheast
dark area far west
horn far westnorthwest
giant rat near east
giant rat very near east
dark area adjacent north, northeast, south, southwest, and northwest
giant rat adjacent east
horizontal wall adjacent southeast

cursor:
Yourself a knight
(x=31, y=13)

map:
                                                                                
                                                                                
                                                                                
                                                                                
                                                                                
                                                                                
                                                                                
                                                                                
                                                                                
                    -----           ---------------------                       
                    |....##         ................}..>|                       
                    |.(.| #       ..................}...|                       
                    |...| #####@rrr.................}...|                       
                    -----       -------------------------                       
                                                                                
                                                                                
                                                                                
                                                                                
                                                                                
                                                                                
                                                                                
Agent the Gallant              St:15 Dx:8 Co:11 In:7 Wi:16 Ch:16 Lawful S:16    
Dlvl:1 $:0 HP:9(16) Pw:6(6) AC:3 Xp:1/4                                         

",0.0,False
85,east,,"message:
You kill the giant rat!

language observation:
lava very far east
area of lava very far eastnortheast
stairs down very far eastnortheast
dark area far west
horn far westnorthwest
giant rat very near east
dark area adjacent north, northeast, south, southwest, and northwest
giant rat adjacent east
horizontal wall adjacent southeast

cursor:
Yourself a knight
(x=31, y=13)

map:
                                                                                
                                                                                
                                                                                
                                                                                
                                                                                
                                                                                
                                                                                
                                                                                
                                                                                
                    -----           ---------------------                       
                    |....##         ................}..>|                       
                    |.(.| #       ..................}...|                       
                    |...| #####@rr..................}...|                       
                    -----       -------------------------                       
                                                                                
                                                                                
                                                                                
                                                                                
                                                                                
                                                                                
                                                                                
Agent the Gallant              St:15 Dx:8 Co:11 In:7 Wi:16 Ch:16 Lawful S:24    
Dlvl:1 $:0 HP:9(16) Pw:6(6) AC:3 Xp:1/6                                         

",0.0,False
86,east,,"message:
You miss the giant rat.  The giant rat bites!

language observation:
lava very far east
area of lava very far eastnortheast
stairs down very far eastnortheast
dark area far west
horn far westnorthwest
dark area adjacent north, northeast, south, southwest, and northwest
giant rat adjacent east
horizontal wall adjacent southeast

cursor:
Yourself a knight
(x=31, y=13)

map:
                                                                                
                                                                                
                                                                                
                                                                                
                                                                                
                                                                                
                                                                                
                                                                                
                                                                                
                    -----           ---------------------                       
                    |....##         ................}..>|                       
                    |.(.| #       ..................}...|                       
                    |...| #####@r...................}...|                       
                    -----       -------------------------                       
                                                                                
                                                                                
                                                                                
                                                                                
                                                                                
                                                                                
                                                                                
Agent the Gallant              St:15 Dx:8 Co:11 In:7 Wi:16 Ch:16 Lawful S:24    
Dlvl:1 $:0 HP:7(16) Pw:6(6) AC:3 Xp:1/6                                         

",0.0,False
87,zap wandofcoldair,,"

Your previous output did not contain a valid action. Defaulted to action: north

Observation:
message:
It's solid stone.

language observation:
lava very far east
area of lava very far eastnortheast
stairs down very far eastnortheast
dark area far west
horn far westnorthwest
dark area adjacent north, northeast, south, southwest, and northwest
giant rat adjacent east
horizontal wall adjacent southeast

cursor:
Yourself a knight
(x=31, y=13)

map:
                                                                                
                                                                                
                                                                                
                                                                                
                                                                                
                                                                                
                                                                                
                                                                                
                                                                                
                    -----           ---------------------                       
                    |....##         ................}..>|                       
                    |.(.| #       ..................}...|                       
                    |...| #####@r...................}...|                       
                    -----       -------------------------                       
                                                                                
                                                                                
                                                                                
                                                                                
                                                                                
                                                                                
                                                                                
Agent the Gallant              St:15 Dx:8 Co:11 In:7 Wi:16 Ch:16 Lawful S:24    
Dlvl:1 $:0 HP:7(16) Pw:6(6) AC:3 Xp:1/6                                         

",-0.01,False
88,zap wandofcoldair at east,,"

Your previous output did not contain a valid action. Defaulted to action: north

Observation:
message:
It's solid stone.

language observation:
lava very far east
area of lava very far eastnortheast
stairs down very far eastnortheast
dark area far west
horn far westnorthwest
dark area adjacent north, northeast, south, southwest, and northwest
giant rat adjacent east
horizontal wall adjacent southeast

cursor:
Yourself a knight
(x=31, y=13)

map:
                                                                                
                                                                                
                                                                                
                                                                                
                                                                                
                                                                                
                                                                                
                                                                                
                                                                                
                    -----           ---------------------                       
                    |....##         ................}..>|                       
                    |.(.| #       ..................}...|                       
                    |...| #####@r...................}...|                       
                    -----       -------------------------                       
                                                                                
                                                                                
                                                                                
                                                                                
                                                                                
                                                                                
                                                                                
Agent the Gallant              St:15 Dx:8 Co:11 In:7 Wi:16 Ch:16 Lawful S:24    
Dlvl:1 $:0 HP:7(16) Pw:6(6) AC:3 Xp:1/6                                         

",-0.01,False
89,zap wandofcoldair at east,,"

Your previous output did not contain a valid action. Defaulted to action: north

Observation:
message:
It's solid stone.

language observation:
lava very far east
area of lava very far eastnortheast
stairs down very far eastnortheast
dark area far west
horn far westnorthwest
dark area adjacent north, northeast, south, southwest, and northwest
giant rat adjacent east
horizontal wall adjacent southeast

cursor:
Yourself a knight
(x=31, y=13)

map:
                                                                                
                                                                                
                                                                                
                                                                                
                                                                                
                                                                                
                                                                                
                                                                                
                                                                                
                    -----           ---------------------                       
                    |....##         ................}..>|                       
                    |.(.| #       ..................}...|                       
                    |...| #####@r...................}...|                       
                    -----       -------------------------                       
                                                                                
                                                                                
                                                                                
                                                                                
                                                                                
                                                                                
                                                                                
Agent the Gallant              St:15 Dx:8 Co:11 In:7 Wi:16 Ch:16 Lawful S:24    
Dlvl:1 $:0 HP:7(16) Pw:6(6) AC:3 Xp:1/6                                         

",-0.01,False
90,zap wandofcoldair at east,,"

Your previous output did not contain a valid action. Defaulted to action: north

Observation:
message:
It's solid stone.

language observation:
lava very far east
area of lava very far eastnortheast
stairs down very far eastnortheast
dark area far west
horn far westnorthwest
dark area adjacent north, northeast, south, southwest, and northwest
giant rat adjacent east
horizontal wall adjacent southeast

cursor:
Yourself a knight
(x=31, y=13)

map:
                                                                                
                                                                                
                                                                                
                                                                                
                                                                                
                                                                                
                                                                                
                                                                                
                                                                                
                    -----           ---------------------                       
                    |....##         ................}..>|                       
                    |.(.| #       ..................}...|                       
                    |...| #####@r...................}...|                       
                    -----       -------------------------                       
                                                                                
                                                                                
                                                                                
                                                                                
                                                                                
                                                                                
                                                                                
Agent the Gallant              St:15 Dx:8 Co:11 In:7 Wi:16 Ch:16 Lawful S:24    
Dlvl:1 $:0 HP:7(16) Pw:6(6) AC:3 Xp:1/6                                         

",-0.01,False
91,zap wandofcoldair at east,,"

Your previous output did not contain a valid action. Defaulted to action: north

Observation:
message:
It's solid stone.

language observation:
lava very far east
area of lava very far eastnortheast
stairs down very far eastnortheast
dark area far west
horn far westnorthwest
dark area adjacent north, northeast, south, southwest, and northwest
giant rat adjacent east
horizontal wall adjacent southeast

cursor:
Yourself a knight
(x=31, y=13)

map:
                                                                                
                                                                                
                                                                                
                                                                                
                                                                                
                                                                                
                                                                                
                                                                                
                                                                                
                    -----           ---------------------                       
                    |....##         ................}..>|                       
                    |.(.| #       ..................}...|                       
                    |...| #####@r...................}...|                       
                    -----       -------------------------                       
                                                                                
                                                                                
                                                                                
                                                                                
                                                                                
                                                                                
                                                                                
Agent the Gallant              St:15 Dx:8 Co:11 In:7 Wi:16 Ch:16 Lawful S:24    
Dlvl:1 $:0 HP:7(16) Pw:6(6) AC:3 Xp:1/6                                         

",-0.01,False
92,zap wandofcoldair at east,,"

Your previous output did not contain a valid action. Defaulted to action: north

Observation:
message:
It's solid stone.

language observation:
lava very far east
area of lava very far eastnortheast
stairs down very far eastnortheast
dark area far west
horn far westnorthwest
dark area adjacent north, northeast, south, southwest, and northwest
giant rat adjacent east
horizontal wall adjacent southeast

cursor:
Yourself a knight
(x=31, y=13)

map:
                                                                                
                                                                                
                                                                                
                                                                                
                                                                                
                                                                                
                                                                                
                                                                                
                                                                                
                    -----           ---------------------                       
                    |....##         ................}..>|                       
                    |.(.| #       ..................}...|                       
                    |...| #####@r...................}...|                       
                    -----       -------------------------                       
                                                                                
                                                                                
                                                                                
                                                                                
                                                                                
                                                                                
                                                                                
Agent the Gallant              St:15 Dx:8 Co:11 In:7 Wi:16 Ch:16 Lawful S:24    
Dlvl:1 $:0 HP:7(16) Pw:6(6) AC:3 Xp:1/6                                         

",-0.01,False
93,zap wandofcoldair at east,,"

Your previous output did not contain a valid action. Defaulted to action: north

Observation:
message:
It's solid stone.

language observation:
lava very far east
area of lava very far eastnortheast
stairs down very far eastnortheast
dark area far west
horn far westnorthwest
dark area adjacent north, northeast, south, southwest, and northwest
giant rat adjacent east
horizontal wall adjacent southeast

cursor:
Yourself a knight
(x=31, y=13)

map:
                                                                                
                                                                                
                                                                                
                                                                                
                                                                                
                                                                                
                                                                                
                                                                                
                                                                                
                    -----           ---------------------                       
                    |....##         ................}..>|                       
                    |.(.| #       ..................}...|                       
                    |...| #####@r...................}...|                       
                    -----       -------------------------                       
                                                                                
                                                                                
                                                                                
                                                                                
                                                                                
                                                                                
                                                                                
Agent the Gallant              St:15 Dx:8 Co:11 In:7 Wi:16 Ch:16 Lawful S:24    
Dlvl:1 $:0 HP:7(16) Pw:6(6) AC:3 Xp:1/6                                         

",-0.01,False
94,zap wandofcoldair at east,,"

Your previous output did not contain a valid action. Defaulted to action: north

Observation:
message:
It's solid stone.

language observation:
lava very far east
area of lava very far eastnortheast
stairs down very far eastnortheast
dark area far west
horn far westnorthwest
dark area adjacent north, northeast, south, southwest, and northwest
giant rat adjacent east
horizontal wall adjacent southeast

cursor:
Yourself a knight
(x=31, y=13)

map:
                                                                                
                                                                                
                                                                                
                                                                                
                                                                                
                                                                                
                                                                                
                                                                                
                                                                                
                    -----           ---------------------                       
                    |....##         ................}..>|                       
                    |.(.| #       ..................}...|                       
                    |...| #####@r...................}...|                       
                    -----       -------------------------                       
                                                                                
                                                                                
                                                                                
                                                                                
                                                                                
                                                                                
                                                                                
Agent the Gallant              St:15 Dx:8 Co:11 In:7 Wi:16 Ch:16 Lawful S:24    
Dlvl:1 $:0 HP:7(16) Pw:6(6) AC:3 Xp:1/6                                         

",-0.01,False
95,east,,"message:
You miss the giant rat.

language observation:
lava very far east
area of lava very far eastnortheast
stairs down very far eastnortheast
dark area far west
horn far westnorthwest
giant rat near eastnortheast
dark area adjacent north, northeast, south, southwest, and northwest
giant rat adjacent east
horizontal wall adjacent southeast

cursor:
Yourself a knight
(x=31, y=13)

map:
                                                                                
                                                                                
                                                                                
                                                                                
                                                                                
                                                                                
                                                                                
                                                                                
                                                                                
                    -----           ---------------------                       
                    |....##         ................}..>|                       
                    |.(.| #       r.................}...|                       
                    |...| #####@r...................}...|                       
                    -----       -------------------------                       
                                                                                
                                                                                
                                                                                
                                                                                
                                                                                
                                                                                
                                                                                
Agent the Gallant              St:15 Dx:8 Co:11 In:7 Wi:16 Ch:16 Lawful S:24    
Dlvl:1 $:0 HP:7(16) Pw:6(6) AC:3 Xp:1/6                                         

",0.0,False
96,zap wandofcoldair at east,,"

Your previous output did not contain a valid action. Defaulted to action: north

Observation:
message:
It's solid stone.

language observation:
lava very far east
area of lava very far eastnortheast
stairs down very far eastnortheast
dark area far west
horn far westnorthwest
giant rat near eastnortheast
dark area adjacent north, northeast, south, southwest, and northwest
giant rat adjacent east
horizontal wall adjacent southeast

cursor:
Yourself a knight
(x=31, y=13)

map:
                                                                                
                                                                                
                                                                                
                                                                                
                                                                                
                                                                                
                                                                                
                                                                                
                                                                                
                    -----           ---------------------                       
                    |....##         ................}..>|                       
                    |.(.| #       r.................}...|                       
                    |...| #####@r...................}...|                       
                    -----       -------------------------                       
                                                                                
                                                                                
                                                                                
                                                                                
                                                                                
                                                                                
                                                                                
Agent the Gallant              St:15 Dx:8 Co:11 In:7 Wi:16 Ch:16 Lawful S:24    
Dlvl:1 $:0 HP:7(16) Pw:6(6) AC:3 Xp:1/6                                         

",-0.01,False
97,zap wandofcoldair at east,,"

Your previous output did not contain a valid action. Defaulted to action: north

Observation:
message:
It's solid stone.

language observation:
lava very far east
area of lava very far eastnortheast
stairs down very far eastnortheast
dark area far west
horn far westnorthwest
giant rat near eastnortheast
dark area adjacent north, northeast, south, southwest, and northwest
giant rat adjacent east
horizontal wall adjacent southeast

cursor:
Yourself a knight
(x=31, y=13)

map:
                                                                                
                                                                                
                                                                                
                                                                                
                                                                                
                                                                                
                                                                                
                                                                                
                                                                                
                    -----           ---------------------                       
                    |....##         ................}..>|                       
                    |.(.| #       r.................}...|                       
                    |...| #####@r...................}...|                       
                    -----       -------------------------                       
                                                                                
                                                                                
                                                                                
                                                                                
                                                                                
                                                                                
                                                                                
Agent the Gallant              St:15 Dx:8 Co:11 In:7 Wi:16 Ch:16 Lawful S:24    
Dlvl:1 $:0 HP:7(16) Pw:6(6) AC:3 Xp:1/6                                         

",-0.01,False
98,zap wandofcoldair at east,,"

Your previous output did not contain a valid action. Defaulted to action: north

Observation:
message:
It's solid stone.

language observation:
lava very far east
area of lava very far eastnortheast
stairs down very far eastnortheast
dark area far west
horn far westnorthwest
giant rat near eastnortheast
dark area adjacent north, northeast, south, southwest, and northwest
giant rat adjacent east
horizontal wall adjacent southeast

cursor:
Yourself a knight
(x=31, y=13)

map:
                                                                                
                                                                                
                                                                                
                                                                                
                                                                                
                                                                                
                                                                                
                                                                                
                                                                                
                    -----           ---------------------                       
                    |....##         ................}..>|                       
                    |.(.| #       r.................}...|                       
                    |...| #####@r...................}...|                       
                    -----       -------------------------                       
                                                                                
                                                                                
                                                                                
                                                                                
                                                                                
                                                                                
                                                                                
Agent the Gallant              St:15 Dx:8 Co:11 In:7 Wi:16 Ch:16 Lawful S:24    
Dlvl:1 $:0 HP:7(16) Pw:6(6) AC:3 Xp:1/6                                         

",-0.01,False
99,zap wandofcoldair at east,,"

Your previous output did not contain a valid action. Defaulted to action: north

Observation:
message:
 
You made the top ten list!
No  Points     Name
Hp [max]
1         24  Agent-Kni-Hum-Fem-Law quit in The Dunge
eons of Doom on
level 1.
7  [16]


language observation:
dark area adjacent east, southeast, and south

cursor:
very far eastsoutheast 
(x=23, y=9)

map:
You made the top ten list!                                                      
                                                                                
                           No  Points     Name                                  
                 Hp [max]                                                       
                           1         24  Agent-Kni-Hum-Fem-Law quit in The Dunge
ons of Doom on                                                                  
                                        level 1.                                
                7  [16]                                                         
                                                                                
                                                                                
                                                                                
                                                                                
                                                                                
                                                                                
                                                                                
                                                                                
                                                                                
                                                                                
                                                                                
                                                                                
                                                                                
                                                                                
                                                                                

",-0.01,True
