Step,Action,Reasoning,Observation,Reward,Done
0,north,,"message:


language observation:
vertical wall far west
horizontal closed door near westsouthwest
newt near west
horizontal wall very near north, south, southwest, and northwest
northeast room corner very near northeast
vertical wall very near east
southeast corner very near southeast
stairs up adjacent south
gold piece adjacent southwest
tame kitten adjacent west

cursor:
Yourself a tourist
(x=16, y=4)

map:
                                                                                
          ---------                                                             
          |........                                                             
          |..:.f@.|                                                             
          |....$<..                                                             
          -+-------                                                             
                                                                                
                                                                                
                                                                                
                                                                                
                                                                                
                                                                                
                                                                                
                                                                                
                                                                                
                                                                                
                                                                                
                                                                                
                                                                                
                                                                                
                                                                                
Agent the Rambler              St:11 Dx:9 Co:18 In:13 Wi:8 Ch:16 Neutral S:0    
Dlvl:1 $:708 HP:10(10) Pw:2(2) AC:10 Xp:1/0 T:2                                 

",0.0,False
1,northwest,,"message:
The kitten picks up a gold piece.

language observation:
doorway near east
dark area near east
southeast corner near southeast
horizontal wall near south and southwest
horizontal closed door near westsouthwest
vertical wall near west
stairs up very near southsoutheast
gold piece very near south
newt very near westsouthwest
horizontal wall adjacent north, northeast, and northwest
tame kitten adjacent south

cursor:
Yourself a tourist
(x=15, y=3)

map:
                                                                                
          ---------                                                             
          |....@...                                                             
          |..:.f..|                                                             
          |....$<..                                                             
          -+-------                                                             
                                                                                
                                                                                
                                                                                
                                                                                
                                                                                
                                                                                
                                                                                
                                                                                
                                                                                
                                                                                
                                                                                
                                                                                
                                                                                
                                                                                
                                                                                
Agent the Rambler              St:11 Dx:9 Co:18 In:13 Wi:8 Ch:16 Neutral S:0    
Dlvl:1 $:708 HP:10(10) Pw:2(2) AC:10 Xp:1/0 T:3                                 

",0.0,False
2,northwest,,"message:
It's a wall.

language observation:
doorway near east
dark area near east
southeast corner near southeast
horizontal wall near south and southwest
horizontal closed door near westsouthwest
vertical wall near west
stairs up very near southsoutheast
gold piece very near south
newt very near westsouthwest
horizontal wall adjacent north, northeast, and northwest
tame kitten adjacent south

cursor:
Yourself a tourist
(x=15, y=3)

map:
                                                                                
          ---------                                                             
          |....@...                                                             
          |..:.f..|                                                             
          |....$<..                                                             
          -+-------                                                             
                                                                                
                                                                                
                                                                                
                                                                                
                                                                                
                                                                                
                                                                                
                                                                                
                                                                                
                                                                                
                                                                                
                                                                                
                                                                                
                                                                                
                                                                                
Agent the Rambler              St:11 Dx:9 Co:18 In:13 Wi:8 Ch:16 Neutral S:0    
Dlvl:1 $:708 HP:10(10) Pw:2(2) AC:10 Xp:1/0 T:3                                 

",0.0,False
3,northwest,,"message:
It's a wall.

language observation:
doorway near east
dark area near east
southeast corner near southeast
horizontal wall near south and southwest
horizontal closed door near westsouthwest
vertical wall near west
stairs up very near southsoutheast
gold piece very near south
newt very near westsouthwest
horizontal wall adjacent north, northeast, and northwest
tame kitten adjacent south

cursor:
Yourself a tourist
(x=15, y=3)

map:
                                                                                
          ---------                                                             
          |....@...                                                             
          |..:.f..|                                                             
          |....$<..                                                             
          -+-------                                                             
                                                                                
                                                                                
                                                                                
                                                                                
                                                                                
                                                                                
                                                                                
                                                                                
                                                                                
                                                                                
                                                                                
                                                                                
                                                                                
                                                                                
                                                                                
Agent the Rambler              St:11 Dx:9 Co:18 In:13 Wi:8 Ch:16 Neutral S:0    
Dlvl:1 $:708 HP:10(10) Pw:2(2) AC:10 Xp:1/0 T:3                                 

",0.0,False
4,northwest,,"message:
It's a wall.

language observation:
doorway near east
dark area near east
southeast corner near southeast
horizontal wall near south and southwest
horizontal closed door near westsouthwest
vertical wall near west
stairs up very near southsoutheast
gold piece very near south
newt very near westsouthwest
horizontal wall adjacent north, northeast, and northwest
tame kitten adjacent south

cursor:
Yourself a tourist
(x=15, y=3)

map:
                                                                                
          ---------                                                             
          |....@...                                                             
          |..:.f..|                                                             
          |....$<..                                                             
          -+-------                                                             
                                                                                
                                                                                
                                                                                
                                                                                
                                                                                
                                                                                
                                                                                
                                                                                
                                                                                
                                                                                
                                                                                
                                                                                
                                                                                
                                                                                
                                                                                
Agent the Rambler              St:11 Dx:9 Co:18 In:13 Wi:8 Ch:16 Neutral S:0    
Dlvl:1 $:708 HP:10(10) Pw:2(2) AC:10 Xp:1/0 T:3                                 

",0.0,False
5,northwest,,"message:
It's a wall.

language observation:
doorway near east
dark area near east
southeast corner near southeast
horizontal wall near south and southwest
horizontal closed door near westsouthwest
vertical wall near west
stairs up very near southsoutheast
gold piece very near south
newt very near westsouthwest
horizontal wall adjacent north, northeast, and northwest
tame kitten adjacent south

cursor:
Yourself a tourist
(x=15, y=3)

map:
                                                                                
          ---------                                                             
          |....@...                                                             
          |..:.f..|                                                             
          |....$<..                                                             
          -+-------                                                             
                                                                                
                                                                                
                                                                                
                                                                                
                                                                                
                                                                                
                                                                                
                                                                                
                                                                                
                                                                                
                                                                                
                                                                                
                                                                                
                                                                                
                                                                                
Agent the Rambler              St:11 Dx:9 Co:18 In:13 Wi:8 Ch:16 Neutral S:0    
Dlvl:1 $:708 HP:10(10) Pw:2(2) AC:10 Xp:1/0 T:3                                 

",0.0,False
6,northwest,,"message:
It's a wall.

language observation:
doorway near east
dark area near east
southeast corner near southeast
horizontal wall near south and southwest
horizontal closed door near westsouthwest
vertical wall near west
stairs up very near southsoutheast
gold piece very near south
newt very near westsouthwest
horizontal wall adjacent north, northeast, and northwest
tame kitten adjacent south

cursor:
Yourself a tourist
(x=15, y=3)

map:
                                                                                
          ---------                                                             
          |....@...                                                             
          |..:.f..|                                                             
          |....$<..                                                             
          -+-------                                                             
                                                                                
                                                                                
                                                                                
                                                                                
                                                                                
                                                                                
                                                                                
                                                                                
                                                                                
                                                                                
                                                                                
                                                                                
                                                                                
                                                                                
                                                                                
Agent the Rambler              St:11 Dx:9 Co:18 In:13 Wi:8 Ch:16 Neutral S:0    
Dlvl:1 $:708 HP:10(10) Pw:2(2) AC:10 Xp:1/0 T:3                                 

",0.0,False
7,northwest,,"message:
It's a wall.

language observation:
doorway near east
dark area near east
southeast corner near southeast
horizontal wall near south and southwest
horizontal closed door near westsouthwest
vertical wall near west
stairs up very near southsoutheast
gold piece very near south
newt very near westsouthwest
horizontal wall adjacent north, northeast, and northwest
tame kitten adjacent south

cursor:
Yourself a tourist
(x=15, y=3)

map:
                                                                                
          ---------                                                             
          |....@...                                                             
          |..:.f..|                                                             
          |....$<..                                                             
          -+-------                                                             
                                                                                
                                                                                
                                                                                
                                                                                
                                                                                
                                                                                
                                                                                
                                                                                
                                                                                
                                                                                
                                                                                
                                                                                
                                                                                
                                                                                
                                                                                
Agent the Rambler              St:11 Dx:9 Co:18 In:13 Wi:8 Ch:16 Neutral S:0    
Dlvl:1 $:708 HP:10(10) Pw:2(2) AC:10 Xp:1/0 T:3                                 

",0.0,False
8,northwest,,"message:
It's a wall.

language observation:
doorway near east
dark area near east
southeast corner near southeast
horizontal wall near south and southwest
horizontal closed door near westsouthwest
vertical wall near west
stairs up very near southsoutheast
gold piece very near south
newt very near westsouthwest
horizontal wall adjacent north, northeast, and northwest
tame kitten adjacent south

cursor:
Yourself a tourist
(x=15, y=3)

map:
                                                                                
          ---------                                                             
          |....@...                                                             
          |..:.f..|                                                             
          |....$<..                                                             
          -+-------                                                             
                                                                                
                                                                                
                                                                                
                                                                                
                                                                                
                                                                                
                                                                                
                                                                                
                                                                                
                                                                                
                                                                                
                                                                                
                                                                                
                                                                                
                                                                                
Agent the Rambler              St:11 Dx:9 Co:18 In:13 Wi:8 Ch:16 Neutral S:0    
Dlvl:1 $:708 HP:10(10) Pw:2(2) AC:10 Xp:1/0 T:3                                 

",0.0,False
9,northwest,,"message:
It's a wall.

language observation:
doorway near east
dark area near east
southeast corner near southeast
horizontal wall near south and southwest
horizontal closed door near westsouthwest
vertical wall near west
stairs up very near southsoutheast
gold piece very near south
newt very near westsouthwest
horizontal wall adjacent north, northeast, and northwest
tame kitten adjacent south

cursor:
Yourself a tourist
(x=15, y=3)

map:
                                                                                
          ---------                                                             
          |....@...                                                             
          |..:.f..|                                                             
          |....$<..                                                             
          -+-------                                                             
                                                                                
                                                                                
                                                                                
                                                                                
                                                                                
                                                                                
                                                                                
                                                                                
                                                                                
                                                                                
                                                                                
                                                                                
                                                                                
                                                                                
                                                                                
Agent the Rambler              St:11 Dx:9 Co:18 In:13 Wi:8 Ch:16 Neutral S:0    
Dlvl:1 $:708 HP:10(10) Pw:2(2) AC:10 Xp:1/0 T:3                                 

",0.0,False
10,northwest,,"message:
It's a wall.

language observation:
doorway near east
dark area near east
southeast corner near southeast
horizontal wall near south and southwest
horizontal closed door near westsouthwest
vertical wall near west
stairs up very near southsoutheast
gold piece very near south
newt very near westsouthwest
horizontal wall adjacent north, northeast, and northwest
tame kitten adjacent south

cursor:
Yourself a tourist
(x=15, y=3)

map:
                                                                                
          ---------                                                             
          |....@...                                                             
          |..:.f..|                                                             
          |....$<..                                                             
          -+-------                                                             
                                                                                
                                                                                
                                                                                
                                                                                
                                                                                
                                                                                
                                                                                
                                                                                
                                                                                
                                                                                
                                                                                
                                                                                
                                                                                
                                                                                
                                                                                
Agent the Rambler              St:11 Dx:9 Co:18 In:13 Wi:8 Ch:16 Neutral S:0    
Dlvl:1 $:708 HP:10(10) Pw:2(2) AC:10 Xp:1/0 T:3                                 

",0.0,False
11,northwest,,"message:
It's a wall.

language observation:
doorway near east
dark area near east
southeast corner near southeast
horizontal wall near south and southwest
horizontal closed door near westsouthwest
vertical wall near west
stairs up very near southsoutheast
gold piece very near south
newt very near westsouthwest
horizontal wall adjacent north, northeast, and northwest
tame kitten adjacent south

cursor:
Yourself a tourist
(x=15, y=3)

map:
                                                                                
          ---------                                                             
          |....@...                                                             
          |..:.f..|                                                             
          |....$<..                                                             
          -+-------                                                             
                                                                                
                                                                                
                                                                                
                                                                                
                                                                                
                                                                                
                                                                                
                                                                                
                                                                                
                                                                                
                                                                                
                                                                                
                                                                                
                                                                                
                                                                                
Agent the Rambler              St:11 Dx:9 Co:18 In:13 Wi:8 Ch:16 Neutral S:0    
Dlvl:1 $:708 HP:10(10) Pw:2(2) AC:10 Xp:1/0 T:3                                 

",0.0,False
12,northwest,,"message:
It's a wall.

language observation:
doorway near east
dark area near east
southeast corner near southeast
horizontal wall near south and southwest
horizontal closed door near westsouthwest
vertical wall near west
stairs up very near southsoutheast
gold piece very near south
newt very near westsouthwest
horizontal wall adjacent north, northeast, and northwest
tame kitten adjacent south

cursor:
Yourself a tourist
(x=15, y=3)

map:
                                                                                
          ---------                                                             
          |....@...                                                             
          |..:.f..|                                                             
          |....$<..                                                             
          -+-------                                                             
                                                                                
                                                                                
                                                                                
                                                                                
                                                                                
                                                                                
                                                                                
                                                                                
                                                                                
                                                                                
                                                                                
                                                                                
                                                                                
                                                                                
                                                                                
Agent the Rambler              St:11 Dx:9 Co:18 In:13 Wi:8 Ch:16 Neutral S:0    
Dlvl:1 $:708 HP:10(10) Pw:2(2) AC:10 Xp:1/0 T:3                                 

",0.0,False
13,northwest,,"message:
It's a wall.

language observation:
doorway near east
dark area near east
southeast corner near southeast
horizontal wall near south and southwest
horizontal closed door near westsouthwest
vertical wall near west
stairs up very near southsoutheast
gold piece very near south
newt very near westsouthwest
horizontal wall adjacent north, northeast, and northwest
tame kitten adjacent south

cursor:
Yourself a tourist
(x=15, y=3)

map:
                                                                                
          ---------                                                             
          |....@...                                                             
          |..:.f..|                                                             
          |....$<..                                                             
          -+-------                                                             
                                                                                
                                                                                
                                                                                
                                                                                
                                                                                
                                                                                
                                                                                
                                                                                
                                                                                
                                                                                
                                                                                
                                                                                
                                                                                
                                                                                
                                                                                
Agent the Rambler              St:11 Dx:9 Co:18 In:13 Wi:8 Ch:16 Neutral S:0    
Dlvl:1 $:708 HP:10(10) Pw:2(2) AC:10 Xp:1/0 T:3                                 

",0.0,False
14,northwest,,"message:
It's a wall.

language observation:
doorway near east
dark area near east
southeast corner near southeast
horizontal wall near south and southwest
horizontal closed door near westsouthwest
vertical wall near west
stairs up very near southsoutheast
gold piece very near south
newt very near westsouthwest
horizontal wall adjacent north, northeast, and northwest
tame kitten adjacent south

cursor:
Yourself a tourist
(x=15, y=3)

map:
                                                                                
          ---------                                                             
          |....@...                                                             
          |..:.f..|                                                             
          |....$<..                                                             
          -+-------                                                             
                                                                                
                                                                                
                                                                                
                                                                                
                                                                                
                                                                                
                                                                                
                                                                                
                                                                                
                                                                                
                                                                                
                                                                                
                                                                                
                                                                                
                                                                                
Agent the Rambler              St:11 Dx:9 Co:18 In:13 Wi:8 Ch:16 Neutral S:0    
Dlvl:1 $:708 HP:10(10) Pw:2(2) AC:10 Xp:1/0 T:3                                 

",0.0,False
15,northwest,,"message:
It's a wall.

language observation:
doorway near east
dark area near east
southeast corner near southeast
horizontal wall near south and southwest
horizontal closed door near westsouthwest
vertical wall near west
stairs up very near southsoutheast
gold piece very near south
newt very near westsouthwest
horizontal wall adjacent north, northeast, and northwest
tame kitten adjacent south

cursor:
Yourself a tourist
(x=15, y=3)

map:
                                                                                
          ---------                                                             
          |....@...                                                             
          |..:.f..|                                                             
          |....$<..                                                             
          -+-------                                                             
                                                                                
                                                                                
                                                                                
                                                                                
                                                                                
                                                                                
                                                                                
                                                                                
                                                                                
                                                                                
                                                                                
                                                                                
                                                                                
                                                                                
                                                                                
Agent the Rambler              St:11 Dx:9 Co:18 In:13 Wi:8 Ch:16 Neutral S:0    
Dlvl:1 $:708 HP:10(10) Pw:2(2) AC:10 Xp:1/0 T:3                                 

",0.0,False
16,more,,"message:
Unknown command '^M'.

language observation:
doorway near east
dark area near east
southeast corner near southeast
horizontal wall near south and southwest
horizontal closed door near westsouthwest
vertical wall near west
stairs up very near southsoutheast
gold piece very near south
newt very near westsouthwest
horizontal wall adjacent north, northeast, and northwest
tame kitten adjacent south

cursor:
Yourself a tourist
(x=15, y=3)

map:
                                                                                
          ---------                                                             
          |....@...                                                             
          |..:.f..|                                                             
          |....$<..                                                             
          -+-------                                                             
                                                                                
                                                                                
                                                                                
                                                                                
                                                                                
                                                                                
                                                                                
                                                                                
                                                                                
                                                                                
                                                                                
                                                                                
                                                                                
                                                                                
                                                                                
Agent the Rambler              St:11 Dx:9 Co:18 In:13 Wi:8 Ch:16 Neutral S:0    
Dlvl:1 $:708 HP:10(10) Pw:2(2) AC:10 Xp:1/0 T:3                                 

",0.0,False
17,more,,"message:


language observation:
doorway near east
dark area near east
southeast corner near southeast
horizontal wall near south and southwest
horizontal closed door near westsouthwest
vertical wall near west
stairs up very near southsoutheast
gold piece very near south
newt very near westsouthwest
horizontal wall adjacent north, northeast, and northwest
tame kitten adjacent south

cursor:
Yourself a tourist
(x=15, y=3)

map:
                                                                                
          ---------                                                             
          |....@...                                                             
          |..:.f..|                                                             
          |....$<..                                                             
          -+-------                                                             
                                                                                
                                                                                
                                                                                
                                                                                
                                                                                
                                                                                
                                                                                
                                                                                
                                                                                
                                                                                
                                                                                
                                                                                
                                                                                
                                                                                
                                                                                
Agent the Rambler              St:11 Dx:9 Co:18 In:13 Wi:8 Ch:16 Neutral S:0    
Dlvl:1 $:708 HP:10(10) Pw:2(2) AC:10 Xp:1/0 T:3                                 

",0.0,False
18,northwest,,"message:
It's a wall.

language observation:
doorway near east
dark area near east
southeast corner near southeast
horizontal wall near south and southwest
horizontal closed door near westsouthwest
vertical wall near west
stairs up very near southsoutheast
gold piece very near south
newt very near westsouthwest
horizontal wall adjacent north, northeast, and northwest
tame kitten adjacent south

cursor:
Yourself a tourist
(x=15, y=3)

map:
                                                                                
          ---------                                                             
          |....@...                                                             
          |..:.f..|                                                             
          |....$<..                                                             
          -+-------                                                             
                                                                                
                                                                                
                                                                                
                                                                                
                                                                                
                                                                                
                                                                                
                                                                                
                                                                                
                                                                                
                                                                                
                                                                                
                                                                                
                                                                                
                                                                                
Agent the Rambler              St:11 Dx:9 Co:18 In:13 Wi:8 Ch:16 Neutral S:0    
Dlvl:1 $:708 HP:10(10) Pw:2(2) AC:10 Xp:1/0 T:3                                 

",0.0,False
19,northwest,,"message:
It's a wall.

language observation:
doorway near east
dark area near east
southeast corner near southeast
horizontal wall near south and southwest
horizontal closed door near westsouthwest
vertical wall near west
stairs up very near southsoutheast
gold piece very near south
newt very near westsouthwest
horizontal wall adjacent north, northeast, and northwest
tame kitten adjacent south

cursor:
Yourself a tourist
(x=15, y=3)

map:
                                                                                
          ---------                                                             
          |....@...                                                             
          |..:.f..|                                                             
          |....$<..                                                             
          -+-------                                                             
                                                                                
                                                                                
                                                                                
                                                                                
                                                                                
                                                                                
                                                                                
                                                                                
                                                                                
                                                                                
                                                                                
                                                                                
                                                                                
                                                                                
                                                                                
Agent the Rambler              St:11 Dx:9 Co:18 In:13 Wi:8 Ch:16 Neutral S:0    
Dlvl:1 $:708 HP:10(10) Pw:2(2) AC:10 Xp:1/0 T:3                                 

",0.0,False
20,northwest,,"message:
It's a wall.

language observation:
doorway near east
dark area near east
southeast corner near southeast
horizontal wall near south and southwest
horizontal closed door near westsouthwest
vertical wall near west
stairs up very near southsoutheast
gold piece very near south
newt very near westsouthwest
horizontal wall adjacent north, northeast, and northwest
tame kitten adjacent south

cursor:
Yourself a tourist
(x=15, y=3)

map:
                                                                                
          ---------                                                             
          |....@...                                                             
          |..:.f..|                                                             
          |....$<..                                                             
          -+-------                                                             
                                                                                
                                                                                
                                                                                
                                                                                
                                                                                
                                                                                
                                                                                
                                                                                
                                                                                
                                                                                
                                                                                
                                                                                
                                                                                
                                                                                
                                                                                
Agent the Rambler              St:11 Dx:9 Co:18 In:13 Wi:8 Ch:16 Neutral S:0    
Dlvl:1 $:708 HP:10(10) Pw:2(2) AC:10 Xp:1/0 T:3                                 

",0.0,False
21,northwest,,"message:
It's a wall.

language observation:
doorway near east
dark area near east
southeast corner near southeast
horizontal wall near south and southwest
horizontal closed door near westsouthwest
vertical wall near west
stairs up very near southsoutheast
gold piece very near south
newt very near westsouthwest
horizontal wall adjacent north, northeast, and northwest
tame kitten adjacent south

cursor:
Yourself a tourist
(x=15, y=3)

map:
                                                                                
          ---------                                                             
          |....@...                                                             
          |..:.f..|                                                             
          |....$<..                                                             
          -+-------                                                             
                                                                                
                                                                                
                                                                                
                                                                                
                                                                                
                                                                                
                                                                                
                                                                                
                                                                                
                                                                                
                                                                                
                                                                                
                                                                                
                                                                                
                                                                                
Agent the Rambler              St:11 Dx:9 Co:18 In:13 Wi:8 Ch:16 Neutral S:0    
Dlvl:1 $:708 HP:10(10) Pw:2(2) AC:10 Xp:1/0 T:3                                 

",0.0,False
22,northwest,,"message:
It's a wall.

language observation:
doorway near east
dark area near east
southeast corner near southeast
horizontal wall near south and southwest
horizontal closed door near westsouthwest
vertical wall near west
stairs up very near southsoutheast
gold piece very near south
newt very near westsouthwest
horizontal wall adjacent north, northeast, and northwest
tame kitten adjacent south

cursor:
Yourself a tourist
(x=15, y=3)

map:
                                                                                
          ---------                                                             
          |....@...                                                             
          |..:.f..|                                                             
          |....$<..                                                             
          -+-------                                                             
                                                                                
                                                                                
                                                                                
                                                                                
                                                                                
                                                                                
                                                                                
                                                                                
                                                                                
                                                                                
                                                                                
                                                                                
                                                                                
                                                                                
                                                                                
Agent the Rambler              St:11 Dx:9 Co:18 In:13 Wi:8 Ch:16 Neutral S:0    
Dlvl:1 $:708 HP:10(10) Pw:2(2) AC:10 Xp:1/0 T:3                                 

",0.0,False
23,northwest,,"message:
It's a wall.

language observation:
doorway near east
dark area near east
southeast corner near southeast
horizontal wall near south and southwest
horizontal closed door near westsouthwest
vertical wall near west
stairs up very near southsoutheast
gold piece very near south
newt very near westsouthwest
horizontal wall adjacent north, northeast, and northwest
tame kitten adjacent south

cursor:
Yourself a tourist
(x=15, y=3)

map:
                                                                                
          ---------                                                             
          |....@...                                                             
          |..:.f..|                                                             
          |....$<..                                                             
          -+-------                                                             
                                                                                
                                                                                
                                                                                
                                                                                
                                                                                
                                                                                
                                                                                
                                                                                
                                                                                
                                                                                
                                                                                
                                                                                
                                                                                
                                                                                
                                                                                
Agent the Rambler              St:11 Dx:9 Co:18 In:13 Wi:8 Ch:16 Neutral S:0    
Dlvl:1 $:708 HP:10(10) Pw:2(2) AC:10 Xp:1/0 T:3                                 

",0.0,False
24,northwest,,"message:
It's a wall.

language observation:
doorway near east
dark area near east
southeast corner near southeast
horizontal wall near south and southwest
horizontal closed door near westsouthwest
vertical wall near west
stairs up very near southsoutheast
gold piece very near south
newt very near westsouthwest
horizontal wall adjacent north, northeast, and northwest
tame kitten adjacent south

cursor:
Yourself a tourist
(x=15, y=3)

map:
                                                                                
          ---------                                                             
          |....@...                                                             
          |..:.f..|                                                             
          |....$<..                                                             
          -+-------                                                             
                                                                                
                                                                                
                                                                                
                                                                                
                                                                                
                                                                                
                                                                                
                                                                                
                                                                                
                                                                                
                                                                                
                                                                                
                                                                                
                                                                                
                                                                                
Agent the Rambler              St:11 Dx:9 Co:18 In:13 Wi:8 Ch:16 Neutral S:0    
Dlvl:1 $:708 HP:10(10) Pw:2(2) AC:10 Xp:1/0 T:3                                 

",0.0,False
25,northwest,,"message:
It's a wall.

language observation:
doorway near east
dark area near east
southeast corner near southeast
horizontal wall near south and southwest
horizontal closed door near westsouthwest
vertical wall near west
stairs up very near southsoutheast
gold piece very near south
newt very near westsouthwest
horizontal wall adjacent north, northeast, and northwest
tame kitten adjacent south

cursor:
Yourself a tourist
(x=15, y=3)

map:
                                                                                
          ---------                                                             
          |....@...                                                             
          |..:.f..|                                                             
          |....$<..                                                             
          -+-------                                                             
                                                                                
                                                                                
                                                                                
                                                                                
                                                                                
                                                                                
                                                                                
                                                                                
                                                                                
                                                                                
                                                                                
                                                                                
                                                                                
                                                                                
                                                                                
Agent the Rambler              St:11 Dx:9 Co:18 In:13 Wi:8 Ch:16 Neutral S:0    
Dlvl:1 $:708 HP:10(10) Pw:2(2) AC:10 Xp:1/0 T:3                                 

",0.0,False
26,northwest,,"message:
It's a wall.

language observation:
doorway near east
dark area near east
southeast corner near southeast
horizontal wall near south and southwest
horizontal closed door near westsouthwest
vertical wall near west
stairs up very near southsoutheast
gold piece very near south
newt very near westsouthwest
horizontal wall adjacent north, northeast, and northwest
tame kitten adjacent south

cursor:
Yourself a tourist
(x=15, y=3)

map:
                                                                                
          ---------                                                             
          |....@...                                                             
          |..:.f..|                                                             
          |....$<..                                                             
          -+-------                                                             
                                                                                
                                                                                
                                                                                
                                                                                
                                                                                
                                                                                
                                                                                
                                                                                
                                                                                
                                                                                
                                                                                
                                                                                
                                                                                
                                                                                
                                                                                
Agent the Rambler              St:11 Dx:9 Co:18 In:13 Wi:8 Ch:16 Neutral S:0    
Dlvl:1 $:708 HP:10(10) Pw:2(2) AC:10 Xp:1/0 T:3                                 

",0.0,False
27,northwest,,"message:
It's a wall.

language observation:
doorway near east
dark area near east
southeast corner near southeast
horizontal wall near south and southwest
horizontal closed door near westsouthwest
vertical wall near west
stairs up very near southsoutheast
gold piece very near south
newt very near westsouthwest
horizontal wall adjacent north, northeast, and northwest
tame kitten adjacent south

cursor:
Yourself a tourist
(x=15, y=3)

map:
                                                                                
          ---------                                                             
          |....@...                                                             
          |..:.f..|                                                             
          |....$<..                                                             
          -+-------                                                             
                                                                                
                                                                                
                                                                                
                                                                                
                                                                                
                                                                                
                                                                                
                                                                                
                                                                                
                                                                                
                                                                                
                                                                                
                                                                                
                                                                                
                                                                                
Agent the Rambler              St:11 Dx:9 Co:18 In:13 Wi:8 Ch:16 Neutral S:0    
Dlvl:1 $:708 HP:10(10) Pw:2(2) AC:10 Xp:1/0 T:3                                 

",0.0,False
28,northwest,,"message:
It's a wall.

language observation:
doorway near east
dark area near east
southeast corner near southeast
horizontal wall near south and southwest
horizontal closed door near westsouthwest
vertical wall near west
stairs up very near southsoutheast
gold piece very near south
newt very near westsouthwest
horizontal wall adjacent north, northeast, and northwest
tame kitten adjacent south

cursor:
Yourself a tourist
(x=15, y=3)

map:
                                                                                
          ---------                                                             
          |....@...                                                             
          |..:.f..|                                                             
          |....$<..                                                             
          -+-------                                                             
                                                                                
                                                                                
                                                                                
                                                                                
                                                                                
                                                                                
                                                                                
                                                                                
                                                                                
                                                                                
                                                                                
                                                                                
                                                                                
                                                                                
                                                                                
Agent the Rambler              St:11 Dx:9 Co:18 In:13 Wi:8 Ch:16 Neutral S:0    
Dlvl:1 $:708 HP:10(10) Pw:2(2) AC:10 Xp:1/0 T:3                                 

",0.0,False
29,northwest,,"message:
It's a wall.

language observation:
doorway near east
dark area near east
southeast corner near southeast
horizontal wall near south and southwest
horizontal closed door near westsouthwest
vertical wall near west
stairs up very near southsoutheast
gold piece very near south
newt very near westsouthwest
horizontal wall adjacent north, northeast, and northwest
tame kitten adjacent south

cursor:
Yourself a tourist
(x=15, y=3)

map:
                                                                                
          ---------                                                             
          |....@...                                                             
          |..:.f..|                                                             
          |....$<..                                                             
          -+-------                                                             
                                                                                
                                                                                
                                                                                
                                                                                
                                                                                
                                                                                
                                                                                
                                                                                
                                                                                
                                                                                
                                                                                
                                                                                
                                                                                
                                                                                
                                                                                
Agent the Rambler              St:11 Dx:9 Co:18 In:13 Wi:8 Ch:16 Neutral S:0    
Dlvl:1 $:708 HP:10(10) Pw:2(2) AC:10 Xp:1/0 T:3                                 

",0.0,False
30,northwest,,"message:
It's a wall.

language observation:
doorway near east
dark area near east
southeast corner near southeast
horizontal wall near south and southwest
horizontal closed door near westsouthwest
vertical wall near west
stairs up very near southsoutheast
gold piece very near south
newt very near westsouthwest
horizontal wall adjacent north, northeast, and northwest
tame kitten adjacent south

cursor:
Yourself a tourist
(x=15, y=3)

map:
                                                                                
          ---------                                                             
          |....@...                                                             
          |..:.f..|                                                             
          |....$<..                                                             
          -+-------                                                             
                                                                                
                                                                                
                                                                                
                                                                                
                                                                                
                                                                                
                                                                                
                                                                                
                                                                                
                                                                                
                                                                                
                                                                                
                                                                                
                                                                                
                                                                                
Agent the Rambler              St:11 Dx:9 Co:18 In:13 Wi:8 Ch:16 Neutral S:0    
Dlvl:1 $:708 HP:10(10) Pw:2(2) AC:10 Xp:1/0 T:3                                 

",0.0,False
31,northwest,,"message:
It's a wall.

language observation:
doorway near east
dark area near east
southeast corner near southeast
horizontal wall near south and southwest
horizontal closed door near westsouthwest
vertical wall near west
stairs up very near southsoutheast
gold piece very near south
newt very near westsouthwest
horizontal wall adjacent north, northeast, and northwest
tame kitten adjacent south

cursor:
Yourself a tourist
(x=15, y=3)

map:
                                                                                
          ---------                                                             
          |....@...                                                             
          |..:.f..|                                                             
          |....$<..                                                             
          -+-------                                                             
                                                                                
                                                                                
                                                                                
                                                                                
                                                                                
                                                                                
                                                                                
                                                                                
                                                                                
                                                                                
                                                                                
                                                                                
                                                                                
                                                                                
                                                                                
Agent the Rambler              St:11 Dx:9 Co:18 In:13 Wi:8 Ch:16 Neutral S:0    
Dlvl:1 $:708 HP:10(10) Pw:2(2) AC:10 Xp:1/0 T:3                                 

",0.0,False
32,northwest,,"message:
It's a wall.

language observation:
doorway near east
dark area near east
southeast corner near southeast
horizontal wall near south and southwest
horizontal closed door near westsouthwest
vertical wall near west
stairs up very near southsoutheast
gold piece very near south
newt very near westsouthwest
horizontal wall adjacent north, northeast, and northwest
tame kitten adjacent south

cursor:
Yourself a tourist
(x=15, y=3)

map:
                                                                                
          ---------                                                             
          |....@...                                                             
          |..:.f..|                                                             
          |....$<..                                                             
          -+-------                                                             
                                                                                
                                                                                
                                                                                
                                                                                
                                                                                
                                                                                
                                                                                
                                                                                
                                                                                
                                                                                
                                                                                
                                                                                
                                                                                
                                                                                
                                                                                
Agent the Rambler              St:11 Dx:9 Co:18 In:13 Wi:8 Ch:16 Neutral S:0    
Dlvl:1 $:708 HP:10(10) Pw:2(2) AC:10 Xp:1/0 T:3                                 

",0.0,False
33,northwest,,"message:
It's a wall.

language observation:
doorway near east
dark area near east
southeast corner near southeast
horizontal wall near south and southwest
horizontal closed door near westsouthwest
vertical wall near west
stairs up very near southsoutheast
gold piece very near south
newt very near westsouthwest
horizontal wall adjacent north, northeast, and northwest
tame kitten adjacent south

cursor:
Yourself a tourist
(x=15, y=3)

map:
                                                                                
          ---------                                                             
          |....@...                                                             
          |..:.f..|                                                             
          |....$<..                                                             
          -+-------                                                             
                                                                                
                                                                                
                                                                                
                                                                                
                                                                                
                                                                                
                                                                                
                                                                                
                                                                                
                                                                                
                                                                                
                                                                                
                                                                                
                                                                                
                                                                                
Agent the Rambler              St:11 Dx:9 Co:18 In:13 Wi:8 Ch:16 Neutral S:0    
Dlvl:1 $:708 HP:10(10) Pw:2(2) AC:10 Xp:1/0 T:3                                 

",0.0,False
34,northwest,,"message:
It's a wall.

language observation:
doorway near east
dark area near east
southeast corner near southeast
horizontal wall near south and southwest
horizontal closed door near westsouthwest
vertical wall near west
stairs up very near southsoutheast
gold piece very near south
newt very near westsouthwest
horizontal wall adjacent north, northeast, and northwest
tame kitten adjacent south

cursor:
Yourself a tourist
(x=15, y=3)

map:
                                                                                
          ---------                                                             
          |....@...                                                             
          |..:.f..|                                                             
          |....$<..                                                             
          -+-------                                                             
                                                                                
                                                                                
                                                                                
                                                                                
                                                                                
                                                                                
                                                                                
                                                                                
                                                                                
                                                                                
                                                                                
                                                                                
                                                                                
                                                                                
                                                                                
Agent the Rambler              St:11 Dx:9 Co:18 In:13 Wi:8 Ch:16 Neutral S:0    
Dlvl:1 $:708 HP:10(10) Pw:2(2) AC:10 Xp:1/0 T:3                                 

",0.0,False
35,more,,"message:
Unknown command '^M'.

language observation:
doorway near east
dark area near east
southeast corner near southeast
horizontal wall near south and southwest
horizontal closed door near westsouthwest
vertical wall near west
stairs up very near southsoutheast
gold piece very near south
newt very near westsouthwest
horizontal wall adjacent north, northeast, and northwest
tame kitten adjacent south

cursor:
Yourself a tourist
(x=15, y=3)

map:
                                                                                
          ---------                                                             
          |....@...                                                             
          |..:.f..|                                                             
          |....$<..                                                             
          -+-------                                                             
                                                                                
                                                                                
                                                                                
                                                                                
                                                                                
                                                                                
                                                                                
                                                                                
                                                                                
                                                                                
                                                                                
                                                                                
                                                                                
                                                                                
                                                                                
Agent the Rambler              St:11 Dx:9 Co:18 In:13 Wi:8 Ch:16 Neutral S:0    
Dlvl:1 $:708 HP:10(10) Pw:2(2) AC:10 Xp:1/0 T:3                                 

",0.0,False
36,more,,"message:


language observation:
doorway near east
dark area near east
southeast corner near southeast
horizontal wall near south and southwest
horizontal closed door near westsouthwest
vertical wall near west
stairs up very near southsoutheast
gold piece very near south
newt very near westsouthwest
horizontal wall adjacent north, northeast, and northwest
tame kitten adjacent south

cursor:
Yourself a tourist
(x=15, y=3)

map:
                                                                                
          ---------                                                             
          |....@...                                                             
          |..:.f..|                                                             
          |....$<..                                                             
          -+-------                                                             
                                                                                
                                                                                
                                                                                
                                                                                
                                                                                
                                                                                
                                                                                
                                                                                
                                                                                
                                                                                
                                                                                
                                                                                
                                                                                
                                                                                
                                                                                
Agent the Rambler              St:11 Dx:9 Co:18 In:13 Wi:8 Ch:16 Neutral S:0    
Dlvl:1 $:708 HP:10(10) Pw:2(2) AC:10 Xp:1/0 T:3                                 

",0.0,False
37,northwest,,"message:
It's a wall.

language observation:
doorway near east
dark area near east
southeast corner near southeast
horizontal wall near south and southwest
horizontal closed door near westsouthwest
vertical wall near west
stairs up very near southsoutheast
gold piece very near south
newt very near westsouthwest
horizontal wall adjacent north, northeast, and northwest
tame kitten adjacent south

cursor:
Yourself a tourist
(x=15, y=3)

map:
                                                                                
          ---------                                                             
          |....@...                                                             
          |..:.f..|                                                             
          |....$<..                                                             
          -+-------                                                             
                                                                                
                                                                                
                                                                                
                                                                                
                                                                                
                                                                                
                                                                                
                                                                                
                                                                                
                                                                                
                                                                                
                                                                                
                                                                                
                                                                                
                                                                                
Agent the Rambler              St:11 Dx:9 Co:18 In:13 Wi:8 Ch:16 Neutral S:0    
Dlvl:1 $:708 HP:10(10) Pw:2(2) AC:10 Xp:1/0 T:3                                 

",0.0,False
38,northwest,,"message:
It's a wall.

language observation:
doorway near east
dark area near east
southeast corner near southeast
horizontal wall near south and southwest
horizontal closed door near westsouthwest
vertical wall near west
stairs up very near southsoutheast
gold piece very near south
newt very near westsouthwest
horizontal wall adjacent north, northeast, and northwest
tame kitten adjacent south

cursor:
Yourself a tourist
(x=15, y=3)

map:
                                                                                
          ---------                                                             
          |....@...                                                             
          |..:.f..|                                                             
          |....$<..                                                             
          -+-------                                                             
                                                                                
                                                                                
                                                                                
                                                                                
                                                                                
                                                                                
                                                                                
                                                                                
                                                                                
                                                                                
                                                                                
                                                                                
                                                                                
                                                                                
                                                                                
Agent the Rambler              St:11 Dx:9 Co:18 In:13 Wi:8 Ch:16 Neutral S:0    
Dlvl:1 $:708 HP:10(10) Pw:2(2) AC:10 Xp:1/0 T:3                                 

",0.0,False
39,northwest,,"message:
It's a wall.

language observation:
doorway near east
dark area near east
southeast corner near southeast
horizontal wall near south and southwest
horizontal closed door near westsouthwest
vertical wall near west
stairs up very near southsoutheast
gold piece very near south
newt very near westsouthwest
horizontal wall adjacent north, northeast, and northwest
tame kitten adjacent south

cursor:
Yourself a tourist
(x=15, y=3)

map:
                                                                                
          ---------                                                             
          |....@...                                                             
          |..:.f..|                                                             
          |....$<..                                                             
          -+-------                                                             
                                                                                
                                                                                
                                                                                
                                                                                
                                                                                
                                                                                
                                                                                
                                                                                
                                                                                
                                                                                
                                                                                
                                                                                
                                                                                
                                                                                
                                                                                
Agent the Rambler              St:11 Dx:9 Co:18 In:13 Wi:8 Ch:16 Neutral S:0    
Dlvl:1 $:708 HP:10(10) Pw:2(2) AC:10 Xp:1/0 T:3                                 

",0.0,False
40,northwest,,"message:
It's a wall.

language observation:
doorway near east
dark area near east
southeast corner near southeast
horizontal wall near south and southwest
horizontal closed door near westsouthwest
vertical wall near west
stairs up very near southsoutheast
gold piece very near south
newt very near westsouthwest
horizontal wall adjacent north, northeast, and northwest
tame kitten adjacent south

cursor:
Yourself a tourist
(x=15, y=3)

map:
                                                                                
          ---------                                                             
          |....@...                                                             
          |..:.f..|                                                             
          |....$<..                                                             
          -+-------                                                             
                                                                                
                                                                                
                                                                                
                                                                                
                                                                                
                                                                                
                                                                                
                                                                                
                                                                                
                                                                                
                                                                                
                                                                                
                                                                                
                                                                                
                                                                                
Agent the Rambler              St:11 Dx:9 Co:18 In:13 Wi:8 Ch:16 Neutral S:0    
Dlvl:1 $:708 HP:10(10) Pw:2(2) AC:10 Xp:1/0 T:3                                 

",0.0,False
41,northwest,,"message:
It's a wall.

language observation:
doorway near east
dark area near east
southeast corner near southeast
horizontal wall near south and southwest
horizontal closed door near westsouthwest
vertical wall near west
stairs up very near southsoutheast
gold piece very near south
newt very near westsouthwest
horizontal wall adjacent north, northeast, and northwest
tame kitten adjacent south

cursor:
Yourself a tourist
(x=15, y=3)

map:
                                                                                
          ---------                                                             
          |....@...                                                             
          |..:.f..|                                                             
          |....$<..                                                             
          -+-------                                                             
                                                                                
                                                                                
                                                                                
                                                                                
                                                                                
                                                                                
                                                                                
                                                                                
                                                                                
                                                                                
                                                                                
                                                                                
                                                                                
                                                                                
                                                                                
Agent the Rambler              St:11 Dx:9 Co:18 In:13 Wi:8 Ch:16 Neutral S:0    
Dlvl:1 $:708 HP:10(10) Pw:2(2) AC:10 Xp:1/0 T:3                                 

",0.0,False
42,northwest,,"message:
It's a wall.

language observation:
doorway near east
dark area near east
southeast corner near southeast
horizontal wall near south and southwest
horizontal closed door near westsouthwest
vertical wall near west
stairs up very near southsoutheast
gold piece very near south
newt very near westsouthwest
horizontal wall adjacent north, northeast, and northwest
tame kitten adjacent south

cursor:
Yourself a tourist
(x=15, y=3)

map:
                                                                                
          ---------                                                             
          |....@...                                                             
          |..:.f..|                                                             
          |....$<..                                                             
          -+-------                                                             
                                                                                
                                                                                
                                                                                
                                                                                
                                                                                
                                                                                
                                                                                
                                                                                
                                                                                
                                                                                
                                                                                
                                                                                
                                                                                
                                                                                
                                                                                
Agent the Rambler              St:11 Dx:9 Co:18 In:13 Wi:8 Ch:16 Neutral S:0    
Dlvl:1 $:708 HP:10(10) Pw:2(2) AC:10 Xp:1/0 T:3                                 

",0.0,False
43,more,,"message:
Unknown command '^M'.

language observation:
doorway near east
dark area near east
southeast corner near southeast
horizontal wall near south and southwest
horizontal closed door near westsouthwest
vertical wall near west
stairs up very near southsoutheast
gold piece very near south
newt very near westsouthwest
horizontal wall adjacent north, northeast, and northwest
tame kitten adjacent south

cursor:
Yourself a tourist
(x=15, y=3)

map:
                                                                                
          ---------                                                             
          |....@...                                                             
          |..:.f..|                                                             
          |....$<..                                                             
          -+-------                                                             
                                                                                
                                                                                
                                                                                
                                                                                
                                                                                
                                                                                
                                                                                
                                                                                
                                                                                
                                                                                
                                                                                
                                                                                
                                                                                
                                                                                
                                                                                
Agent the Rambler              St:11 Dx:9 Co:18 In:13 Wi:8 Ch:16 Neutral S:0    
Dlvl:1 $:708 HP:10(10) Pw:2(2) AC:10 Xp:1/0 T:3                                 

",0.0,False
44,northwest,,"message:
It's a wall.

language observation:
doorway near east
dark area near east
southeast corner near southeast
horizontal wall near south and southwest
horizontal closed door near westsouthwest
vertical wall near west
stairs up very near southsoutheast
gold piece very near south
newt very near westsouthwest
horizontal wall adjacent north, northeast, and northwest
tame kitten adjacent south

cursor:
Yourself a tourist
(x=15, y=3)

map:
                                                                                
          ---------                                                             
          |....@...                                                             
          |..:.f..|                                                             
          |....$<..                                                             
          -+-------                                                             
                                                                                
                                                                                
                                                                                
                                                                                
                                                                                
                                                                                
                                                                                
                                                                                
                                                                                
                                                                                
                                                                                
                                                                                
                                                                                
                                                                                
                                                                                
Agent the Rambler              St:11 Dx:9 Co:18 In:13 Wi:8 Ch:16 Neutral S:0    
Dlvl:1 $:708 HP:10(10) Pw:2(2) AC:10 Xp:1/0 T:3                                 

",0.0,False
45,northwest,,"message:
It's a wall.

language observation:
doorway near east
dark area near east
southeast corner near southeast
horizontal wall near south and southwest
horizontal closed door near westsouthwest
vertical wall near west
stairs up very near southsoutheast
gold piece very near south
newt very near westsouthwest
horizontal wall adjacent north, northeast, and northwest
tame kitten adjacent south

cursor:
Yourself a tourist
(x=15, y=3)

map:
                                                                                
          ---------                                                             
          |....@...                                                             
          |..:.f..|                                                             
          |....$<..                                                             
          -+-------                                                             
                                                                                
                                                                                
                                                                                
                                                                                
                                                                                
                                                                                
                                                                                
                                                                                
                                                                                
                                                                                
                                                                                
                                                                                
                                                                                
                                                                                
                                                                                
Agent the Rambler              St:11 Dx:9 Co:18 In:13 Wi:8 Ch:16 Neutral S:0    
Dlvl:1 $:708 HP:10(10) Pw:2(2) AC:10 Xp:1/0 T:3                                 

",0.0,False
46,northwest,,"message:
It's a wall.

language observation:
doorway near east
dark area near east
southeast corner near southeast
horizontal wall near south and southwest
horizontal closed door near westsouthwest
vertical wall near west
stairs up very near southsoutheast
gold piece very near south
newt very near westsouthwest
horizontal wall adjacent north, northeast, and northwest
tame kitten adjacent south

cursor:
Yourself a tourist
(x=15, y=3)

map:
                                                                                
          ---------                                                             
          |....@...                                                             
          |..:.f..|                                                             
          |....$<..                                                             
          -+-------                                                             
                                                                                
                                                                                
                                                                                
                                                                                
                                                                                
                                                                                
                                                                                
                                                                                
                                                                                
                                                                                
                                                                                
                                                                                
                                                                                
                                                                                
                                                                                
Agent the Rambler              St:11 Dx:9 Co:18 In:13 Wi:8 Ch:16 Neutral S:0    
Dlvl:1 $:708 HP:10(10) Pw:2(2) AC:10 Xp:1/0 T:3                                 

",0.0,False
47,northwest,,"message:
It's a wall.

language observation:
doorway near east
dark area near east
southeast corner near southeast
horizontal wall near south and southwest
horizontal closed door near westsouthwest
vertical wall near west
stairs up very near southsoutheast
gold piece very near south
newt very near westsouthwest
horizontal wall adjacent north, northeast, and northwest
tame kitten adjacent south

cursor:
Yourself a tourist
(x=15, y=3)

map:
                                                                                
          ---------                                                             
          |....@...                                                             
          |..:.f..|                                                             
          |....$<..                                                             
          -+-------                                                             
                                                                                
                                                                                
                                                                                
                                                                                
                                                                                
                                                                                
                                                                                
                                                                                
                                                                                
                                                                                
                                                                                
                                                                                
                                                                                
                                                                                
                                                                                
Agent the Rambler              St:11 Dx:9 Co:18 In:13 Wi:8 Ch:16 Neutral S:0    
Dlvl:1 $:708 HP:10(10) Pw:2(2) AC:10 Xp:1/0 T:3                                 

",0.0,False
48,northwest,,"message:
It's a wall.

language observation:
doorway near east
dark area near east
southeast corner near southeast
horizontal wall near south and southwest
horizontal closed door near westsouthwest
vertical wall near west
stairs up very near southsoutheast
gold piece very near south
newt very near westsouthwest
horizontal wall adjacent north, northeast, and northwest
tame kitten adjacent south

cursor:
Yourself a tourist
(x=15, y=3)

map:
                                                                                
          ---------                                                             
          |....@...                                                             
          |..:.f..|                                                             
          |....$<..                                                             
          -+-------                                                             
                                                                                
                                                                                
                                                                                
                                                                                
                                                                                
                                                                                
                                                                                
                                                                                
                                                                                
                                                                                
                                                                                
                                                                                
                                                                                
                                                                                
                                                                                
Agent the Rambler              St:11 Dx:9 Co:18 In:13 Wi:8 Ch:16 Neutral S:0    
Dlvl:1 $:708 HP:10(10) Pw:2(2) AC:10 Xp:1/0 T:3                                 

",0.0,False
49,northwest,,"message:
It's a wall.

language observation:
doorway near east
dark area near east
southeast corner near southeast
horizontal wall near south and southwest
horizontal closed door near westsouthwest
vertical wall near west
stairs up very near southsoutheast
gold piece very near south
newt very near westsouthwest
horizontal wall adjacent north, northeast, and northwest
tame kitten adjacent south

cursor:
Yourself a tourist
(x=15, y=3)

map:
                                                                                
          ---------                                                             
          |....@...                                                             
          |..:.f..|                                                             
          |....$<..                                                             
          -+-------                                                             
                                                                                
                                                                                
                                                                                
                                                                                
                                                                                
                                                                                
                                                                                
                                                                                
                                                                                
                                                                                
                                                                                
                                                                                
                                                                                
                                                                                
                                                                                
Agent the Rambler              St:11 Dx:9 Co:18 In:13 Wi:8 Ch:16 Neutral S:0    
Dlvl:1 $:708 HP:10(10) Pw:2(2) AC:10 Xp:1/0 T:3                                 

",0.0,False
50,northwest,,"message:
It's a wall.

language observation:
doorway near east
dark area near east
southeast corner near southeast
horizontal wall near south and southwest
horizontal closed door near westsouthwest
vertical wall near west
stairs up very near southsoutheast
gold piece very near south
newt very near westsouthwest
horizontal wall adjacent north, northeast, and northwest
tame kitten adjacent south

cursor:
Yourself a tourist
(x=15, y=3)

map:
                                                                                
          ---------                                                             
          |....@...                                                             
          |..:.f..|                                                             
          |....$<..                                                             
          -+-------                                                             
                                                                                
                                                                                
                                                                                
                                                                                
                                                                                
                                                                                
                                                                                
                                                                                
                                                                                
                                                                                
                                                                                
                                                                                
                                                                                
                                                                                
                                                                                
Agent the Rambler              St:11 Dx:9 Co:18 In:13 Wi:8 Ch:16 Neutral S:0    
Dlvl:1 $:708 HP:10(10) Pw:2(2) AC:10 Xp:1/0 T:3                                 

",0.0,False
51,more,,"message:
Unknown command '^M'.

language observation:
doorway near east
dark area near east
southeast corner near southeast
horizontal wall near south and southwest
horizontal closed door near westsouthwest
vertical wall near west
stairs up very near southsoutheast
gold piece very near south
newt very near westsouthwest
horizontal wall adjacent north, northeast, and northwest
tame kitten adjacent south

cursor:
Yourself a tourist
(x=15, y=3)

map:
                                                                                
          ---------                                                             
          |....@...                                                             
          |..:.f..|                                                             
          |....$<..                                                             
          -+-------                                                             
                                                                                
                                                                                
                                                                                
                                                                                
                                                                                
                                                                                
                                                                                
                                                                                
                                                                                
                                                                                
                                                                                
                                                                                
                                                                                
                                                                                
                                                                                
Agent the Rambler              St:11 Dx:9 Co:18 In:13 Wi:8 Ch:16 Neutral S:0    
Dlvl:1 $:708 HP:10(10) Pw:2(2) AC:10 Xp:1/0 T:3                                 

",0.0,False
52,northwest,,"message:
It's a wall.

language observation:
doorway near east
dark area near east
southeast corner near southeast
horizontal wall near south and southwest
horizontal closed door near westsouthwest
vertical wall near west
stairs up very near southsoutheast
gold piece very near south
newt very near westsouthwest
horizontal wall adjacent north, northeast, and northwest
tame kitten adjacent south

cursor:
Yourself a tourist
(x=15, y=3)

map:
                                                                                
          ---------                                                             
          |....@...                                                             
          |..:.f..|                                                             
          |....$<..                                                             
          -+-------                                                             
                                                                                
                                                                                
                                                                                
                                                                                
                                                                                
                                                                                
                                                                                
                                                                                
                                                                                
                                                                                
                                                                                
                                                                                
                                                                                
                                                                                
                                                                                
Agent the Rambler              St:11 Dx:9 Co:18 In:13 Wi:8 Ch:16 Neutral S:0    
Dlvl:1 $:708 HP:10(10) Pw:2(2) AC:10 Xp:1/0 T:3                                 

",0.0,False
53,northwest,,"message:
It's a wall.

language observation:
doorway near east
dark area near east
southeast corner near southeast
horizontal wall near south and southwest
horizontal closed door near westsouthwest
vertical wall near west
stairs up very near southsoutheast
gold piece very near south
newt very near westsouthwest
horizontal wall adjacent north, northeast, and northwest
tame kitten adjacent south

cursor:
Yourself a tourist
(x=15, y=3)

map:
                                                                                
          ---------                                                             
          |....@...                                                             
          |..:.f..|                                                             
          |....$<..                                                             
          -+-------                                                             
                                                                                
                                                                                
                                                                                
                                                                                
                                                                                
                                                                                
                                                                                
                                                                                
                                                                                
                                                                                
                                                                                
                                                                                
                                                                                
                                                                                
                                                                                
Agent the Rambler              St:11 Dx:9 Co:18 In:13 Wi:8 Ch:16 Neutral S:0    
Dlvl:1 $:708 HP:10(10) Pw:2(2) AC:10 Xp:1/0 T:3                                 

",0.0,False
54,northwest,,"message:
It's a wall.

language observation:
doorway near east
dark area near east
southeast corner near southeast
horizontal wall near south and southwest
horizontal closed door near westsouthwest
vertical wall near west
stairs up very near southsoutheast
gold piece very near south
newt very near westsouthwest
horizontal wall adjacent north, northeast, and northwest
tame kitten adjacent south

cursor:
Yourself a tourist
(x=15, y=3)

map:
                                                                                
          ---------                                                             
          |....@...                                                             
          |..:.f..|                                                             
          |....$<..                                                             
          -+-------                                                             
                                                                                
                                                                                
                                                                                
                                                                                
                                                                                
                                                                                
                                                                                
                                                                                
                                                                                
                                                                                
                                                                                
                                                                                
                                                                                
                                                                                
                                                                                
Agent the Rambler              St:11 Dx:9 Co:18 In:13 Wi:8 Ch:16 Neutral S:0    
Dlvl:1 $:708 HP:10(10) Pw:2(2) AC:10 Xp:1/0 T:3                                 

",0.0,False
55,northwest,,"message:
It's a wall.

language observation:
doorway near east
dark area near east
southeast corner near southeast
horizontal wall near south and southwest
horizontal closed door near westsouthwest
vertical wall near west
stairs up very near southsoutheast
gold piece very near south
newt very near westsouthwest
horizontal wall adjacent north, northeast, and northwest
tame kitten adjacent south

cursor:
Yourself a tourist
(x=15, y=3)

map:
                                                                                
          ---------                                                             
          |....@...                                                             
          |..:.f..|                                                             
          |....$<..                                                             
          -+-------                                                             
                                                                                
                                                                                
                                                                                
                                                                                
                                                                                
                                                                                
                                                                                
                                                                                
                                                                                
                                                                                
                                                                                
                                                                                
                                                                                
                                                                                
                                                                                
Agent the Rambler              St:11 Dx:9 Co:18 In:13 Wi:8 Ch:16 Neutral S:0    
Dlvl:1 $:708 HP:10(10) Pw:2(2) AC:10 Xp:1/0 T:3                                 

",0.0,False
56,northwest,,"message:
It's a wall.

language observation:
doorway near east
dark area near east
southeast corner near southeast
horizontal wall near south and southwest
horizontal closed door near westsouthwest
vertical wall near west
stairs up very near southsoutheast
gold piece very near south
newt very near westsouthwest
horizontal wall adjacent north, northeast, and northwest
tame kitten adjacent south

cursor:
Yourself a tourist
(x=15, y=3)

map:
                                                                                
          ---------                                                             
          |....@...                                                             
          |..:.f..|                                                             
          |....$<..                                                             
          -+-------                                                             
                                                                                
                                                                                
                                                                                
                                                                                
                                                                                
                                                                                
                                                                                
                                                                                
                                                                                
                                                                                
                                                                                
                                                                                
                                                                                
                                                                                
                                                                                
Agent the Rambler              St:11 Dx:9 Co:18 In:13 Wi:8 Ch:16 Neutral S:0    
Dlvl:1 $:708 HP:10(10) Pw:2(2) AC:10 Xp:1/0 T:3                                 

",0.0,False
57,northwest,,"message:
It's a wall.

language observation:
doorway near east
dark area near east
southeast corner near southeast
horizontal wall near south and southwest
horizontal closed door near westsouthwest
vertical wall near west
stairs up very near southsoutheast
gold piece very near south
newt very near westsouthwest
horizontal wall adjacent north, northeast, and northwest
tame kitten adjacent south

cursor:
Yourself a tourist
(x=15, y=3)

map:
                                                                                
          ---------                                                             
          |....@...                                                             
          |..:.f..|                                                             
          |....$<..                                                             
          -+-------                                                             
                                                                                
                                                                                
                                                                                
                                                                                
                                                                                
                                                                                
                                                                                
                                                                                
                                                                                
                                                                                
                                                                                
                                                                                
                                                                                
                                                                                
                                                                                
Agent the Rambler              St:11 Dx:9 Co:18 In:13 Wi:8 Ch:16 Neutral S:0    
Dlvl:1 $:708 HP:10(10) Pw:2(2) AC:10 Xp:1/0 T:3                                 

",0.0,False
58,northwest,,"message:
It's a wall.

language observation:
doorway near east
dark area near east
southeast corner near southeast
horizontal wall near south and southwest
horizontal closed door near westsouthwest
vertical wall near west
stairs up very near southsoutheast
gold piece very near south
newt very near westsouthwest
horizontal wall adjacent north, northeast, and northwest
tame kitten adjacent south

cursor:
Yourself a tourist
(x=15, y=3)

map:
                                                                                
          ---------                                                             
          |....@...                                                             
          |..:.f..|                                                             
          |....$<..                                                             
          -+-------                                                             
                                                                                
                                                                                
                                                                                
                                                                                
                                                                                
                                                                                
                                                                                
                                                                                
                                                                                
                                                                                
                                                                                
                                                                                
                                                                                
                                                                                
                                                                                
Agent the Rambler              St:11 Dx:9 Co:18 In:13 Wi:8 Ch:16 Neutral S:0    
Dlvl:1 $:708 HP:10(10) Pw:2(2) AC:10 Xp:1/0 T:3                                 

",0.0,False
59,more,,"message:
Unknown command '^M'.

language observation:
doorway near east
dark area near east
southeast corner near southeast
horizontal wall near south and southwest
horizontal closed door near westsouthwest
vertical wall near west
stairs up very near southsoutheast
gold piece very near south
newt very near westsouthwest
horizontal wall adjacent north, northeast, and northwest
tame kitten adjacent south

cursor:
Yourself a tourist
(x=15, y=3)

map:
                                                                                
          ---------                                                             
          |....@...                                                             
          |..:.f..|                                                             
          |....$<..                                                             
          -+-------                                                             
                                                                                
                                                                                
                                                                                
                                                                                
                                                                                
                                                                                
                                                                                
                                                                                
                                                                                
                                                                                
                                                                                
                                                                                
                                                                                
                                                                                
                                                                                
Agent the Rambler              St:11 Dx:9 Co:18 In:13 Wi:8 Ch:16 Neutral S:0    
Dlvl:1 $:708 HP:10(10) Pw:2(2) AC:10 Xp:1/0 T:3                                 

",0.0,False
60,northwest,,"message:
It's a wall.

language observation:
doorway near east
dark area near east
southeast corner near southeast
horizontal wall near south and southwest
horizontal closed door near westsouthwest
vertical wall near west
stairs up very near southsoutheast
gold piece very near south
newt very near westsouthwest
horizontal wall adjacent north, northeast, and northwest
tame kitten adjacent south

cursor:
Yourself a tourist
(x=15, y=3)

map:
                                                                                
          ---------                                                             
          |....@...                                                             
          |..:.f..|                                                             
          |....$<..                                                             
          -+-------                                                             
                                                                                
                                                                                
                                                                                
                                                                                
                                                                                
                                                                                
                                                                                
                                                                                
                                                                                
                                                                                
                                                                                
                                                                                
                                                                                
                                                                                
                                                                                
Agent the Rambler              St:11 Dx:9 Co:18 In:13 Wi:8 Ch:16 Neutral S:0    
Dlvl:1 $:708 HP:10(10) Pw:2(2) AC:10 Xp:1/0 T:3                                 

",0.0,False
61,northwest,,"message:
It's a wall.

language observation:
doorway near east
dark area near east
southeast corner near southeast
horizontal wall near south and southwest
horizontal closed door near westsouthwest
vertical wall near west
stairs up very near southsoutheast
gold piece very near south
newt very near westsouthwest
horizontal wall adjacent north, northeast, and northwest
tame kitten adjacent south

cursor:
Yourself a tourist
(x=15, y=3)

map:
                                                                                
          ---------                                                             
          |....@...                                                             
          |..:.f..|                                                             
          |....$<..                                                             
          -+-------                                                             
                                                                                
                                                                                
                                                                                
                                                                                
                                                                                
                                                                                
                                                                                
                                                                                
                                                                                
                                                                                
                                                                                
                                                                                
                                                                                
                                                                                
                                                                                
Agent the Rambler              St:11 Dx:9 Co:18 In:13 Wi:8 Ch:16 Neutral S:0    
Dlvl:1 $:708 HP:10(10) Pw:2(2) AC:10 Xp:1/0 T:3                                 

",0.0,False
62,northwest,,"message:
It's a wall.

language observation:
doorway near east
dark area near east
southeast corner near southeast
horizontal wall near south and southwest
horizontal closed door near westsouthwest
vertical wall near west
stairs up very near southsoutheast
gold piece very near south
newt very near westsouthwest
horizontal wall adjacent north, northeast, and northwest
tame kitten adjacent south

cursor:
Yourself a tourist
(x=15, y=3)

map:
                                                                                
          ---------                                                             
          |....@...                                                             
          |..:.f..|                                                             
          |....$<..                                                             
          -+-------                                                             
                                                                                
                                                                                
                                                                                
                                                                                
                                                                                
                                                                                
                                                                                
                                                                                
                                                                                
                                                                                
                                                                                
                                                                                
                                                                                
                                                                                
                                                                                
Agent the Rambler              St:11 Dx:9 Co:18 In:13 Wi:8 Ch:16 Neutral S:0    
Dlvl:1 $:708 HP:10(10) Pw:2(2) AC:10 Xp:1/0 T:3                                 

",0.0,False
63,northwest,,"message:
It's a wall.

language observation:
doorway near east
dark area near east
southeast corner near southeast
horizontal wall near south and southwest
horizontal closed door near westsouthwest
vertical wall near west
stairs up very near southsoutheast
gold piece very near south
newt very near westsouthwest
horizontal wall adjacent north, northeast, and northwest
tame kitten adjacent south

cursor:
Yourself a tourist
(x=15, y=3)

map:
                                                                                
          ---------                                                             
          |....@...                                                             
          |..:.f..|                                                             
          |....$<..                                                             
          -+-------                                                             
                                                                                
                                                                                
                                                                                
                                                                                
                                                                                
                                                                                
                                                                                
                                                                                
                                                                                
                                                                                
                                                                                
                                                                                
                                                                                
                                                                                
                                                                                
Agent the Rambler              St:11 Dx:9 Co:18 In:13 Wi:8 Ch:16 Neutral S:0    
Dlvl:1 $:708 HP:10(10) Pw:2(2) AC:10 Xp:1/0 T:3                                 

",0.0,False
64,northwest,,"message:
It's a wall.

language observation:
doorway near east
dark area near east
southeast corner near southeast
horizontal wall near south and southwest
horizontal closed door near westsouthwest
vertical wall near west
stairs up very near southsoutheast
gold piece very near south
newt very near westsouthwest
horizontal wall adjacent north, northeast, and northwest
tame kitten adjacent south

cursor:
Yourself a tourist
(x=15, y=3)

map:
                                                                                
          ---------                                                             
          |....@...                                                             
          |..:.f..|                                                             
          |....$<..                                                             
          -+-------                                                             
                                                                                
                                                                                
                                                                                
                                                                                
                                                                                
                                                                                
                                                                                
                                                                                
                                                                                
                                                                                
                                                                                
                                                                                
                                                                                
                                                                                
                                                                                
Agent the Rambler              St:11 Dx:9 Co:18 In:13 Wi:8 Ch:16 Neutral S:0    
Dlvl:1 $:708 HP:10(10) Pw:2(2) AC:10 Xp:1/0 T:3                                 

",0.0,False
65,northwest,,"message:
It's a wall.

language observation:
doorway near east
dark area near east
southeast corner near southeast
horizontal wall near south and southwest
horizontal closed door near westsouthwest
vertical wall near west
stairs up very near southsoutheast
gold piece very near south
newt very near westsouthwest
horizontal wall adjacent north, northeast, and northwest
tame kitten adjacent south

cursor:
Yourself a tourist
(x=15, y=3)

map:
                                                                                
          ---------                                                             
          |....@...                                                             
          |..:.f..|                                                             
          |....$<..                                                             
          -+-------                                                             
                                                                                
                                                                                
                                                                                
                                                                                
                                                                                
                                                                                
                                                                                
                                                                                
                                                                                
                                                                                
                                                                                
                                                                                
                                                                                
                                                                                
                                                                                
Agent the Rambler              St:11 Dx:9 Co:18 In:13 Wi:8 Ch:16 Neutral S:0    
Dlvl:1 $:708 HP:10(10) Pw:2(2) AC:10 Xp:1/0 T:3                                 

",0.0,False
66,northwest,,"message:
It's a wall.

language observation:
doorway near east
dark area near east
southeast corner near southeast
horizontal wall near south and southwest
horizontal closed door near westsouthwest
vertical wall near west
stairs up very near southsoutheast
gold piece very near south
newt very near westsouthwest
horizontal wall adjacent north, northeast, and northwest
tame kitten adjacent south

cursor:
Yourself a tourist
(x=15, y=3)

map:
                                                                                
          ---------                                                             
          |....@...                                                             
          |..:.f..|                                                             
          |....$<..                                                             
          -+-------                                                             
                                                                                
                                                                                
                                                                                
                                                                                
                                                                                
                                                                                
                                                                                
                                                                                
                                                                                
                                                                                
                                                                                
                                                                                
                                                                                
                                                                                
                                                                                
Agent the Rambler              St:11 Dx:9 Co:18 In:13 Wi:8 Ch:16 Neutral S:0    
Dlvl:1 $:708 HP:10(10) Pw:2(2) AC:10 Xp:1/0 T:3                                 

",0.0,False
67,northwest,,"message:
It's a wall.

language observation:
doorway near east
dark area near east
southeast corner near southeast
horizontal wall near south and southwest
horizontal closed door near westsouthwest
vertical wall near west
stairs up very near southsoutheast
gold piece very near south
newt very near westsouthwest
horizontal wall adjacent north, northeast, and northwest
tame kitten adjacent south

cursor:
Yourself a tourist
(x=15, y=3)

map:
                                                                                
          ---------                                                             
          |....@...                                                             
          |..:.f..|                                                             
          |....$<..                                                             
          -+-------                                                             
                                                                                
                                                                                
                                                                                
                                                                                
                                                                                
                                                                                
                                                                                
                                                                                
                                                                                
                                                                                
                                                                                
                                                                                
                                                                                
                                                                                
                                                                                
Agent the Rambler              St:11 Dx:9 Co:18 In:13 Wi:8 Ch:16 Neutral S:0    
Dlvl:1 $:708 HP:10(10) Pw:2(2) AC:10 Xp:1/0 T:3                                 

",0.0,False
68,northwest,,"message:
It's a wall.

language observation:
doorway near east
dark area near east
southeast corner near southeast
horizontal wall near south and southwest
horizontal closed door near westsouthwest
vertical wall near west
stairs up very near southsoutheast
gold piece very near south
newt very near westsouthwest
horizontal wall adjacent north, northeast, and northwest
tame kitten adjacent south

cursor:
Yourself a tourist
(x=15, y=3)

map:
                                                                                
          ---------                                                             
          |....@...                                                             
          |..:.f..|                                                             
          |....$<..                                                             
          -+-------                                                             
                                                                                
                                                                                
                                                                                
                                                                                
                                                                                
                                                                                
                                                                                
                                                                                
                                                                                
                                                                                
                                                                                
                                                                                
                                                                                
                                                                                
                                                                                
Agent the Rambler              St:11 Dx:9 Co:18 In:13 Wi:8 Ch:16 Neutral S:0    
Dlvl:1 $:708 HP:10(10) Pw:2(2) AC:10 Xp:1/0 T:3                                 

",0.0,False
69,northwest,,"message:
It's a wall.

language observation:
doorway near east
dark area near east
southeast corner near southeast
horizontal wall near south and southwest
horizontal closed door near westsouthwest
vertical wall near west
stairs up very near southsoutheast
gold piece very near south
newt very near westsouthwest
horizontal wall adjacent north, northeast, and northwest
tame kitten adjacent south

cursor:
Yourself a tourist
(x=15, y=3)

map:
                                                                                
          ---------                                                             
          |....@...                                                             
          |..:.f..|                                                             
          |....$<..                                                             
          -+-------                                                             
                                                                                
                                                                                
                                                                                
                                                                                
                                                                                
                                                                                
                                                                                
                                                                                
                                                                                
                                                                                
                                                                                
                                                                                
                                                                                
                                                                                
                                                                                
Agent the Rambler              St:11 Dx:9 Co:18 In:13 Wi:8 Ch:16 Neutral S:0    
Dlvl:1 $:708 HP:10(10) Pw:2(2) AC:10 Xp:1/0 T:3                                 

",0.0,False
70,northwest,,"message:
It's a wall.

language observation:
doorway near east
dark area near east
southeast corner near southeast
horizontal wall near south and southwest
horizontal closed door near westsouthwest
vertical wall near west
stairs up very near southsoutheast
gold piece very near south
newt very near westsouthwest
horizontal wall adjacent north, northeast, and northwest
tame kitten adjacent south

cursor:
Yourself a tourist
(x=15, y=3)

map:
                                                                                
          ---------                                                             
          |....@...                                                             
          |..:.f..|                                                             
          |....$<..                                                             
          -+-------                                                             
                                                                                
                                                                                
                                                                                
                                                                                
                                                                                
                                                                                
                                                                                
                                                                                
                                                                                
                                                                                
                                                                                
                                                                                
                                                                                
                                                                                
                                                                                
Agent the Rambler              St:11 Dx:9 Co:18 In:13 Wi:8 Ch:16 Neutral S:0    
Dlvl:1 $:708 HP:10(10) Pw:2(2) AC:10 Xp:1/0 T:3                                 

",0.0,False
71,west,,"message:
The kitten drops a gold piece.  The newt bites!
The kitten picks up a gold piece.

language observation:
doorway near east
dark area near east and southwest
horizontal wall near southeast and south
horizontal closed door near southwest
vertical wall near west
stairs up very near southeast
gold piece very near southsoutheast
horizontal wall adjacent north, northeast, and northwest
tame kitten adjacent east
newt adjacent southwest

cursor:
Yourself a tourist
(x=14, y=3)

map:
                                                                                
          ---------                                                             
          |...@f...                                                             
          |..:....|                                                             
          |....$<..                                                             
          -+-------                                                             
                                                                                
                                                                                
                                                                                
                                                                                
                                                                                
                                                                                
                                                                                
                                                                                
                                                                                
                                                                                
                                                                                
                                                                                
                                                                                
                                                                                
                                                                                
Agent the Rambler              St:11 Dx:9 Co:18 In:13 Wi:8 Ch:16 Neutral S:0    
Dlvl:1 $:708 HP:9(10) Pw:2(2) AC:10 Xp:1/0 T:4                                  

",0.0,False
72,west,,"message:
The kitten misses the newt.

language observation:
dark area far east
doorway near east
stairs up near eastsoutheast
horizontal wall near southeast and south
horizontal closed door near southsouthwest
southwest corner near southwest
vertical wall near west
gold piece very near southeast
horizontal wall adjacent north, northeast, and northwest
tame kitten adjacent east
newt adjacent south

cursor:
Yourself a tourist
(x=13, y=3)

map:
                                                                                
          ---------                                                             
          |..@f....                                                             
          |..:....|                                                             
          |....$<..                                                             
          -+-------                                                             
                                                                                
                                                                                
                                                                                
                                                                                
                                                                                
                                                                                
                                                                                
                                                                                
                                                                                
                                                                                
                                                                                
                                                                                
                                                                                
                                                                                
                                                                                
Agent the Rambler              St:11 Dx:9 Co:18 In:13 Wi:8 Ch:16 Neutral S:0    
Dlvl:1 $:708 HP:9(10) Pw:2(2) AC:10 Xp:1/0 T:5                                  

",0.0,False
73,west,,"message:
The kitten drops a gold piece.  The kitten bites the newt.
The newt is killed!

language observation:
doorway far east
dark area far east
gold piece near eastsoutheast
stairs up near eastsoutheast
horizontal wall near southeast and south
horizontal closed door near southsouthwest
tame kitten very near east
vertical wall very near southwest and west
horizontal wall adjacent north, northeast, and northwest

cursor:
Yourself a tourist
(x=12, y=3)

map:
                                                                                
          ---------                                                             
          |.@.f....                                                             
          |.......|                                                             
          |....$<..                                                             
          -+-------                                                             
                                                                                
                                                                                
                                                                                
                                                                                
                                                                                
                                                                                
                                                                                
                                                                                
                                                                                
                                                                                
                                                                                
                                                                                
                                                                                
                                                                                
                                                                                
Agent the Rambler              St:11 Dx:9 Co:18 In:13 Wi:8 Ch:16 Neutral S:0    
Dlvl:1 $:708 HP:9(10) Pw:2(2) AC:10 Xp:1/0 T:6                                  

",0.0,False
74,west,,"message:
The kitten picks up a gold piece.

language observation:
doorway far east
dark area far east
tame kitten near eastsoutheast
gold piece near eastsoutheast
stairs up near eastsoutheast
horizontal wall near southeast
horizontal closed door near south
dark area near south
horizontal wall adjacent north and northeast
vertical wall adjacent southwest and west
northwest room corner adjacent northwest

cursor:
Yourself a tourist
(x=11, y=3)

map:
                                                                                
          ---------                                                             
          |@.......                                                             
          |...f...|                                                             
          |....$<..                                                             
          -+-------                                                             
                                                                                
                                                                                
                                                                                
                                                                                
                                                                                
                                                                                
                                                                                
                                                                                
                                                                                
                                                                                
                                                                                
                                                                                
                                                                                
                                                                                
                                                                                
Agent the Rambler              St:11 Dx:9 Co:18 In:13 Wi:8 Ch:16 Neutral S:0    
Dlvl:1 $:708 HP:9(10) Pw:2(2) AC:10 Xp:1/0 T:7                                  

",0.0,False
75,west,,"message:
It's a wall.

language observation:
doorway far east
dark area far east
tame kitten near eastsoutheast
gold piece near eastsoutheast
stairs up near eastsoutheast
horizontal wall near southeast
horizontal closed door near south
dark area near south
horizontal wall adjacent north and northeast
vertical wall adjacent southwest and west
northwest room corner adjacent northwest

cursor:
Yourself a tourist
(x=11, y=3)

map:
                                                                                
          ---------                                                             
          |@.......                                                             
          |...f...|                                                             
          |....$<..                                                             
          -+-------                                                             
                                                                                
                                                                                
                                                                                
                                                                                
                                                                                
                                                                                
                                                                                
                                                                                
                                                                                
                                                                                
                                                                                
                                                                                
                                                                                
                                                                                
                                                                                
Agent the Rambler              St:11 Dx:9 Co:18 In:13 Wi:8 Ch:16 Neutral S:0    
Dlvl:1 $:708 HP:9(10) Pw:2(2) AC:10 Xp:1/0 T:7                                  

",0.0,False
76,west,,"message:
It's a wall.

language observation:
doorway far east
dark area far east
tame kitten near eastsoutheast
gold piece near eastsoutheast
stairs up near eastsoutheast
horizontal wall near southeast
horizontal closed door near south
dark area near south
horizontal wall adjacent north and northeast
vertical wall adjacent southwest and west
northwest room corner adjacent northwest

cursor:
Yourself a tourist
(x=11, y=3)

map:
                                                                                
          ---------                                                             
          |@.......                                                             
          |...f...|                                                             
          |....$<..                                                             
          -+-------                                                             
                                                                                
                                                                                
                                                                                
                                                                                
                                                                                
                                                                                
                                                                                
                                                                                
                                                                                
                                                                                
                                                                                
                                                                                
                                                                                
                                                                                
                                                                                
Agent the Rambler              St:11 Dx:9 Co:18 In:13 Wi:8 Ch:16 Neutral S:0    
Dlvl:1 $:708 HP:9(10) Pw:2(2) AC:10 Xp:1/0 T:7                                  

",0.0,False
77,west,,"message:
It's a wall.

language observation:
doorway far east
dark area far east
tame kitten near eastsoutheast
gold piece near eastsoutheast
stairs up near eastsoutheast
horizontal wall near southeast
horizontal closed door near south
dark area near south
horizontal wall adjacent north and northeast
vertical wall adjacent southwest and west
northwest room corner adjacent northwest

cursor:
Yourself a tourist
(x=11, y=3)

map:
                                                                                
          ---------                                                             
          |@.......                                                             
          |...f...|                                                             
          |....$<..                                                             
          -+-------                                                             
                                                                                
                                                                                
                                                                                
                                                                                
                                                                                
                                                                                
                                                                                
                                                                                
                                                                                
                                                                                
                                                                                
                                                                                
                                                                                
                                                                                
                                                                                
Agent the Rambler              St:11 Dx:9 Co:18 In:13 Wi:8 Ch:16 Neutral S:0    
Dlvl:1 $:708 HP:9(10) Pw:2(2) AC:10 Xp:1/0 T:7                                  

",0.0,False
78,west,,"message:
It's a wall.

language observation:
doorway far east
dark area far east
tame kitten near eastsoutheast
gold piece near eastsoutheast
stairs up near eastsoutheast
horizontal wall near southeast
horizontal closed door near south
dark area near south
horizontal wall adjacent north and northeast
vertical wall adjacent southwest and west
northwest room corner adjacent northwest

cursor:
Yourself a tourist
(x=11, y=3)

map:
                                                                                
          ---------                                                             
          |@.......                                                             
          |...f...|                                                             
          |....$<..                                                             
          -+-------                                                             
                                                                                
                                                                                
                                                                                
                                                                                
                                                                                
                                                                                
                                                                                
                                                                                
                                                                                
                                                                                
                                                                                
                                                                                
                                                                                
                                                                                
                                                                                
Agent the Rambler              St:11 Dx:9 Co:18 In:13 Wi:8 Ch:16 Neutral S:0    
Dlvl:1 $:708 HP:9(10) Pw:2(2) AC:10 Xp:1/0 T:7                                  

",0.0,False
79,west,,"message:
It's a wall.

language observation:
doorway far east
dark area far east
tame kitten near eastsoutheast
gold piece near eastsoutheast
stairs up near eastsoutheast
horizontal wall near southeast
horizontal closed door near south
dark area near south
horizontal wall adjacent north and northeast
vertical wall adjacent southwest and west
northwest room corner adjacent northwest

cursor:
Yourself a tourist
(x=11, y=3)

map:
                                                                                
          ---------                                                             
          |@.......                                                             
          |...f...|                                                             
          |....$<..                                                             
          -+-------                                                             
                                                                                
                                                                                
                                                                                
                                                                                
                                                                                
                                                                                
                                                                                
                                                                                
                                                                                
                                                                                
                                                                                
                                                                                
                                                                                
                                                                                
                                                                                
Agent the Rambler              St:11 Dx:9 Co:18 In:13 Wi:8 Ch:16 Neutral S:0    
Dlvl:1 $:708 HP:9(10) Pw:2(2) AC:10 Xp:1/0 T:7                                  

",0.0,False
80,west,,"message:
It's a wall.

language observation:
doorway far east
dark area far east
tame kitten near eastsoutheast
gold piece near eastsoutheast
stairs up near eastsoutheast
horizontal wall near southeast
horizontal closed door near south
dark area near south
horizontal wall adjacent north and northeast
vertical wall adjacent southwest and west
northwest room corner adjacent northwest

cursor:
Yourself a tourist
(x=11, y=3)

map:
                                                                                
          ---------                                                             
          |@.......                                                             
          |...f...|                                                             
          |....$<..                                                             
          -+-------                                                             
                                                                                
                                                                                
                                                                                
                                                                                
                                                                                
                                                                                
                                                                                
                                                                                
                                                                                
                                                                                
                                                                                
                                                                                
                                                                                
                                                                                
                                                                                
Agent the Rambler              St:11 Dx:9 Co:18 In:13 Wi:8 Ch:16 Neutral S:0    
Dlvl:1 $:708 HP:9(10) Pw:2(2) AC:10 Xp:1/0 T:7                                  

",0.0,False
81,west,,"message:
It's a wall.

language observation:
doorway far east
dark area far east
tame kitten near eastsoutheast
gold piece near eastsoutheast
stairs up near eastsoutheast
horizontal wall near southeast
horizontal closed door near south
dark area near south
horizontal wall adjacent north and northeast
vertical wall adjacent southwest and west
northwest room corner adjacent northwest

cursor:
Yourself a tourist
(x=11, y=3)

map:
                                                                                
          ---------                                                             
          |@.......                                                             
          |...f...|                                                             
          |....$<..                                                             
          -+-------                                                             
                                                                                
                                                                                
                                                                                
                                                                                
                                                                                
                                                                                
                                                                                
                                                                                
                                                                                
                                                                                
                                                                                
                                                                                
                                                                                
                                                                                
                                                                                
Agent the Rambler              St:11 Dx:9 Co:18 In:13 Wi:8 Ch:16 Neutral S:0    
Dlvl:1 $:708 HP:9(10) Pw:2(2) AC:10 Xp:1/0 T:7                                  

",0.0,False
82,west,,"message:
It's a wall.

language observation:
doorway far east
dark area far east
tame kitten near eastsoutheast
gold piece near eastsoutheast
stairs up near eastsoutheast
horizontal wall near southeast
horizontal closed door near south
dark area near south
horizontal wall adjacent north and northeast
vertical wall adjacent southwest and west
northwest room corner adjacent northwest

cursor:
Yourself a tourist
(x=11, y=3)

map:
                                                                                
          ---------                                                             
          |@.......                                                             
          |...f...|                                                             
          |....$<..                                                             
          -+-------                                                             
                                                                                
                                                                                
                                                                                
                                                                                
                                                                                
                                                                                
                                                                                
                                                                                
                                                                                
                                                                                
                                                                                
                                                                                
                                                                                
                                                                                
                                                                                
Agent the Rambler              St:11 Dx:9 Co:18 In:13 Wi:8 Ch:16 Neutral S:0    
Dlvl:1 $:708 HP:9(10) Pw:2(2) AC:10 Xp:1/0 T:7                                  

",0.0,False
83,west,,"message:
It's a wall.

language observation:
doorway far east
dark area far east
tame kitten near eastsoutheast
gold piece near eastsoutheast
stairs up near eastsoutheast
horizontal wall near southeast
horizontal closed door near south
dark area near south
horizontal wall adjacent north and northeast
vertical wall adjacent southwest and west
northwest room corner adjacent northwest

cursor:
Yourself a tourist
(x=11, y=3)

map:
                                                                                
          ---------                                                             
          |@.......                                                             
          |...f...|                                                             
          |....$<..                                                             
          -+-------                                                             
                                                                                
                                                                                
                                                                                
                                                                                
                                                                                
                                                                                
                                                                                
                                                                                
                                                                                
                                                                                
                                                                                
                                                                                
                                                                                
                                                                                
                                                                                
Agent the Rambler              St:11 Dx:9 Co:18 In:13 Wi:8 Ch:16 Neutral S:0    
Dlvl:1 $:708 HP:9(10) Pw:2(2) AC:10 Xp:1/0 T:7                                  

",0.0,False
84,west,,"message:
It's a wall.

language observation:
doorway far east
dark area far east
tame kitten near eastsoutheast
gold piece near eastsoutheast
stairs up near eastsoutheast
horizontal wall near southeast
horizontal closed door near south
dark area near south
horizontal wall adjacent north and northeast
vertical wall adjacent southwest and west
northwest room corner adjacent northwest

cursor:
Yourself a tourist
(x=11, y=3)

map:
                                                                                
          ---------                                                             
          |@.......                                                             
          |...f...|                                                             
          |....$<..                                                             
          -+-------                                                             
                                                                                
                                                                                
                                                                                
                                                                                
                                                                                
                                                                                
                                                                                
                                                                                
                                                                                
                                                                                
                                                                                
                                                                                
                                                                                
                                                                                
                                                                                
Agent the Rambler              St:11 Dx:9 Co:18 In:13 Wi:8 Ch:16 Neutral S:0    
Dlvl:1 $:708 HP:9(10) Pw:2(2) AC:10 Xp:1/0 T:7                                  

",0.0,False
85,west,,"message:
It's a wall.

language observation:
doorway far east
dark area far east
tame kitten near eastsoutheast
gold piece near eastsoutheast
stairs up near eastsoutheast
horizontal wall near southeast
horizontal closed door near south
dark area near south
horizontal wall adjacent north and northeast
vertical wall adjacent southwest and west
northwest room corner adjacent northwest

cursor:
Yourself a tourist
(x=11, y=3)

map:
                                                                                
          ---------                                                             
          |@.......                                                             
          |...f...|                                                             
          |....$<..                                                             
          -+-------                                                             
                                                                                
                                                                                
                                                                                
                                                                                
                                                                                
                                                                                
                                                                                
                                                                                
                                                                                
                                                                                
                                                                                
                                                                                
                                                                                
                                                                                
                                                                                
Agent the Rambler              St:11 Dx:9 Co:18 In:13 Wi:8 Ch:16 Neutral S:0    
Dlvl:1 $:708 HP:9(10) Pw:2(2) AC:10 Xp:1/0 T:7                                  

",0.0,False
86,west,,"message:
It's a wall.

language observation:
doorway far east
dark area far east
tame kitten near eastsoutheast
gold piece near eastsoutheast
stairs up near eastsoutheast
horizontal wall near southeast
horizontal closed door near south
dark area near south
horizontal wall adjacent north and northeast
vertical wall adjacent southwest and west
northwest room corner adjacent northwest

cursor:
Yourself a tourist
(x=11, y=3)

map:
                                                                                
          ---------                                                             
          |@.......                                                             
          |...f...|                                                             
          |....$<..                                                             
          -+-------                                                             
                                                                                
                                                                                
                                                                                
                                                                                
                                                                                
                                                                                
                                                                                
                                                                                
                                                                                
                                                                                
                                                                                
                                                                                
                                                                                
                                                                                
                                                                                
Agent the Rambler              St:11 Dx:9 Co:18 In:13 Wi:8 Ch:16 Neutral S:0    
Dlvl:1 $:708 HP:9(10) Pw:2(2) AC:10 Xp:1/0 T:7                                  

",0.0,False
87,west,,"message:
It's a wall.

language observation:
doorway far east
dark area far east
tame kitten near eastsoutheast
gold piece near eastsoutheast
stairs up near eastsoutheast
horizontal wall near southeast
horizontal closed door near south
dark area near south
horizontal wall adjacent north and northeast
vertical wall adjacent southwest and west
northwest room corner adjacent northwest

cursor:
Yourself a tourist
(x=11, y=3)

map:
                                                                                
          ---------                                                             
          |@.......                                                             
          |...f...|                                                             
          |....$<..                                                             
          -+-------                                                             
                                                                                
                                                                                
                                                                                
                                                                                
                                                                                
                                                                                
                                                                                
                                                                                
                                                                                
                                                                                
                                                                                
                                                                                
                                                                                
                                                                                
                                                                                
Agent the Rambler              St:11 Dx:9 Co:18 In:13 Wi:8 Ch:16 Neutral S:0    
Dlvl:1 $:708 HP:9(10) Pw:2(2) AC:10 Xp:1/0 T:7                                  

",0.0,False
88,wait,,"message:
The kitten drops a gold piece.  The kitten picks up a gold piece.

language observation:
doorway far east
dark area far east
gold piece near eastsoutheast
stairs up near eastsoutheast
horizontal wall near southeast
horizontal closed door near south
dark area near south
tame kitten very near east
horizontal wall adjacent north and northeast
vertical wall adjacent southwest and west
northwest room corner adjacent northwest

cursor:
Yourself a tourist
(x=11, y=3)

map:
                                                                                
          ---------                                                             
          |@.f.....                                                             
          |.......|                                                             
          |....$<..                                                             
          -+-------                                                             
                                                                                
                                                                                
                                                                                
                                                                                
                                                                                
                                                                                
                                                                                
                                                                                
                                                                                
                                                                                
                                                                                
                                                                                
                                                                                
                                                                                
                                                                                
Agent the Rambler              St:11 Dx:9 Co:18 In:13 Wi:8 Ch:16 Neutral S:0    
Dlvl:1 $:708 HP:9(10) Pw:2(2) AC:10 Xp:1/0 T:8                                  

",0.0,False
89,more,,"message:
Unknown command '^M'.

language observation:
doorway far east
dark area far east
gold piece near eastsoutheast
stairs up near eastsoutheast
horizontal wall near southeast
horizontal closed door near south
dark area near south
tame kitten very near east
horizontal wall adjacent north and northeast
vertical wall adjacent southwest and west
northwest room corner adjacent northwest

cursor:
Yourself a tourist
(x=11, y=3)

map:
                                                                                
          ---------                                                             
          |@.f.....                                                             
          |.......|                                                             
          |....$<..                                                             
          -+-------                                                             
                                                                                
                                                                                
                                                                                
                                                                                
                                                                                
                                                                                
                                                                                
                                                                                
                                                                                
                                                                                
                                                                                
                                                                                
                                                                                
                                                                                
                                                                                
Agent the Rambler              St:11 Dx:9 Co:18 In:13 Wi:8 Ch:16 Neutral S:0    
Dlvl:1 $:708 HP:9(10) Pw:2(2) AC:10 Xp:1/0 T:8                                  

",0.0,False
90,more,,"message:


language observation:
doorway far east
dark area far east
gold piece near eastsoutheast
stairs up near eastsoutheast
horizontal wall near southeast
horizontal closed door near south
dark area near south
tame kitten very near east
horizontal wall adjacent north and northeast
vertical wall adjacent southwest and west
northwest room corner adjacent northwest

cursor:
Yourself a tourist
(x=11, y=3)

map:
                                                                                
          ---------                                                             
          |@.f.....                                                             
          |.......|                                                             
          |....$<..                                                             
          -+-------                                                             
                                                                                
                                                                                
                                                                                
                                                                                
                                                                                
                                                                                
                                                                                
                                                                                
                                                                                
                                                                                
                                                                                
                                                                                
                                                                                
                                                                                
                                                                                
Agent the Rambler              St:11 Dx:9 Co:18 In:13 Wi:8 Ch:16 Neutral S:0    
Dlvl:1 $:708 HP:9(10) Pw:2(2) AC:10 Xp:1/0 T:8                                  

",0.0,False
91,north,,"message:
It's a wall.

language observation:
doorway far east
dark area far east
gold piece near eastsoutheast
stairs up near eastsoutheast
horizontal wall near southeast
horizontal closed door near south
dark area near south
tame kitten very near east
horizontal wall adjacent north and northeast
vertical wall adjacent southwest and west
northwest room corner adjacent northwest

cursor:
Yourself a tourist
(x=11, y=3)

map:
                                                                                
          ---------                                                             
          |@.f.....                                                             
          |.......|                                                             
          |....$<..                                                             
          -+-------                                                             
                                                                                
                                                                                
                                                                                
                                                                                
                                                                                
                                                                                
                                                                                
                                                                                
                                                                                
                                                                                
                                                                                
                                                                                
                                                                                
                                                                                
                                                                                
Agent the Rambler              St:11 Dx:9 Co:18 In:13 Wi:8 Ch:16 Neutral S:0    
Dlvl:1 $:708 HP:9(10) Pw:2(2) AC:10 Xp:1/0 T:8                                  

",0.0,False
92,northwest,,"message:
It's a wall.

language observation:
doorway far east
dark area far east
gold piece near eastsoutheast
stairs up near eastsoutheast
horizontal wall near southeast
horizontal closed door near south
dark area near south
tame kitten very near east
horizontal wall adjacent north and northeast
vertical wall adjacent southwest and west
northwest room corner adjacent northwest

cursor:
Yourself a tourist
(x=11, y=3)

map:
                                                                                
          ---------                                                             
          |@.f.....                                                             
          |.......|                                                             
          |....$<..                                                             
          -+-------                                                             
                                                                                
                                                                                
                                                                                
                                                                                
                                                                                
                                                                                
                                                                                
                                                                                
                                                                                
                                                                                
                                                                                
                                                                                
                                                                                
                                                                                
                                                                                
Agent the Rambler              St:11 Dx:9 Co:18 In:13 Wi:8 Ch:16 Neutral S:0    
Dlvl:1 $:708 HP:9(10) Pw:2(2) AC:10 Xp:1/0 T:8                                  

",0.0,False
93,northwest,,"message:
It's a wall.

language observation:
doorway far east
dark area far east
gold piece near eastsoutheast
stairs up near eastsoutheast
horizontal wall near southeast
horizontal closed door near south
dark area near south
tame kitten very near east
horizontal wall adjacent north and northeast
vertical wall adjacent southwest and west
northwest room corner adjacent northwest

cursor:
Yourself a tourist
(x=11, y=3)

map:
                                                                                
          ---------                                                             
          |@.f.....                                                             
          |.......|                                                             
          |....$<..                                                             
          -+-------                                                             
                                                                                
                                                                                
                                                                                
                                                                                
                                                                                
                                                                                
                                                                                
                                                                                
                                                                                
                                                                                
                                                                                
                                                                                
                                                                                
                                                                                
                                                                                
Agent the Rambler              St:11 Dx:9 Co:18 In:13 Wi:8 Ch:16 Neutral S:0    
Dlvl:1 $:708 HP:9(10) Pw:2(2) AC:10 Xp:1/0 T:8                                  

",0.0,False
94,east,,"message:
The kitten drops a gold piece.

language observation:
doorway far east
dark area far east
gold piece near eastsoutheast
stairs up near eastsoutheast
horizontal wall near southeast and south
horizontal closed door near southsouthwest
tame kitten very near south
vertical wall very near southwest and west
horizontal wall adjacent north, northeast, and northwest
gold piece adjacent south

cursor:
Yourself a tourist
(x=12, y=3)

map:
                                                                                
          ---------                                                             
          |.@......                                                             
          |.$.....|                                                             
          |.f..$<..                                                             
          -+-------                                                             
                                                                                
                                                                                
                                                                                
                                                                                
                                                                                
                                                                                
                                                                                
                                                                                
                                                                                
                                                                                
                                                                                
                                                                                
                                                                                
                                                                                
                                                                                
Agent the Rambler              St:11 Dx:9 Co:18 In:13 Wi:8 Ch:16 Neutral S:0    
Dlvl:1 $:708 HP:9(10) Pw:2(2) AC:10 Xp:1/0 T:9                                  

",0.0,False
95,east,,"message:


language observation:
dark area far east
doorway near east
stairs up near eastsoutheast
horizontal wall near southeast and south
horizontal closed door near southsouthwest
southwest corner near southwest
vertical wall near west
gold piece very near southeast
horizontal wall adjacent north, northeast, and northwest
tame kitten adjacent southwest

cursor:
Yourself a tourist
(x=13, y=3)

map:
                                                                                
          ---------                                                             
          |..@.....                                                             
          |.f.....|                                                             
          |....$<..                                                             
          -+-------                                                             
                                                                                
                                                                                
                                                                                
                                                                                
                                                                                
                                                                                
                                                                                
                                                                                
                                                                                
                                                                                
                                                                                
                                                                                
                                                                                
                                                                                
                                                                                
Agent the Rambler              St:11 Dx:9 Co:18 In:13 Wi:8 Ch:16 Neutral S:0    
Dlvl:1 $:708 HP:9(10) Pw:2(2) AC:10 Xp:1/0 T:10                                 

",0.0,False
96,east,,"message:
The kitten picks up a gold piece.

language observation:
doorway near east
dark area near east and southwest
horizontal wall near southeast and south
horizontal closed door near southwest
vertical wall near west
stairs up very near southeast
gold piece very near southsoutheast
horizontal wall adjacent north, northeast, and northwest
tame kitten adjacent south

cursor:
Yourself a tourist
(x=14, y=3)

map:
                                                                                
          ---------                                                             
          |...@....                                                             
          |...f...|                                                             
          |....$<..                                                             
          -+-------                                                             
                                                                                
                                                                                
                                                                                
                                                                                
                                                                                
                                                                                
                                                                                
                                                                                
                                                                                
                                                                                
                                                                                
                                                                                
                                                                                
                                                                                
                                                                                
Agent the Rambler              St:11 Dx:9 Co:18 In:13 Wi:8 Ch:16 Neutral S:0    
Dlvl:1 $:708 HP:9(10) Pw:2(2) AC:10 Xp:1/0 T:11                                 

",0.0,False
97,east,,"message:


language observation:
doorway near east
dark area near east
southeast corner near southeast
horizontal wall near south and southwest
horizontal closed door near westsouthwest
vertical wall near west
stairs up very near southsoutheast
gold piece very near south
horizontal wall adjacent north, northeast, and northwest
tame kitten adjacent south

cursor:
Yourself a tourist
(x=15, y=3)

map:
                                                                                
          ---------                                                             
          |....@...                                                             
          |....f..|                                                             
          |....$<..                                                             
          -+-------                                                             
                                                                                
                                                                                
                                                                                
                                                                                
                                                                                
                                                                                
                                                                                
                                                                                
                                                                                
                                                                                
                                                                                
                                                                                
                                                                                
                                                                                
                                                                                
Agent the Rambler              St:11 Dx:9 Co:18 In:13 Wi:8 Ch:16 Neutral S:0    
Dlvl:1 $:708 HP:9(10) Pw:2(2) AC:10 Xp:1/0 T:12                                 

",0.0,False
98,east,,"message:
The kitten drops a gold piece.

language observation:
vertical wall far west
dark area near east and southeast
horizontal wall near south and southwest
horizontal closed door near westsouthwest
doorway very near east and southeast
stairs up very near south
gold piece very near southsouthwest
horizontal wall adjacent north, northeast, and northwest
tame kitten adjacent southwest

cursor:
Yourself a tourist
(x=16, y=3)

map:
                                                                                
          ---------                                                             
          |.....@..                                                             
          |....f..|                                                             
          |....$<..                                                             
          -+-------                                                             
                                                                                
                                                                                
                                                                                
                                                                                
                                                                                
                                                                                
                                                                                
                                                                                
                                                                                
                                                                                
                                                                                
                                                                                
                                                                                
                                                                                
                                                                                
Agent the Rambler              St:11 Dx:9 Co:18 In:13 Wi:8 Ch:16 Neutral S:0    
Dlvl:1 $:708 HP:9(10) Pw:2(2) AC:10 Xp:1/0 T:13                                 

",0.0,False
99,east,,"message:
The kitten picks up a gold piece.

language observation:
horizontal closed door far westsouthwest
vertical wall far west
horizontal wall near south and southwest
dark area very near east
stairs up very near southsouthwest
gold piece very near southwest
horizontal wall adjacent north and northwest
northeast room corner adjacent northeast
doorway adjacent east
vertical wall adjacent southeast
tame kitten adjacent west

cursor:
Yourself a tourist
(x=17, y=3)

map:
                                                                                
          ---------                                                             
          |.....f@.                                                             
          |.......|                                                             
          |....$<..                                                             
          -+-------                                                             
                                                                                
                                                                                
                                                                                
                                                                                
                                                                                
                                                                                
                                                                                
                                                                                
                                                                                
                                                                                
                                                                                
                                                                                
                                                                                
                                                                                
                                                                                
Agent the Rambler              St:11 Dx:9 Co:18 In:13 Wi:8 Ch:16 Neutral S:0    
Dlvl:1 $:708 HP:9(10) Pw:2(2) AC:10 Xp:1/0 T:14                                 

",0.0,False
100,east,,"message:


language observation:
horizontal closed door far westsouthwest
vertical wall far west
horizontal wall near southwest
gold piece near westsouthwest
dark area very near east
stairs up very near southwest
northeast room corner adjacent north
dark area adjacent northeast and southeast
vertical wall adjacent south
tame kitten adjacent west
horizontal wall adjacent northwest

cursor:
Yourself a tourist
(x=18, y=3)

map:
                                                                                
          ---------                                                             
          |......f@#                                                            
          |.......|                                                             
          |....$<..                                                             
          -+-------                                                             
                                                                                
                                                                                
                                                                                
                                                                                
                                                                                
                                                                                
                                                                                
                                                                                
                                                                                
                                                                                
                                                                                
                                                                                
                                                                                
                                                                                
                                                                                
Agent the Rambler              St:11 Dx:9 Co:18 In:13 Wi:8 Ch:16 Neutral S:0    
Dlvl:1 $:708 HP:10(10) Pw:2(2) AC:10 Xp:1/0 T:15                                

",0.0,False
101,northwest,,"message:
It's a wall.

language observation:
horizontal closed door far westsouthwest
vertical wall far west
horizontal wall near southwest
gold piece near westsouthwest
dark area very near east
stairs up very near southwest
northeast room corner adjacent north
dark area adjacent northeast and southeast
vertical wall adjacent south
tame kitten adjacent west
horizontal wall adjacent northwest

cursor:
Yourself a tourist
(x=18, y=3)

map:
                                                                                
          ---------                                                             
          |......f@#                                                            
          |.......|                                                             
          |....$<..                                                             
          -+-------                                                             
                                                                                
                                                                                
                                                                                
                                                                                
                                                                                
                                                                                
                                                                                
                                                                                
                                                                                
                                                                                
                                                                                
                                                                                
                                                                                
                                                                                
                                                                                
Agent the Rambler              St:11 Dx:9 Co:18 In:13 Wi:8 Ch:16 Neutral S:0    
Dlvl:1 $:708 HP:10(10) Pw:2(2) AC:10 Xp:1/0 T:15                                

",0.0,False
102,northwest,,"message:
It's a wall.

language observation:
horizontal closed door far westsouthwest
vertical wall far west
horizontal wall near southwest
gold piece near westsouthwest
dark area very near east
stairs up very near southwest
northeast room corner adjacent north
dark area adjacent northeast and southeast
vertical wall adjacent south
tame kitten adjacent west
horizontal wall adjacent northwest

cursor:
Yourself a tourist
(x=18, y=3)

map:
                                                                                
          ---------                                                             
          |......f@#                                                            
          |.......|                                                             
          |....$<..                                                             
          -+-------                                                             
                                                                                
                                                                                
                                                                                
                                                                                
                                                                                
                                                                                
                                                                                
                                                                                
                                                                                
                                                                                
                                                                                
                                                                                
                                                                                
                                                                                
                                                                                
Agent the Rambler              St:11 Dx:9 Co:18 In:13 Wi:8 Ch:16 Neutral S:0    
Dlvl:1 $:708 HP:10(10) Pw:2(2) AC:10 Xp:1/0 T:15                                

",0.0,False
103,northwest,,"message:
It's a wall.

language observation:
horizontal closed door far westsouthwest
vertical wall far west
horizontal wall near southwest
gold piece near westsouthwest
dark area very near east
stairs up very near southwest
northeast room corner adjacent north
dark area adjacent northeast and southeast
vertical wall adjacent south
tame kitten adjacent west
horizontal wall adjacent northwest

cursor:
Yourself a tourist
(x=18, y=3)

map:
                                                                                
          ---------                                                             
          |......f@#                                                            
          |.......|                                                             
          |....$<..                                                             
          -+-------                                                             
                                                                                
                                                                                
                                                                                
                                                                                
                                                                                
                                                                                
                                                                                
                                                                                
                                                                                
                                                                                
                                                                                
                                                                                
                                                                                
                                                                                
                                                                                
Agent the Rambler              St:11 Dx:9 Co:18 In:13 Wi:8 Ch:16 Neutral S:0    
Dlvl:1 $:708 HP:10(10) Pw:2(2) AC:10 Xp:1/0 T:15                                

",0.0,False
104,northwest,,"message:
It's a wall.

language observation:
horizontal closed door far westsouthwest
vertical wall far west
horizontal wall near southwest
gold piece near westsouthwest
dark area very near east
stairs up very near southwest
northeast room corner adjacent north
dark area adjacent northeast and southeast
vertical wall adjacent south
tame kitten adjacent west
horizontal wall adjacent northwest

cursor:
Yourself a tourist
(x=18, y=3)

map:
                                                                                
          ---------                                                             
          |......f@#                                                            
          |.......|                                                             
          |....$<..                                                             
          -+-------                                                             
                                                                                
                                                                                
                                                                                
                                                                                
                                                                                
                                                                                
                                                                                
                                                                                
                                                                                
                                                                                
                                                                                
                                                                                
                                                                                
                                                                                
                                                                                
Agent the Rambler              St:11 Dx:9 Co:18 In:13 Wi:8 Ch:16 Neutral S:0    
Dlvl:1 $:708 HP:10(10) Pw:2(2) AC:10 Xp:1/0 T:15                                

",0.0,False
105,northwest,,"message:
It's a wall.

language observation:
horizontal closed door far westsouthwest
vertical wall far west
horizontal wall near southwest
gold piece near westsouthwest
dark area very near east
stairs up very near southwest
northeast room corner adjacent north
dark area adjacent northeast and southeast
vertical wall adjacent south
tame kitten adjacent west
horizontal wall adjacent northwest

cursor:
Yourself a tourist
(x=18, y=3)

map:
                                                                                
          ---------                                                             
          |......f@#                                                            
          |.......|                                                             
          |....$<..                                                             
          -+-------                                                             
                                                                                
                                                                                
                                                                                
                                                                                
                                                                                
                                                                                
                                                                                
                                                                                
                                                                                
                                                                                
                                                                                
                                                                                
                                                                                
                                                                                
                                                                                
Agent the Rambler              St:11 Dx:9 Co:18 In:13 Wi:8 Ch:16 Neutral S:0    
Dlvl:1 $:708 HP:10(10) Pw:2(2) AC:10 Xp:1/0 T:15                                

",0.0,False
106,northwest,,"message:
It's a wall.

language observation:
horizontal closed door far westsouthwest
vertical wall far west
horizontal wall near southwest
gold piece near westsouthwest
dark area very near east
stairs up very near southwest
northeast room corner adjacent north
dark area adjacent northeast and southeast
vertical wall adjacent south
tame kitten adjacent west
horizontal wall adjacent northwest

cursor:
Yourself a tourist
(x=18, y=3)

map:
                                                                                
          ---------                                                             
          |......f@#                                                            
          |.......|                                                             
          |....$<..                                                             
          -+-------                                                             
                                                                                
                                                                                
                                                                                
                                                                                
                                                                                
                                                                                
                                                                                
                                                                                
                                                                                
                                                                                
                                                                                
                                                                                
                                                                                
                                                                                
                                                                                
Agent the Rambler              St:11 Dx:9 Co:18 In:13 Wi:8 Ch:16 Neutral S:0    
Dlvl:1 $:708 HP:10(10) Pw:2(2) AC:10 Xp:1/0 T:15                                

",0.0,False
107,more,,"message:
Unknown command '^M'.

language observation:
horizontal closed door far westsouthwest
vertical wall far west
horizontal wall near southwest
gold piece near westsouthwest
dark area very near east
stairs up very near southwest
northeast room corner adjacent north
dark area adjacent northeast and southeast
vertical wall adjacent south
tame kitten adjacent west
horizontal wall adjacent northwest

cursor:
Yourself a tourist
(x=18, y=3)

map:
                                                                                
          ---------                                                             
          |......f@#                                                            
          |.......|                                                             
          |....$<..                                                             
          -+-------                                                             
                                                                                
                                                                                
                                                                                
                                                                                
                                                                                
                                                                                
                                                                                
                                                                                
                                                                                
                                                                                
                                                                                
                                                                                
                                                                                
                                                                                
                                                                                
Agent the Rambler              St:11 Dx:9 Co:18 In:13 Wi:8 Ch:16 Neutral S:0    
Dlvl:1 $:708 HP:10(10) Pw:2(2) AC:10 Xp:1/0 T:15                                

",0.0,False
108,more,,"message:


language observation:
horizontal closed door far westsouthwest
vertical wall far west
horizontal wall near southwest
gold piece near westsouthwest
dark area very near east
stairs up very near southwest
northeast room corner adjacent north
dark area adjacent northeast and southeast
vertical wall adjacent south
tame kitten adjacent west
horizontal wall adjacent northwest

cursor:
Yourself a tourist
(x=18, y=3)

map:
                                                                                
          ---------                                                             
          |......f@#                                                            
          |.......|                                                             
          |....$<..                                                             
          -+-------                                                             
                                                                                
                                                                                
                                                                                
                                                                                
                                                                                
                                                                                
                                                                                
                                                                                
                                                                                
                                                                                
                                                                                
                                                                                
                                                                                
                                                                                
                                                                                
Agent the Rambler              St:11 Dx:9 Co:18 In:13 Wi:8 Ch:16 Neutral S:0    
Dlvl:1 $:708 HP:10(10) Pw:2(2) AC:10 Xp:1/0 T:15                                

",0.0,False
109,northwest,,"message:
It's a wall.

language observation:
horizontal closed door far westsouthwest
vertical wall far west
horizontal wall near southwest
gold piece near westsouthwest
dark area very near east
stairs up very near southwest
northeast room corner adjacent north
dark area adjacent northeast and southeast
vertical wall adjacent south
tame kitten adjacent west
horizontal wall adjacent northwest

cursor:
Yourself a tourist
(x=18, y=3)

map:
                                                                                
          ---------                                                             
          |......f@#                                                            
          |.......|                                                             
          |....$<..                                                             
          -+-------                                                             
                                                                                
                                                                                
                                                                                
                                                                                
                                                                                
                                                                                
                                                                                
                                                                                
                                                                                
                                                                                
                                                                                
                                                                                
                                                                                
                                                                                
                                                                                
Agent the Rambler              St:11 Dx:9 Co:18 In:13 Wi:8 Ch:16 Neutral S:0    
Dlvl:1 $:708 HP:10(10) Pw:2(2) AC:10 Xp:1/0 T:15                                

",0.0,False
110,northwest,,"message:
It's a wall.

language observation:
horizontal closed door far westsouthwest
vertical wall far west
horizontal wall near southwest
gold piece near westsouthwest
dark area very near east
stairs up very near southwest
northeast room corner adjacent north
dark area adjacent northeast and southeast
vertical wall adjacent south
tame kitten adjacent west
horizontal wall adjacent northwest

cursor:
Yourself a tourist
(x=18, y=3)

map:
                                                                                
          ---------                                                             
          |......f@#                                                            
          |.......|                                                             
          |....$<..                                                             
          -+-------                                                             
                                                                                
                                                                                
                                                                                
                                                                                
                                                                                
                                                                                
                                                                                
                                                                                
                                                                                
                                                                                
                                                                                
                                                                                
                                                                                
                                                                                
                                                                                
Agent the Rambler              St:11 Dx:9 Co:18 In:13 Wi:8 Ch:16 Neutral S:0    
Dlvl:1 $:708 HP:10(10) Pw:2(2) AC:10 Xp:1/0 T:15                                

",0.0,False
111,northwest,,"message:
It's a wall.

language observation:
horizontal closed door far westsouthwest
vertical wall far west
horizontal wall near southwest
gold piece near westsouthwest
dark area very near east
stairs up very near southwest
northeast room corner adjacent north
dark area adjacent northeast and southeast
vertical wall adjacent south
tame kitten adjacent west
horizontal wall adjacent northwest

cursor:
Yourself a tourist
(x=18, y=3)

map:
                                                                                
          ---------                                                             
          |......f@#                                                            
          |.......|                                                             
          |....$<..                                                             
          -+-------                                                             
                                                                                
                                                                                
                                                                                
                                                                                
                                                                                
                                                                                
                                                                                
                                                                                
                                                                                
                                                                                
                                                                                
                                                                                
                                                                                
                                                                                
                                                                                
Agent the Rambler              St:11 Dx:9 Co:18 In:13 Wi:8 Ch:16 Neutral S:0    
Dlvl:1 $:708 HP:10(10) Pw:2(2) AC:10 Xp:1/0 T:15                                

",0.0,False
112,northwest,,"message:
It's a wall.

language observation:
horizontal closed door far westsouthwest
vertical wall far west
horizontal wall near southwest
gold piece near westsouthwest
dark area very near east
stairs up very near southwest
northeast room corner adjacent north
dark area adjacent northeast and southeast
vertical wall adjacent south
tame kitten adjacent west
horizontal wall adjacent northwest

cursor:
Yourself a tourist
(x=18, y=3)

map:
                                                                                
          ---------                                                             
          |......f@#                                                            
          |.......|                                                             
          |....$<..                                                             
          -+-------                                                             
                                                                                
                                                                                
                                                                                
                                                                                
                                                                                
                                                                                
                                                                                
                                                                                
                                                                                
                                                                                
                                                                                
                                                                                
                                                                                
                                                                                
                                                                                
Agent the Rambler              St:11 Dx:9 Co:18 In:13 Wi:8 Ch:16 Neutral S:0    
Dlvl:1 $:708 HP:10(10) Pw:2(2) AC:10 Xp:1/0 T:15                                

",0.0,False
113,northwest,,"message:
It's a wall.

language observation:
horizontal closed door far westsouthwest
vertical wall far west
horizontal wall near southwest
gold piece near westsouthwest
dark area very near east
stairs up very near southwest
northeast room corner adjacent north
dark area adjacent northeast and southeast
vertical wall adjacent south
tame kitten adjacent west
horizontal wall adjacent northwest

cursor:
Yourself a tourist
(x=18, y=3)

map:
                                                                                
          ---------                                                             
          |......f@#                                                            
          |.......|                                                             
          |....$<..                                                             
          -+-------                                                             
                                                                                
                                                                                
                                                                                
                                                                                
                                                                                
                                                                                
                                                                                
                                                                                
                                                                                
                                                                                
                                                                                
                                                                                
                                                                                
                                                                                
                                                                                
Agent the Rambler              St:11 Dx:9 Co:18 In:13 Wi:8 Ch:16 Neutral S:0    
Dlvl:1 $:708 HP:10(10) Pw:2(2) AC:10 Xp:1/0 T:15                                

",0.0,False
114,northwest,,"message:
It's a wall.

language observation:
horizontal closed door far westsouthwest
vertical wall far west
horizontal wall near southwest
gold piece near westsouthwest
dark area very near east
stairs up very near southwest
northeast room corner adjacent north
dark area adjacent northeast and southeast
vertical wall adjacent south
tame kitten adjacent west
horizontal wall adjacent northwest

cursor:
Yourself a tourist
(x=18, y=3)

map:
                                                                                
          ---------                                                             
          |......f@#                                                            
          |.......|                                                             
          |....$<..                                                             
          -+-------                                                             
                                                                                
                                                                                
                                                                                
                                                                                
                                                                                
                                                                                
                                                                                
                                                                                
                                                                                
                                                                                
                                                                                
                                                                                
                                                                                
                                                                                
                                                                                
Agent the Rambler              St:11 Dx:9 Co:18 In:13 Wi:8 Ch:16 Neutral S:0    
Dlvl:1 $:708 HP:10(10) Pw:2(2) AC:10 Xp:1/0 T:15                                

",0.0,False
115,northwest,,"message:
It's a wall.

language observation:
horizontal closed door far westsouthwest
vertical wall far west
horizontal wall near southwest
gold piece near westsouthwest
dark area very near east
stairs up very near southwest
northeast room corner adjacent north
dark area adjacent northeast and southeast
vertical wall adjacent south
tame kitten adjacent west
horizontal wall adjacent northwest

cursor:
Yourself a tourist
(x=18, y=3)

map:
                                                                                
          ---------                                                             
          |......f@#                                                            
          |.......|                                                             
          |....$<..                                                             
          -+-------                                                             
                                                                                
                                                                                
                                                                                
                                                                                
                                                                                
                                                                                
                                                                                
                                                                                
                                                                                
                                                                                
                                                                                
                                                                                
                                                                                
                                                                                
                                                                                
Agent the Rambler              St:11 Dx:9 Co:18 In:13 Wi:8 Ch:16 Neutral S:0    
Dlvl:1 $:708 HP:10(10) Pw:2(2) AC:10 Xp:1/0 T:15                                

",0.0,False
116,east,,"message:
The kitten drops a gold piece.

language observation:
horizontal closed door far westsouthwest
vertical wall far west
gold piece near westsouthwest
stairs up near westsouthwest
dark area very near east
dark area adjacent north, northeast, southeast, and south
vertical wall adjacent southwest
gold piece adjacent west
northeast room corner adjacent northwest

cursor:
Yourself a tourist
(x=19, y=3)

map:
                                                                                
          ---------                                                             
          |.......$@#                                                           
          |.......|                                                             
          |....$<..                                                             
          -+-------                                                             
                                                                                
                                                                                
                                                                                
                                                                                
                                                                                
                                                                                
                                                                                
                                                                                
                                                                                
                                                                                
                                                                                
                                                                                
                                                                                
                                                                                
                                                                                
Agent the Rambler              St:11 Dx:9 Co:18 In:13 Wi:8 Ch:16 Neutral S:0    
Dlvl:1 $:708 HP:10(10) Pw:2(2) AC:10 Xp:1/0 T:16                                

",0.0,False
117,east,,"message:


language observation:
horizontal closed door far westsouthwest
gold piece near westsouthwest
stairs up near westsouthwest
dark area very near east
tame kitten very near west
dark area adjacent north, northeast, southeast, south, southwest, and northwest

cursor:
Yourself a tourist
(x=20, y=3)

map:
                                                                                
          ---------                                                             
          |.......f#@#                                                          
          |.......|                                                             
          |....$<..                                                             
          -+-------                                                             
                                                                                
                                                                                
                                                                                
                                                                                
                                                                                
                                                                                
                                                                                
                                                                                
                                                                                
                                                                                
                                                                                
                                                                                
                                                                                
                                                                                
                                                                                
Agent the Rambler              St:11 Dx:9 Co:18 In:13 Wi:8 Ch:16 Neutral S:0    
Dlvl:1 $:708 HP:10(10) Pw:2(2) AC:10 Xp:1/0 T:17                                

",0.0,False
118,east,,"message:
The kitten picks up a gold piece.

language observation:
gold piece far westsouthwest
horizontal closed door far westsouthwest
stairs up near westsouthwest
doorway near west
dark area very near east and southeast
dark area adjacent north, northeast, south, southwest, and northwest
tame kitten adjacent west

cursor:
Yourself a tourist
(x=21, y=3)

map:
                                                                                
          ---------                                                             
          |........#f@#                                                         
          |.......|   #                                                         
          |....$<..                                                             
          -+-------                                                             
                                                                                
                                                                                
                                                                                
                                                                                
                                                                                
                                                                                
                                                                                
                                                                                
                                                                                
                                                                                
                                                                                
                                                                                
                                                                                
                                                                                
                                                                                
Agent the Rambler              St:11 Dx:9 Co:18 In:13 Wi:8 Ch:16 Neutral S:0    
Dlvl:1 $:708 HP:10(10) Pw:2(2) AC:10 Xp:1/0 T:18                                

",0.0,False
119,east,,"message:
The kitten drops a gold piece.

language observation:
gold piece far westsouthwest
stairs up far westsouthwest
horizontal closed door far westsouthwest
doorway near west
dark area very near south
dark area adjacent north, northeast, east, southeast, southwest, and northwest
gold piece adjacent west

cursor:
Yourself a tourist
(x=22, y=3)

map:
                                                                                
          ---------                                                             
          |........##$@                                                         
          |.......|   #                                                         
          |....$<..                                                             
          -+-------                                                             
                                                                                
                                                                                
                                                                                
                                                                                
                                                                                
                                                                                
                                                                                
                                                                                
                                                                                
                                                                                
                                                                                
                                                                                
                                                                                
                                                                                
                                                                                
Agent the Rambler              St:11 Dx:9 Co:18 In:13 Wi:8 Ch:16 Neutral S:0    
Dlvl:1 $:708 HP:10(10) Pw:2(2) AC:10 Xp:1/0 T:19                                

",0.0,False
120,east,,"message:
It's solid stone.

language observation:
gold piece far westsouthwest
stairs up far westsouthwest
horizontal closed door far westsouthwest
doorway near west
dark area very near south
dark area adjacent north, northeast, east, southeast, southwest, and northwest
gold piece adjacent west

cursor:
Yourself a tourist
(x=22, y=3)

map:
                                                                                
          ---------                                                             
          |........##$@                                                         
          |.......|   #                                                         
          |....$<..                                                             
          -+-------                                                             
                                                                                
                                                                                
                                                                                
                                                                                
                                                                                
                                                                                
                                                                                
                                                                                
                                                                                
                                                                                
                                                                                
                                                                                
                                                                                
                                                                                
                                                                                
Agent the Rambler              St:11 Dx:9 Co:18 In:13 Wi:8 Ch:16 Neutral S:0    
Dlvl:1 $:708 HP:10(10) Pw:2(2) AC:10 Xp:1/0 T:19                                

",0.0,False
121,east,,"message:
It's solid stone.

language observation:
gold piece far westsouthwest
stairs up far westsouthwest
horizontal closed door far westsouthwest
doorway near west
dark area very near south
dark area adjacent north, northeast, east, southeast, southwest, and northwest
gold piece adjacent west

cursor:
Yourself a tourist
(x=22, y=3)

map:
                                                                                
          ---------                                                             
          |........##$@                                                         
          |.......|   #                                                         
          |....$<..                                                             
          -+-------                                                             
                                                                                
                                                                                
                                                                                
                                                                                
                                                                                
                                                                                
                                                                                
                                                                                
                                                                                
                                                                                
                                                                                
                                                                                
                                                                                
                                                                                
                                                                                
Agent the Rambler              St:11 Dx:9 Co:18 In:13 Wi:8 Ch:16 Neutral S:0    
Dlvl:1 $:708 HP:10(10) Pw:2(2) AC:10 Xp:1/0 T:19                                

",0.0,False
122,northwest,,"message:
It's solid stone.

language observation:
gold piece far westsouthwest
stairs up far westsouthwest
horizontal closed door far westsouthwest
doorway near west
dark area very near south
dark area adjacent north, northeast, east, southeast, southwest, and northwest
gold piece adjacent west

cursor:
Yourself a tourist
(x=22, y=3)

map:
                                                                                
          ---------                                                             
          |........##$@                                                         
          |.......|   #                                                         
          |....$<..                                                             
          -+-------                                                             
                                                                                
                                                                                
                                                                                
                                                                                
                                                                                
                                                                                
                                                                                
                                                                                
                                                                                
                                                                                
                                                                                
                                                                                
                                                                                
                                                                                
                                                                                
Agent the Rambler              St:11 Dx:9 Co:18 In:13 Wi:8 Ch:16 Neutral S:0    
Dlvl:1 $:708 HP:10(10) Pw:2(2) AC:10 Xp:1/0 T:19                                

",0.0,False
123,northwest,,"message:
It's solid stone.

language observation:
gold piece far westsouthwest
stairs up far westsouthwest
horizontal closed door far westsouthwest
doorway near west
dark area very near south
dark area adjacent north, northeast, east, southeast, southwest, and northwest
gold piece adjacent west

cursor:
Yourself a tourist
(x=22, y=3)

map:
                                                                                
          ---------                                                             
          |........##$@                                                         
          |.......|   #                                                         
          |....$<..                                                             
          -+-------                                                             
                                                                                
                                                                                
                                                                                
                                                                                
                                                                                
                                                                                
                                                                                
                                                                                
                                                                                
                                                                                
                                                                                
                                                                                
                                                                                
                                                                                
                                                                                
Agent the Rambler              St:11 Dx:9 Co:18 In:13 Wi:8 Ch:16 Neutral S:0    
Dlvl:1 $:708 HP:10(10) Pw:2(2) AC:10 Xp:1/0 T:19                                

",0.0,False
124,west,,"message:
$ - a gold piece.

language observation:
gold piece far westsouthwest
horizontal closed door far westsouthwest
stairs up near westsouthwest
doorway near west
dark area very near east and southeast
dark area adjacent north, northeast, south, southwest, and northwest
tame kitten adjacent west

cursor:
Yourself a tourist
(x=21, y=3)

map:
                                                                                
          ---------                                                             
          |........#f@#                                                         
          |.......|   #                                                         
          |....$<..                                                             
          -+-------                                                             
                                                                                
                                                                                
                                                                                
                                                                                
                                                                                
                                                                                
                                                                                
                                                                                
                                                                                
                                                                                
                                                                                
                                                                                
                                                                                
                                                                                
                                                                                
Agent the Rambler              St:11 Dx:9 Co:18 In:13 Wi:8 Ch:16 Neutral S:1    
Dlvl:1 $:709 HP:10(10) Pw:2(2) AC:10 Xp:1/0 T:20                                

",1.0,False
125,west,,"message:
You swap places with your kitten.

language observation:
horizontal closed door far westsouthwest
dark area near east
gold piece near westsouthwest
stairs up near westsouthwest
doorway very near west
dark area adjacent north, northeast, southeast, south, southwest, and northwest
tame kitten adjacent east

cursor:
Yourself a tourist
(x=20, y=3)

map:
                                                                                
          ---------                                                             
          |........#@f#                                                         
          |.......|   #                                                         
          |....$<..                                                             
          -+-------                                                             
                                                                                
                                                                                
                                                                                
                                                                                
                                                                                
                                                                                
                                                                                
                                                                                
                                                                                
                                                                                
                                                                                
                                                                                
                                                                                
                                                                                
                                                                                
Agent the Rambler              St:11 Dx:9 Co:18 In:13 Wi:8 Ch:16 Neutral S:1    
Dlvl:1 $:709 HP:10(10) Pw:2(2) AC:10 Xp:1/0 T:21                                

",0.0,False
126,west,,"message:


language observation:
horizontal closed door far westsouthwest
vertical wall far west
dark area near east
gold piece near westsouthwest
stairs up near westsouthwest
dark area adjacent north, northeast, southeast, and south
tame kitten adjacent east
vertical wall adjacent southwest
doorway adjacent west
northeast room corner adjacent northwest

cursor:
Yourself a tourist
(x=19, y=3)

map:
                                                                                
          ---------                                                             
          |........@f##                                                         
          |.......|   #                                                         
          |....$<..                                                             
          -+-------                                                             
                                                                                
                                                                                
                                                                                
                                                                                
                                                                                
                                                                                
                                                                                
                                                                                
                                                                                
                                                                                
                                                                                
                                                                                
                                                                                
                                                                                
                                                                                
Agent the Rambler              St:11 Dx:9 Co:18 In:13 Wi:8 Ch:16 Neutral S:1    
Dlvl:1 $:709 HP:10(10) Pw:2(2) AC:10 Xp:1/0 T:22                                

",0.0,False
127,west,,"message:


language observation:
horizontal closed door far westsouthwest
vertical wall far west
dark area near east
horizontal wall near southwest
gold piece near westsouthwest
stairs up very near southwest
northeast room corner adjacent north
dark area adjacent northeast and southeast
tame kitten adjacent east
vertical wall adjacent south
horizontal wall adjacent northwest

cursor:
Yourself a tourist
(x=18, y=3)

map:
                                                                                
          ---------                                                             
          |.......@f###                                                         
          |.......|   #                                                         
          |....$<..                                                             
          -+-------                                                             
                                                                                
                                                                                
                                                                                
                                                                                
                                                                                
                                                                                
                                                                                
                                                                                
                                                                                
                                                                                
                                                                                
                                                                                
                                                                                
                                                                                
                                                                                
Agent the Rambler              St:11 Dx:9 Co:18 In:13 Wi:8 Ch:16 Neutral S:1    
Dlvl:1 $:709 HP:10(10) Pw:2(2) AC:10 Xp:1/0 T:23                                

",0.0,False
128,west,,"message:


language observation:
dark area far east
horizontal closed door far westsouthwest
vertical wall far west
horizontal wall near south and southwest
stairs up very near southsouthwest
gold piece very near southwest
horizontal wall adjacent north and northwest
northeast room corner adjacent northeast
tame kitten adjacent east
vertical wall adjacent southeast

cursor:
Yourself a tourist
(x=17, y=3)

map:
                                                                                
          ---------                                                             
          |......@f####                                                         
          |.......|   #                                                         
          |....$<..                                                             
          -+-------                                                             
                                                                                
                                                                                
                                                                                
                                                                                
                                                                                
                                                                                
                                                                                
                                                                                
                                                                                
                                                                                
                                                                                
                                                                                
                                                                                
                                                                                
                                                                                
Agent the Rambler              St:11 Dx:9 Co:18 In:13 Wi:8 Ch:16 Neutral S:1    
Dlvl:1 $:709 HP:10(10) Pw:2(2) AC:10 Xp:1/0 T:24                                

",0.0,False
129,west,,"message:


language observation:
dark area far east
vertical wall far west
dark area near southeast
horizontal wall near south and southwest
horizontal closed door near westsouthwest
doorway very near east and southeast
stairs up very near south
gold piece very near southsouthwest
horizontal wall adjacent north, northeast, and northwest
tame kitten adjacent southeast

cursor:
Yourself a tourist
(x=16, y=3)

map:
                                                                                
          ---------                                                             
          |.....@..####                                                         
          |......f|   #                                                         
          |....$<..                                                             
          -+-------                                                             
                                                                                
                                                                                
                                                                                
                                                                                
                                                                                
                                                                                
                                                                                
                                                                                
                                                                                
                                                                                
                                                                                
                                                                                
                                                                                
                                                                                
                                                                                
Agent the Rambler              St:11 Dx:9 Co:18 In:13 Wi:8 Ch:16 Neutral S:1    
Dlvl:1 $:709 HP:10(10) Pw:2(2) AC:10 Xp:1/0 T:25                                

",0.0,False
130,west,,"message:


language observation:
dark area far east
doorway near east
southeast corner near southeast
horizontal wall near south and southwest
horizontal closed door near westsouthwest
vertical wall near west
tame kitten very near southsoutheast
gold piece very near south
horizontal wall adjacent north, northeast, and northwest

cursor:
Yourself a tourist
(x=15, y=3)

map:
                                                                                
          ---------                                                             
          |....@...####                                                         
          |.......|   #                                                         
          |....$f..                                                             
          -+-------                                                             
                                                                                
                                                                                
                                                                                
                                                                                
                                                                                
                                                                                
                                                                                
                                                                                
                                                                                
                                                                                
                                                                                
                                                                                
                                                                                
                                                                                
                                                                                
Agent the Rambler              St:11 Dx:9 Co:18 In:13 Wi:8 Ch:16 Neutral S:1    
Dlvl:1 $:709 HP:10(10) Pw:2(2) AC:10 Xp:1/0 T:26                                

",0.0,False
131,west,,"message:


language observation:
dark area far east
doorway near east
tame kitten near eastsoutheast
horizontal wall near southeast and south
horizontal closed door near southwest
dark area near southwest
vertical wall near west
stairs up very near southeast
gold piece very near southsoutheast
horizontal wall adjacent north, northeast, and northwest

cursor:
Yourself a tourist
(x=14, y=3)

map:
                                                                                
          ---------                                                             
          |...@....####                                                         
          |.......|   #                                                         
          |....$<f.                                                             
          -+-------                                                             
                                                                                
                                                                                
                                                                                
                                                                                
                                                                                
                                                                                
                                                                                
                                                                                
                                                                                
                                                                                
                                                                                
                                                                                
                                                                                
                                                                                
                                                                                
Agent the Rambler              St:11 Dx:9 Co:18 In:13 Wi:8 Ch:16 Neutral S:1    
Dlvl:1 $:709 HP:10(10) Pw:2(2) AC:10 Xp:1/0 T:27                                

",0.0,False
132,west,,"message:


language observation:
doorway near east
stairs up near eastsoutheast
tame kitten near eastsoutheast
horizontal wall near southeast and south
horizontal closed door near southsouthwest
southwest corner near southwest
vertical wall near west
gold piece very near southeast
horizontal wall adjacent north, northeast, and northwest

cursor:
Yourself a tourist
(x=13, y=3)

map:
                                                                                
          ---------                                                             
          |..@.....####                                                         
          |.......|   #                                                         
          |....$<f.                                                             
          -+-------                                                             
                                                                                
                                                                                
                                                                                
                                                                                
                                                                                
                                                                                
                                                                                
                                                                                
                                                                                
                                                                                
                                                                                
                                                                                
                                                                                
                                                                                
                                                                                
Agent the Rambler              St:11 Dx:9 Co:18 In:13 Wi:8 Ch:16 Neutral S:1    
Dlvl:1 $:709 HP:10(10) Pw:2(2) AC:10 Xp:1/0 T:28                                

",0.0,False
133,west,,"message:


language observation:
doorway far east
gold piece near eastsoutheast
tame kitten near eastsoutheast
horizontal wall near southeast and south
horizontal closed door near southsouthwest
vertical wall very near southwest and west
horizontal wall adjacent north, northeast, and northwest

cursor:
Yourself a tourist
(x=12, y=3)

map:
                                                                                
          ---------                                                             
          |.@......####                                                         
          |.......|   #                                                         
          |....$f..                                                             
          -+-------                                                             
                                                                                
                                                                                
                                                                                
                                                                                
                                                                                
                                                                                
                                                                                
                                                                                
                                                                                
                                                                                
                                                                                
                                                                                
                                                                                
                                                                                
                                                                                
Agent the Rambler              St:11 Dx:9 Co:18 In:13 Wi:8 Ch:16 Neutral S:1    
Dlvl:1 $:709 HP:10(10) Pw:2(2) AC:10 Xp:1/0 T:29                                

",0.0,False
134,west,,"message:


language observation:
doorway far east
tame kitten near eastsoutheast
stairs up near eastsoutheast
horizontal wall near southeast
horizontal closed door near south
dark area near south
horizontal wall adjacent north and northeast
vertical wall adjacent southwest and west
northwest room corner adjacent northwest

cursor:
Yourself a tourist
(x=11, y=3)

map:
                                                                                
          ---------                                                             
          |@.......####                                                         
          |.......|   #                                                         
          |....f<..                                                             
          -+-------                                                             
                                                                                
                                                                                
                                                                                
                                                                                
                                                                                
                                                                                
                                                                                
                                                                                
                                                                                
                                                                                
                                                                                
                                                                                
                                                                                
                                                                                
                                                                                
Agent the Rambler              St:11 Dx:9 Co:18 In:13 Wi:8 Ch:16 Neutral S:1    
Dlvl:1 $:709 HP:10(10) Pw:2(2) AC:10 Xp:1/0 T:30                                

",0.0,False
135,west,,"message:
It's a wall.

language observation:
doorway far east
tame kitten near eastsoutheast
stairs up near eastsoutheast
horizontal wall near southeast
horizontal closed door near south
dark area near south
horizontal wall adjacent north and northeast
vertical wall adjacent southwest and west
northwest room corner adjacent northwest

cursor:
Yourself a tourist
(x=11, y=3)

map:
                                                                                
          ---------                                                             
          |@.......####                                                         
          |.......|   #                                                         
          |....f<..                                                             
          -+-------                                                             
                                                                                
                                                                                
                                                                                
                                                                                
                                                                                
                                                                                
                                                                                
                                                                                
                                                                                
                                                                                
                                                                                
                                                                                
                                                                                
                                                                                
                                                                                
Agent the Rambler              St:11 Dx:9 Co:18 In:13 Wi:8 Ch:16 Neutral S:1    
Dlvl:1 $:709 HP:10(10) Pw:2(2) AC:10 Xp:1/0 T:30                                

",0.0,False
136,west,,"message:
It's a wall.

language observation:
doorway far east
tame kitten near eastsoutheast
stairs up near eastsoutheast
horizontal wall near southeast
horizontal closed door near south
dark area near south
horizontal wall adjacent north and northeast
vertical wall adjacent southwest and west
northwest room corner adjacent northwest

cursor:
Yourself a tourist
(x=11, y=3)

map:
                                                                                
          ---------                                                             
          |@.......####                                                         
          |.......|   #                                                         
          |....f<..                                                             
          -+-------                                                             
                                                                                
                                                                                
                                                                                
                                                                                
                                                                                
                                                                                
                                                                                
                                                                                
                                                                                
                                                                                
                                                                                
                                                                                
                                                                                
                                                                                
                                                                                
Agent the Rambler              St:11 Dx:9 Co:18 In:13 Wi:8 Ch:16 Neutral S:1    
Dlvl:1 $:709 HP:10(10) Pw:2(2) AC:10 Xp:1/0 T:30                                

",0.0,False
137,west,,"message:
It's a wall.

language observation:
doorway far east
tame kitten near eastsoutheast
stairs up near eastsoutheast
horizontal wall near southeast
horizontal closed door near south
dark area near south
horizontal wall adjacent north and northeast
vertical wall adjacent southwest and west
northwest room corner adjacent northwest

cursor:
Yourself a tourist
(x=11, y=3)

map:
                                                                                
          ---------                                                             
          |@.......####                                                         
          |.......|   #                                                         
          |....f<..                                                             
          -+-------                                                             
                                                                                
                                                                                
                                                                                
                                                                                
                                                                                
                                                                                
                                                                                
                                                                                
                                                                                
                                                                                
                                                                                
                                                                                
                                                                                
                                                                                
                                                                                
Agent the Rambler              St:11 Dx:9 Co:18 In:13 Wi:8 Ch:16 Neutral S:1    
Dlvl:1 $:709 HP:10(10) Pw:2(2) AC:10 Xp:1/0 T:30                                

",0.0,False
138,west,,"message:
It's a wall.

language observation:
doorway far east
tame kitten near eastsoutheast
stairs up near eastsoutheast
horizontal wall near southeast
horizontal closed door near south
dark area near south
horizontal wall adjacent north and northeast
vertical wall adjacent southwest and west
northwest room corner adjacent northwest

cursor:
Yourself a tourist
(x=11, y=3)

map:
                                                                                
          ---------                                                             
          |@.......####                                                         
          |.......|   #                                                         
          |....f<..                                                             
          -+-------                                                             
                                                                                
                                                                                
                                                                                
                                                                                
                                                                                
                                                                                
                                                                                
                                                                                
                                                                                
                                                                                
                                                                                
                                                                                
                                                                                
                                                                                
                                                                                
Agent the Rambler              St:11 Dx:9 Co:18 In:13 Wi:8 Ch:16 Neutral S:1    
Dlvl:1 $:709 HP:10(10) Pw:2(2) AC:10 Xp:1/0 T:30                                

",0.0,False
139,more,,"message:
Unknown command '^M'.

language observation:
doorway far east
tame kitten near eastsoutheast
stairs up near eastsoutheast
horizontal wall near southeast
horizontal closed door near south
dark area near south
horizontal wall adjacent north and northeast
vertical wall adjacent southwest and west
northwest room corner adjacent northwest

cursor:
Yourself a tourist
(x=11, y=3)

map:
                                                                                
          ---------                                                             
          |@.......####                                                         
          |.......|   #                                                         
          |....f<..                                                             
          -+-------                                                             
                                                                                
                                                                                
                                                                                
                                                                                
                                                                                
                                                                                
                                                                                
                                                                                
                                                                                
                                                                                
                                                                                
                                                                                
                                                                                
                                                                                
                                                                                
Agent the Rambler              St:11 Dx:9 Co:18 In:13 Wi:8 Ch:16 Neutral S:1    
Dlvl:1 $:709 HP:10(10) Pw:2(2) AC:10 Xp:1/0 T:30                                

",0.0,False
140,more,,"message:


language observation:
doorway far east
tame kitten near eastsoutheast
stairs up near eastsoutheast
horizontal wall near southeast
horizontal closed door near south
dark area near south
horizontal wall adjacent north and northeast
vertical wall adjacent southwest and west
northwest room corner adjacent northwest

cursor:
Yourself a tourist
(x=11, y=3)

map:
                                                                                
          ---------                                                             
          |@.......####                                                         
          |.......|   #                                                         
          |....f<..                                                             
          -+-------                                                             
                                                                                
                                                                                
                                                                                
                                                                                
                                                                                
                                                                                
                                                                                
                                                                                
                                                                                
                                                                                
                                                                                
                                                                                
                                                                                
                                                                                
                                                                                
Agent the Rambler              St:11 Dx:9 Co:18 In:13 Wi:8 Ch:16 Neutral S:1    
Dlvl:1 $:709 HP:10(10) Pw:2(2) AC:10 Xp:1/0 T:30                                

",0.0,False
141,east,,"message:
The kitten picks up a gold piece.

language observation:
doorway far east
gold piece near eastsoutheast
stairs up near eastsoutheast
horizontal wall near southeast and south
horizontal closed door near southsouthwest
tame kitten very near eastsoutheast
vertical wall very near southwest and west
horizontal wall adjacent north, northeast, and northwest

cursor:
Yourself a tourist
(x=12, y=3)

map:
                                                                                
          ---------                                                             
          |.@......####                                                         
          |...f...|   #                                                         
          |....$<..                                                             
          -+-------                                                             
                                                                                
                                                                                
                                                                                
                                                                                
                                                                                
                                                                                
                                                                                
                                                                                
                                                                                
                                                                                
                                                                                
                                                                                
                                                                                
                                                                                
                                                                                
Agent the Rambler              St:11 Dx:9 Co:18 In:13 Wi:8 Ch:16 Neutral S:1    
Dlvl:1 $:709 HP:10(10) Pw:2(2) AC:10 Xp:1/0 T:31                                

",0.0,False
142,east,,"message:


language observation:
doorway near east
stairs up near eastsoutheast
horizontal wall near southeast and south
horizontal closed door near southsouthwest
southwest corner near southwest
vertical wall near west
gold piece very near southeast
horizontal wall adjacent north, northeast, and northwest
tame kitten adjacent south

cursor:
Yourself a tourist
(x=13, y=3)

map:
                                                                                
          ---------                                                             
          |..@.....####                                                         
          |..f....|   #                                                         
          |....$<..                                                             
          -+-------                                                             
                                                                                
                                                                                
                                                                                
                                                                                
                                                                                
                                                                                
                                                                                
                                                                                
                                                                                
                                                                                
                                                                                
                                                                                
                                                                                
                                                                                
                                                                                
Agent the Rambler              St:11 Dx:9 Co:18 In:13 Wi:8 Ch:16 Neutral S:1    
Dlvl:1 $:709 HP:10(10) Pw:2(2) AC:10 Xp:1/0 T:32                                

",0.0,False
143,east,,"message:
The kitten drops a gold piece.

language observation:
dark area far east
doorway near east
horizontal wall near southeast and south
horizontal closed door near southwest
dark area near southwest
vertical wall near west
stairs up very near southeast
gold piece very near southsoutheast
tame kitten very near southsouthwest
horizontal wall adjacent north, northeast, and northwest
gold piece adjacent southwest

cursor:
Yourself a tourist
(x=14, y=3)

map:
                                                                                
          ---------                                                             
          |...@....####                                                         
          |..$....|   #                                                         
          |..f.$<..                                                             
          -+-------                                                             
                                                                                
                                                                                
                                                                                
                                                                                
                                                                                
                                                                                
                                                                                
                                                                                
                                                                                
                                                                                
                                                                                
                                                                                
                                                                                
                                                                                
                                                                                
Agent the Rambler              St:11 Dx:9 Co:18 In:13 Wi:8 Ch:16 Neutral S:1    
Dlvl:1 $:709 HP:10(10) Pw:2(2) AC:10 Xp:1/0 T:33                                

",0.0,False
144,east,,"message:


language observation:
dark area far east
doorway near east
southeast corner near southeast
horizontal wall near south and southwest
horizontal closed door near westsouthwest
vertical wall near west
stairs up very near southsoutheast
gold piece very near south
tame kitten very near westsouthwest
horizontal wall adjacent north, northeast, and northwest

cursor:
Yourself a tourist
(x=15, y=3)

map:
                                                                                
          ---------                                                             
          |....@...####                                                         
          |..f....|   #                                                         
          |....$<..                                                             
          -+-------                                                             
                                                                                
                                                                                
                                                                                
                                                                                
                                                                                
                                                                                
                                                                                
                                                                                
                                                                                
                                                                                
                                                                                
                                                                                
                                                                                
                                                                                
                                                                                
Agent the Rambler              St:11 Dx:9 Co:18 In:13 Wi:8 Ch:16 Neutral S:1    
Dlvl:1 $:709 HP:10(10) Pw:2(2) AC:10 Xp:1/0 T:34                                

",0.0,False
145,east,,"message:


language observation:
dark area far east
vertical wall far west
dark area near southeast
horizontal wall near south and southwest
gold piece near westsouthwest
horizontal closed door near westsouthwest
doorway very near east and southeast
stairs up very near south
gold piece very near southsouthwest
tame kitten very near westsouthwest
horizontal wall adjacent north, northeast, and northwest

cursor:
Yourself a tourist
(x=16, y=3)

map:
                                                                                
          ---------                                                             
          |.....@..####                                                         
          |..$f...|   #                                                         
          |....$<..                                                             
          -+-------                                                             
                                                                                
                                                                                
                                                                                
                                                                                
                                                                                
                                                                                
                                                                                
                                                                                
                                                                                
                                                                                
                                                                                
                                                                                
                                                                                
                                                                                
                                                                                
Agent the Rambler              St:11 Dx:9 Co:18 In:13 Wi:8 Ch:16 Neutral S:1    
Dlvl:1 $:709 HP:10(10) Pw:2(2) AC:10 Xp:1/0 T:35                                

",0.0,False
146,east,,"message:
The kitten picks up a gold piece.

language observation:
dark area far east
horizontal closed door far westsouthwest
vertical wall far west
horizontal wall near south and southwest
tame kitten near west
stairs up very near southsouthwest
gold piece very near southwest
horizontal wall adjacent north and northwest
northeast room corner adjacent northeast
doorway adjacent east
vertical wall adjacent southeast

cursor:
Yourself a tourist
(x=17, y=3)

map:
                                                                                
          ---------                                                             
          |...f..@.####                                                         
          |.......|   #                                                         
          |....$<..                                                             
          -+-------                                                             
                                                                                
                                                                                
                                                                                
                                                                                
                                                                                
                                                                                
                                                                                
                                                                                
                                                                                
                                                                                
                                                                                
                                                                                
                                                                                
                                                                                
                                                                                
Agent the Rambler              St:11 Dx:9 Co:18 In:13 Wi:8 Ch:16 Neutral S:1    
Dlvl:1 $:709 HP:10(10) Pw:2(2) AC:10 Xp:1/0 T:36                                

",0.0,False
147,east,,"message:


language observation:
horizontal closed door far westsouthwest
vertical wall far west
dark area near east
horizontal wall near southwest
gold piece near westsouthwest
stairs up very near southwest
tame kitten very near west
northeast room corner adjacent north
dark area adjacent northeast and southeast
vertical wall adjacent south
horizontal wall adjacent northwest

cursor:
Yourself a tourist
(x=18, y=3)

map:
                                                                                
          ---------                                                             
          |.....f.@####                                                         
          |.......|   #                                                         
          |....$<..                                                             
          -+-------                                                             
                                                                                
                                                                                
                                                                                
                                                                                
                                                                                
                                                                                
                                                                                
                                                                                
                                                                                
                                                                                
                                                                                
                                                                                
                                                                                
                                                                                
                                                                                
Agent the Rambler              St:11 Dx:9 Co:18 In:13 Wi:8 Ch:16 Neutral S:1    
Dlvl:1 $:709 HP:10(10) Pw:2(2) AC:10 Xp:1/0 T:37                                

",0.0,False
148,east,,"message:


language observation:
horizontal closed door far westsouthwest
vertical wall far west
dark area near east
gold piece near westsouthwest
stairs up near westsouthwest
tame kitten very near west
dark area adjacent north, northeast, southeast, and south
vertical wall adjacent southwest
doorway adjacent west
northeast room corner adjacent northwest

cursor:
Yourself a tourist
(x=19, y=3)

map:
                                                                                
          ---------                                                             
          |......f.@###                                                         
          |.......|   #                                                         
          |....$<..                                                             
          -+-------                                                             
                                                                                
                                                                                
                                                                                
                                                                                
                                                                                
                                                                                
                                                                                
                                                                                
                                                                                
                                                                                
                                                                                
                                                                                
                                                                                
                                                                                
                                                                                
Agent the Rambler              St:11 Dx:9 Co:18 In:13 Wi:8 Ch:16 Neutral S:1    
Dlvl:1 $:709 HP:10(10) Pw:2(2) AC:10 Xp:1/0 T:38                                

",0.0,False
149,north,,"message:
It's solid stone.

language observation:
horizontal closed door far westsouthwest
vertical wall far west
dark area near east
gold piece near westsouthwest
stairs up near westsouthwest
tame kitten very near west
dark area adjacent north, northeast, southeast, and south
vertical wall adjacent southwest
doorway adjacent west
northeast room corner adjacent northwest

cursor:
Yourself a tourist
(x=19, y=3)

map:
                                                                                
          ---------                                                             
          |......f.@###                                                         
          |.......|   #                                                         
          |....$<..                                                             
          -+-------                                                             
                                                                                
                                                                                
                                                                                
                                                                                
                                                                                
                                                                                
                                                                                
                                                                                
                                                                                
                                                                                
                                                                                
                                                                                
                                                                                
                                                                                
                                                                                
Agent the Rambler              St:11 Dx:9 Co:18 In:13 Wi:8 Ch:16 Neutral S:1    
Dlvl:1 $:709 HP:10(10) Pw:2(2) AC:10 Xp:1/0 T:38                                

",0.0,False
150,northwest,,"message:
It's a wall.

language observation:
horizontal closed door far westsouthwest
vertical wall far west
dark area near east
gold piece near westsouthwest
stairs up near westsouthwest
tame kitten very near west
dark area adjacent north, northeast, southeast, and south
vertical wall adjacent southwest
doorway adjacent west
northeast room corner adjacent northwest

cursor:
Yourself a tourist
(x=19, y=3)

map:
                                                                                
          ---------                                                             
          |......f.@###                                                         
          |.......|   #                                                         
          |....$<..                                                             
          -+-------                                                             
                                                                                
                                                                                
                                                                                
                                                                                
                                                                                
                                                                                
                                                                                
                                                                                
                                                                                
                                                                                
                                                                                
                                                                                
                                                                                
                                                                                
                                                                                
Agent the Rambler              St:11 Dx:9 Co:18 In:13 Wi:8 Ch:16 Neutral S:1    
Dlvl:1 $:709 HP:10(10) Pw:2(2) AC:10 Xp:1/0 T:38                                

",0.0,False
151,east,,"message:


language observation:
horizontal closed door far westsouthwest
dark area near east
gold piece near westsouthwest
stairs up near westsouthwest
tame kitten very near west
dark area adjacent north, northeast, southeast, south, southwest, and northwest

cursor:
Yourself a tourist
(x=20, y=3)

map:
                                                                                
          ---------                                                             
          |.......f#@##                                                         
          |.......|   #                                                         
          |....$<..                                                             
          -+-------                                                             
                                                                                
                                                                                
                                                                                
                                                                                
                                                                                
                                                                                
                                                                                
                                                                                
                                                                                
                                                                                
                                                                                
                                                                                
                                                                                
                                                                                
                                                                                
Agent the Rambler              St:11 Dx:9 Co:18 In:13 Wi:8 Ch:16 Neutral S:1    
Dlvl:1 $:709 HP:10(10) Pw:2(2) AC:10 Xp:1/0 T:39                                

",0.0,False
152,east,,"message:


language observation:
gold piece far westsouthwest
horizontal closed door far westsouthwest
stairs up near westsouthwest
doorway near west
dark area very near east and southeast
dark area adjacent north, northeast, south, southwest, and northwest

cursor:
Yourself a tourist
(x=21, y=3)

map:
                                                                                
          ---------                                                             
          |........##@#                                                         
          |.......|   #                                                         
          |....$<..                                                             
          -+-------                                                             
                                                                                
                                                                                
                                                                                
                                                                                
                                                                                
                                                                                
                                                                                
                                                                                
                                                                                
                                                                                
                                                                                
                                                                                
                                                                                
                                                                                
                                                                                
Agent the Rambler              St:11 Dx:9 Co:18 In:13 Wi:8 Ch:16 Neutral S:1    
Dlvl:1 $:709 HP:10(10) Pw:2(2) AC:10 Xp:1/0 T:40                                

",0.0,False
153,east,,"message:


language observation:
gold piece far westsouthwest
stairs up far westsouthwest
horizontal closed door far westsouthwest
doorway near west
dark area very near south
dark area adjacent north, northeast, east, southeast, southwest, and northwest
tame kitten adjacent west

cursor:
Yourself a tourist
(x=22, y=3)

map:
                                                                                
          ---------                                                             
          |........##f@                                                         
          |.......|   #                                                         
          |....$<..                                                             
          -+-------                                                             
                                                                                
                                                                                
                                                                                
                                                                                
                                                                                
                                                                                
                                                                                
                                                                                
                                                                                
                                                                                
                                                                                
                                                                                
                                                                                
                                                                                
                                                                                
Agent the Rambler              St:11 Dx:9 Co:18 In:13 Wi:8 Ch:16 Neutral S:1    
Dlvl:1 $:709 HP:10(10) Pw:2(2) AC:10 Xp:1/0 T:41                                

",0.0,False
154,east,,"message:
It's solid stone.

language observation:
gold piece far westsouthwest
stairs up far westsouthwest
horizontal closed door far westsouthwest
doorway near west
dark area very near south
dark area adjacent north, northeast, east, southeast, southwest, and northwest
tame kitten adjacent west

cursor:
Yourself a tourist
(x=22, y=3)

map:
                                                                                
          ---------                                                             
          |........##f@                                                         
          |.......|   #                                                         
          |....$<..                                                             
          -+-------                                                             
                                                                                
                                                                                
                                                                                
                                                                                
                                                                                
                                                                                
                                                                                
                                                                                
                                                                                
                                                                                
                                                                                
                                                                                
                                                                                
                                                                                
                                                                                
Agent the Rambler              St:11 Dx:9 Co:18 In:13 Wi:8 Ch:16 Neutral S:1    
Dlvl:1 $:709 HP:10(10) Pw:2(2) AC:10 Xp:1/0 T:41                                

",0.0,False
155,east,,"message:
It's solid stone.

language observation:
gold piece far westsouthwest
stairs up far westsouthwest
horizontal closed door far westsouthwest
doorway near west
dark area very near south
dark area adjacent north, northeast, east, southeast, southwest, and northwest
tame kitten adjacent west

cursor:
Yourself a tourist
(x=22, y=3)

map:
                                                                                
          ---------                                                             
          |........##f@                                                         
          |.......|   #                                                         
          |....$<..                                                             
          -+-------                                                             
                                                                                
                                                                                
                                                                                
                                                                                
                                                                                
                                                                                
                                                                                
                                                                                
                                                                                
                                                                                
                                                                                
                                                                                
                                                                                
                                                                                
                                                                                
Agent the Rambler              St:11 Dx:9 Co:18 In:13 Wi:8 Ch:16 Neutral S:1    
Dlvl:1 $:709 HP:10(10) Pw:2(2) AC:10 Xp:1/0 T:41                                

",0.0,False
156,east,,"message:
It's solid stone.

language observation:
gold piece far westsouthwest
stairs up far westsouthwest
horizontal closed door far westsouthwest
doorway near west
dark area very near south
dark area adjacent north, northeast, east, southeast, southwest, and northwest
tame kitten adjacent west

cursor:
Yourself a tourist
(x=22, y=3)

map:
                                                                                
          ---------                                                             
          |........##f@                                                         
          |.......|   #                                                         
          |....$<..                                                             
          -+-------                                                             
                                                                                
                                                                                
                                                                                
                                                                                
                                                                                
                                                                                
                                                                                
                                                                                
                                                                                
                                                                                
                                                                                
                                                                                
                                                                                
                                                                                
                                                                                
Agent the Rambler              St:11 Dx:9 Co:18 In:13 Wi:8 Ch:16 Neutral S:1    
Dlvl:1 $:709 HP:10(10) Pw:2(2) AC:10 Xp:1/0 T:41                                

",0.0,False
157,east,,"message:
It's solid stone.

language observation:
gold piece far westsouthwest
stairs up far westsouthwest
horizontal closed door far westsouthwest
doorway near west
dark area very near south
dark area adjacent north, northeast, east, southeast, southwest, and northwest
tame kitten adjacent west

cursor:
Yourself a tourist
(x=22, y=3)

map:
                                                                                
          ---------                                                             
          |........##f@                                                         
          |.......|   #                                                         
          |....$<..                                                             
          -+-------                                                             
                                                                                
                                                                                
                                                                                
                                                                                
                                                                                
                                                                                
                                                                                
                                                                                
                                                                                
                                                                                
                                                                                
                                                                                
                                                                                
                                                                                
                                                                                
Agent the Rambler              St:11 Dx:9 Co:18 In:13 Wi:8 Ch:16 Neutral S:1    
Dlvl:1 $:709 HP:10(10) Pw:2(2) AC:10 Xp:1/0 T:41                                

",0.0,False
158,east,,"message:
It's solid stone.

language observation:
gold piece far westsouthwest
stairs up far westsouthwest
horizontal closed door far westsouthwest
doorway near west
dark area very near south
dark area adjacent north, northeast, east, southeast, southwest, and northwest
tame kitten adjacent west

cursor:
Yourself a tourist
(x=22, y=3)

map:
                                                                                
          ---------                                                             
          |........##f@                                                         
          |.......|   #                                                         
          |....$<..                                                             
          -+-------                                                             
                                                                                
                                                                                
                                                                                
                                                                                
                                                                                
                                                                                
                                                                                
                                                                                
                                                                                
                                                                                
                                                                                
                                                                                
                                                                                
                                                                                
                                                                                
Agent the Rambler              St:11 Dx:9 Co:18 In:13 Wi:8 Ch:16 Neutral S:1    
Dlvl:1 $:709 HP:10(10) Pw:2(2) AC:10 Xp:1/0 T:41                                

",0.0,False
159,east,,"message:
It's solid stone.

language observation:
gold piece far westsouthwest
stairs up far westsouthwest
horizontal closed door far westsouthwest
doorway near west
dark area very near south
dark area adjacent north, northeast, east, southeast, southwest, and northwest
tame kitten adjacent west

cursor:
Yourself a tourist
(x=22, y=3)

map:
                                                                                
          ---------                                                             
          |........##f@                                                         
          |.......|   #                                                         
          |....$<..                                                             
          -+-------                                                             
                                                                                
                                                                                
                                                                                
                                                                                
                                                                                
                                                                                
                                                                                
                                                                                
                                                                                
                                                                                
                                                                                
                                                                                
                                                                                
                                                                                
                                                                                
Agent the Rambler              St:11 Dx:9 Co:18 In:13 Wi:8 Ch:16 Neutral S:1    
Dlvl:1 $:709 HP:10(10) Pw:2(2) AC:10 Xp:1/0 T:41                                

",0.0,False
160,east,,"message:
It's solid stone.

language observation:
gold piece far westsouthwest
stairs up far westsouthwest
horizontal closed door far westsouthwest
doorway near west
dark area very near south
dark area adjacent north, northeast, east, southeast, southwest, and northwest
tame kitten adjacent west

cursor:
Yourself a tourist
(x=22, y=3)

map:
                                                                                
          ---------                                                             
          |........##f@                                                         
          |.......|   #                                                         
          |....$<..                                                             
          -+-------                                                             
                                                                                
                                                                                
                                                                                
                                                                                
                                                                                
                                                                                
                                                                                
                                                                                
                                                                                
                                                                                
                                                                                
                                                                                
                                                                                
                                                                                
                                                                                
Agent the Rambler              St:11 Dx:9 Co:18 In:13 Wi:8 Ch:16 Neutral S:1    
Dlvl:1 $:709 HP:10(10) Pw:2(2) AC:10 Xp:1/0 T:41                                

",0.0,False
161,east,,"message:
It's solid stone.

language observation:
gold piece far westsouthwest
stairs up far westsouthwest
horizontal closed door far westsouthwest
doorway near west
dark area very near south
dark area adjacent north, northeast, east, southeast, southwest, and northwest
tame kitten adjacent west

cursor:
Yourself a tourist
(x=22, y=3)

map:
                                                                                
          ---------                                                             
          |........##f@                                                         
          |.......|   #                                                         
          |....$<..                                                             
          -+-------                                                             
                                                                                
                                                                                
                                                                                
                                                                                
                                                                                
                                                                                
                                                                                
                                                                                
                                                                                
                                                                                
                                                                                
                                                                                
                                                                                
                                                                                
                                                                                
Agent the Rambler              St:11 Dx:9 Co:18 In:13 Wi:8 Ch:16 Neutral S:1    
Dlvl:1 $:709 HP:10(10) Pw:2(2) AC:10 Xp:1/0 T:41                                

",0.0,False
162,northwest,,"message:
It's solid stone.

language observation:
gold piece far westsouthwest
stairs up far westsouthwest
horizontal closed door far westsouthwest
doorway near west
dark area very near south
dark area adjacent north, northeast, east, southeast, southwest, and northwest
tame kitten adjacent west

cursor:
Yourself a tourist
(x=22, y=3)

map:
                                                                                
          ---------                                                             
          |........##f@                                                         
          |.......|   #                                                         
          |....$<..                                                             
          -+-------                                                             
                                                                                
                                                                                
                                                                                
                                                                                
                                                                                
                                                                                
                                                                                
                                                                                
                                                                                
                                                                                
                                                                                
                                                                                
                                                                                
                                                                                
                                                                                
Agent the Rambler              St:11 Dx:9 Co:18 In:13 Wi:8 Ch:16 Neutral S:1    
Dlvl:1 $:709 HP:10(10) Pw:2(2) AC:10 Xp:1/0 T:41                                

",0.0,False
163,northwest,,"message:
It's solid stone.

language observation:
gold piece far westsouthwest
stairs up far westsouthwest
horizontal closed door far westsouthwest
doorway near west
dark area very near south
dark area adjacent north, northeast, east, southeast, southwest, and northwest
tame kitten adjacent west

cursor:
Yourself a tourist
(x=22, y=3)

map:
                                                                                
          ---------                                                             
          |........##f@                                                         
          |.......|   #                                                         
          |....$<..                                                             
          -+-------                                                             
                                                                                
                                                                                
                                                                                
                                                                                
                                                                                
                                                                                
                                                                                
                                                                                
                                                                                
                                                                                
                                                                                
                                                                                
                                                                                
                                                                                
                                                                                
Agent the Rambler              St:11 Dx:9 Co:18 In:13 Wi:8 Ch:16 Neutral S:1    
Dlvl:1 $:709 HP:10(10) Pw:2(2) AC:10 Xp:1/0 T:41                                

",0.0,False
164,northwest,,"message:
It's solid stone.

language observation:
gold piece far westsouthwest
stairs up far westsouthwest
horizontal closed door far westsouthwest
doorway near west
dark area very near south
dark area adjacent north, northeast, east, southeast, southwest, and northwest
tame kitten adjacent west

cursor:
Yourself a tourist
(x=22, y=3)

map:
                                                                                
          ---------                                                             
          |........##f@                                                         
          |.......|   #                                                         
          |....$<..                                                             
          -+-------                                                             
                                                                                
                                                                                
                                                                                
                                                                                
                                                                                
                                                                                
                                                                                
                                                                                
                                                                                
                                                                                
                                                                                
                                                                                
                                                                                
                                                                                
                                                                                
Agent the Rambler              St:11 Dx:9 Co:18 In:13 Wi:8 Ch:16 Neutral S:1    
Dlvl:1 $:709 HP:10(10) Pw:2(2) AC:10 Xp:1/0 T:41                                

",0.0,False
165,northwest,,"message:
It's solid stone.

language observation:
gold piece far westsouthwest
stairs up far westsouthwest
horizontal closed door far westsouthwest
doorway near west
dark area very near south
dark area adjacent north, northeast, east, southeast, southwest, and northwest
tame kitten adjacent west

cursor:
Yourself a tourist
(x=22, y=3)

map:
                                                                                
          ---------                                                             
          |........##f@                                                         
          |.......|   #                                                         
          |....$<..                                                             
          -+-------                                                             
                                                                                
                                                                                
                                                                                
                                                                                
                                                                                
                                                                                
                                                                                
                                                                                
                                                                                
                                                                                
                                                                                
                                                                                
                                                                                
                                                                                
                                                                                
Agent the Rambler              St:11 Dx:9 Co:18 In:13 Wi:8 Ch:16 Neutral S:1    
Dlvl:1 $:709 HP:10(10) Pw:2(2) AC:10 Xp:1/0 T:41                                

",0.0,False
166,northwest,,"message:
It's solid stone.

language observation:
gold piece far westsouthwest
stairs up far westsouthwest
horizontal closed door far westsouthwest
doorway near west
dark area very near south
dark area adjacent north, northeast, east, southeast, southwest, and northwest
tame kitten adjacent west

cursor:
Yourself a tourist
(x=22, y=3)

map:
                                                                                
          ---------                                                             
          |........##f@                                                         
          |.......|   #                                                         
          |....$<..                                                             
          -+-------                                                             
                                                                                
                                                                                
                                                                                
                                                                                
                                                                                
                                                                                
                                                                                
                                                                                
                                                                                
                                                                                
                                                                                
                                                                                
                                                                                
                                                                                
                                                                                
Agent the Rambler              St:11 Dx:9 Co:18 In:13 Wi:8 Ch:16 Neutral S:1    
Dlvl:1 $:709 HP:10(10) Pw:2(2) AC:10 Xp:1/0 T:41                                

",0.0,False
167,northwest,,"message:
It's solid stone.

language observation:
gold piece far westsouthwest
stairs up far westsouthwest
horizontal closed door far westsouthwest
doorway near west
dark area very near south
dark area adjacent north, northeast, east, southeast, southwest, and northwest
tame kitten adjacent west

cursor:
Yourself a tourist
(x=22, y=3)

map:
                                                                                
          ---------                                                             
          |........##f@                                                         
          |.......|   #                                                         
          |....$<..                                                             
          -+-------                                                             
                                                                                
                                                                                
                                                                                
                                                                                
                                                                                
                                                                                
                                                                                
                                                                                
                                                                                
                                                                                
                                                                                
                                                                                
                                                                                
                                                                                
                                                                                
Agent the Rambler              St:11 Dx:9 Co:18 In:13 Wi:8 Ch:16 Neutral S:1    
Dlvl:1 $:709 HP:10(10) Pw:2(2) AC:10 Xp:1/0 T:41                                

",0.0,False
168,northwest,,"message:
It's solid stone.

language observation:
gold piece far westsouthwest
stairs up far westsouthwest
horizontal closed door far westsouthwest
doorway near west
dark area very near south
dark area adjacent north, northeast, east, southeast, southwest, and northwest
tame kitten adjacent west

cursor:
Yourself a tourist
(x=22, y=3)

map:
                                                                                
          ---------                                                             
          |........##f@                                                         
          |.......|   #                                                         
          |....$<..                                                             
          -+-------                                                             
                                                                                
                                                                                
                                                                                
                                                                                
                                                                                
                                                                                
                                                                                
                                                                                
                                                                                
                                                                                
                                                                                
                                                                                
                                                                                
                                                                                
                                                                                
Agent the Rambler              St:11 Dx:9 Co:18 In:13 Wi:8 Ch:16 Neutral S:1    
Dlvl:1 $:709 HP:10(10) Pw:2(2) AC:10 Xp:1/0 T:41                                

",0.0,False
169,northwest,,"message:
It's solid stone.

language observation:
gold piece far westsouthwest
stairs up far westsouthwest
horizontal closed door far westsouthwest
doorway near west
dark area very near south
dark area adjacent north, northeast, east, southeast, southwest, and northwest
tame kitten adjacent west

cursor:
Yourself a tourist
(x=22, y=3)

map:
                                                                                
          ---------                                                             
          |........##f@                                                         
          |.......|   #                                                         
          |....$<..                                                             
          -+-------                                                             
                                                                                
                                                                                
                                                                                
                                                                                
                                                                                
                                                                                
                                                                                
                                                                                
                                                                                
                                                                                
                                                                                
                                                                                
                                                                                
                                                                                
                                                                                
Agent the Rambler              St:11 Dx:9 Co:18 In:13 Wi:8 Ch:16 Neutral S:1    
Dlvl:1 $:709 HP:10(10) Pw:2(2) AC:10 Xp:1/0 T:41                                

",0.0,False
170,northwest,,"message:
It's solid stone.

language observation:
gold piece far westsouthwest
stairs up far westsouthwest
horizontal closed door far westsouthwest
doorway near west
dark area very near south
dark area adjacent north, northeast, east, southeast, southwest, and northwest
tame kitten adjacent west

cursor:
Yourself a tourist
(x=22, y=3)

map:
                                                                                
          ---------                                                             
          |........##f@                                                         
          |.......|   #                                                         
          |....$<..                                                             
          -+-------                                                             
                                                                                
                                                                                
                                                                                
                                                                                
                                                                                
                                                                                
                                                                                
                                                                                
                                                                                
                                                                                
                                                                                
                                                                                
                                                                                
                                                                                
                                                                                
Agent the Rambler              St:11 Dx:9 Co:18 In:13 Wi:8 Ch:16 Neutral S:1    
Dlvl:1 $:709 HP:10(10) Pw:2(2) AC:10 Xp:1/0 T:41                                

",0.0,False
171,northwest,,"message:
It's solid stone.

language observation:
gold piece far westsouthwest
stairs up far westsouthwest
horizontal closed door far westsouthwest
doorway near west
dark area very near south
dark area adjacent north, northeast, east, southeast, southwest, and northwest
tame kitten adjacent west

cursor:
Yourself a tourist
(x=22, y=3)

map:
                                                                                
          ---------                                                             
          |........##f@                                                         
          |.......|   #                                                         
          |....$<..                                                             
          -+-------                                                             
                                                                                
                                                                                
                                                                                
                                                                                
                                                                                
                                                                                
                                                                                
                                                                                
                                                                                
                                                                                
                                                                                
                                                                                
                                                                                
                                                                                
                                                                                
Agent the Rambler              St:11 Dx:9 Co:18 In:13 Wi:8 Ch:16 Neutral S:1    
Dlvl:1 $:709 HP:10(10) Pw:2(2) AC:10 Xp:1/0 T:41                                

",0.0,False
172,northwest,,"message:
It's solid stone.

language observation:
gold piece far westsouthwest
stairs up far westsouthwest
horizontal closed door far westsouthwest
doorway near west
dark area very near south
dark area adjacent north, northeast, east, southeast, southwest, and northwest
tame kitten adjacent west

cursor:
Yourself a tourist
(x=22, y=3)

map:
                                                                                
          ---------                                                             
          |........##f@                                                         
          |.......|   #                                                         
          |....$<..                                                             
          -+-------                                                             
                                                                                
                                                                                
                                                                                
                                                                                
                                                                                
                                                                                
                                                                                
                                                                                
                                                                                
                                                                                
                                                                                
                                                                                
                                                                                
                                                                                
                                                                                
Agent the Rambler              St:11 Dx:9 Co:18 In:13 Wi:8 Ch:16 Neutral S:1    
Dlvl:1 $:709 HP:10(10) Pw:2(2) AC:10 Xp:1/0 T:41                                

",0.0,False
173,northwest,,"message:
It's solid stone.

language observation:
gold piece far westsouthwest
stairs up far westsouthwest
horizontal closed door far westsouthwest
doorway near west
dark area very near south
dark area adjacent north, northeast, east, southeast, southwest, and northwest
tame kitten adjacent west

cursor:
Yourself a tourist
(x=22, y=3)

map:
                                                                                
          ---------                                                             
          |........##f@                                                         
          |.......|   #                                                         
          |....$<..                                                             
          -+-------                                                             
                                                                                
                                                                                
                                                                                
                                                                                
                                                                                
                                                                                
                                                                                
                                                                                
                                                                                
                                                                                
                                                                                
                                                                                
                                                                                
                                                                                
                                                                                
Agent the Rambler              St:11 Dx:9 Co:18 In:13 Wi:8 Ch:16 Neutral S:1    
Dlvl:1 $:709 HP:10(10) Pw:2(2) AC:10 Xp:1/0 T:41                                

",0.0,False
174,northwest,,"message:
It's solid stone.

language observation:
gold piece far westsouthwest
stairs up far westsouthwest
horizontal closed door far westsouthwest
doorway near west
dark area very near south
dark area adjacent north, northeast, east, southeast, southwest, and northwest
tame kitten adjacent west

cursor:
Yourself a tourist
(x=22, y=3)

map:
                                                                                
          ---------                                                             
          |........##f@                                                         
          |.......|   #                                                         
          |....$<..                                                             
          -+-------                                                             
                                                                                
                                                                                
                                                                                
                                                                                
                                                                                
                                                                                
                                                                                
                                                                                
                                                                                
                                                                                
                                                                                
                                                                                
                                                                                
                                                                                
                                                                                
Agent the Rambler              St:11 Dx:9 Co:18 In:13 Wi:8 Ch:16 Neutral S:1    
Dlvl:1 $:709 HP:10(10) Pw:2(2) AC:10 Xp:1/0 T:41                                

",0.0,False
175,northwest,,"message:
It's solid stone.

language observation:
gold piece far westsouthwest
stairs up far westsouthwest
horizontal closed door far westsouthwest
doorway near west
dark area very near south
dark area adjacent north, northeast, east, southeast, southwest, and northwest
tame kitten adjacent west

cursor:
Yourself a tourist
(x=22, y=3)

map:
                                                                                
          ---------                                                             
          |........##f@                                                         
          |.......|   #                                                         
          |....$<..                                                             
          -+-------                                                             
                                                                                
                                                                                
                                                                                
                                                                                
                                                                                
                                                                                
                                                                                
                                                                                
                                                                                
                                                                                
                                                                                
                                                                                
                                                                                
                                                                                
                                                                                
Agent the Rambler              St:11 Dx:9 Co:18 In:13 Wi:8 Ch:16 Neutral S:1    
Dlvl:1 $:709 HP:10(10) Pw:2(2) AC:10 Xp:1/0 T:41                                

",0.0,False
176,west,,"message:
You swap places with your kitten.  The kitten drops a gold piece.

language observation:
gold piece far westsouthwest
horizontal closed door far westsouthwest
stairs up near westsouthwest
doorway near west
dark area very near east and southeast
dark area adjacent north, northeast, south, southwest, and northwest
tame kitten adjacent east

cursor:
Yourself a tourist
(x=21, y=3)

map:
                                                                                
          ---------                                                             
          |........##@f                                                         
          |.......|   #                                                         
          |....$<..                                                             
          -+-------                                                             
                                                                                
                                                                                
                                                                                
                                                                                
                                                                                
                                                                                
                                                                                
                                                                                
                                                                                
                                                                                
                                                                                
                                                                                
                                                                                
                                                                                
                                                                                
Agent the Rambler              St:11 Dx:9 Co:18 In:13 Wi:8 Ch:16 Neutral S:1    
Dlvl:1 $:709 HP:10(10) Pw:2(2) AC:10 Xp:1/0 T:42                                

",0.0,False
177,west,,"message:


language observation:
horizontal closed door far westsouthwest
dark area near east
gold piece near westsouthwest
stairs up near westsouthwest
gold piece very near east
doorway very near west
dark area adjacent north, northeast, southeast, south, southwest, and northwest

cursor:
Yourself a tourist
(x=20, y=3)

map:
                                                                                
          ---------                                                             
          |........#@#$                                                         
          |.......|   #                                                         
          |....$<..                                                             
          -+-------                                                             
                                                                                
                                                                                
                                                                                
                                                                                
                                                                                
                                                                                
                                                                                
                                                                                
                                                                                
                                                                                
                                                                                
                                                                                
                                                                                
                                                                                
                                                                                
Agent the Rambler              St:11 Dx:9 Co:18 In:13 Wi:8 Ch:16 Neutral S:1    
Dlvl:1 $:709 HP:10(10) Pw:2(2) AC:10 Xp:1/0 T:43                                

",0.0,False
178,west,,"message:


language observation:
horizontal closed door far westsouthwest
vertical wall far west
gold piece near east and westsouthwest
dark area near east
stairs up near westsouthwest
dark area adjacent north, northeast, southeast, and south
vertical wall adjacent southwest
doorway adjacent west
northeast room corner adjacent northwest

cursor:
Yourself a tourist
(x=19, y=3)

map:
                                                                                
          ---------                                                             
          |........@##$                                                         
          |.......|   #                                                         
          |....$<..                                                             
          -+-------                                                             
                                                                                
                                                                                
                                                                                
                                                                                
                                                                                
                                                                                
                                                                                
                                                                                
                                                                                
                                                                                
                                                                                
                                                                                
                                                                                
                                                                                
                                                                                
Agent the Rambler              St:11 Dx:9 Co:18 In:13 Wi:8 Ch:16 Neutral S:1    
Dlvl:1 $:709 HP:10(10) Pw:2(2) AC:10 Xp:1/0 T:44                                

",0.0,False
179,west,,"message:


language observation:
horizontal closed door far westsouthwest
vertical wall far west
gold piece near east and westsouthwest
dark area near east
horizontal wall near southwest
stairs up very near southwest
northeast room corner adjacent north
dark area adjacent northeast and southeast
vertical wall adjacent south
horizontal wall adjacent northwest

cursor:
Yourself a tourist
(x=18, y=3)

map:
                                                                                
          ---------                                                             
          |.......@###$                                                         
          |.......|   #                                                         
          |....$<..                                                             
          -+-------                                                             
                                                                                
                                                                                
                                                                                
                                                                                
                                                                                
                                                                                
                                                                                
                                                                                
                                                                                
                                                                                
                                                                                
                                                                                
                                                                                
                                                                                
                                                                                
Agent the Rambler              St:11 Dx:9 Co:18 In:13 Wi:8 Ch:16 Neutral S:1    
Dlvl:1 $:709 HP:10(10) Pw:2(2) AC:10 Xp:1/0 T:45                                

",0.0,False
180,west,,"message:


language observation:
dark area far east
horizontal closed door far westsouthwest
vertical wall far west
gold piece near east
horizontal wall near south and southwest
stairs up very near southsouthwest
gold piece very near southwest
horizontal wall adjacent north and northwest
northeast room corner adjacent northeast
doorway adjacent east
vertical wall adjacent southeast

cursor:
Yourself a tourist
(x=17, y=3)

map:
                                                                                
          ---------                                                             
          |......@.###$                                                         
          |.......|   #                                                         
          |....$<..                                                             
          -+-------                                                             
                                                                                
                                                                                
                                                                                
                                                                                
                                                                                
                                                                                
                                                                                
                                                                                
                                                                                
                                                                                
                                                                                
                                                                                
                                                                                
                                                                                
                                                                                
Agent the Rambler              St:11 Dx:9 Co:18 In:13 Wi:8 Ch:16 Neutral S:1    
Dlvl:1 $:709 HP:10(10) Pw:2(2) AC:10 Xp:1/0 T:46                                

",0.0,False
181,west,,"message:


language observation:
gold piece far east
dark area far east
vertical wall far west
dark area near southeast
horizontal wall near south and southwest
horizontal closed door near westsouthwest
doorway very near east and southeast
stairs up very near south
gold piece very near southsouthwest
horizontal wall adjacent north, northeast, and northwest

cursor:
Yourself a tourist
(x=16, y=3)

map:
                                                                                
          ---------                                                             
          |.....@..###$                                                         
          |.......|   #                                                         
          |....$<..                                                             
          -+-------                                                             
                                                                                
                                                                                
                                                                                
                                                                                
                                                                                
                                                                                
                                                                                
                                                                                
                                                                                
                                                                                
                                                                                
                                                                                
                                                                                
                                                                                
                                                                                
Agent the Rambler              St:11 Dx:9 Co:18 In:13 Wi:8 Ch:16 Neutral S:1    
Dlvl:1 $:709 HP:10(10) Pw:2(2) AC:10 Xp:1/0 T:47                                

",0.0,False
182,west,,"message:


language observation:
gold piece far east
dark area far east
doorway near east
southeast corner near southeast
horizontal wall near south and southwest
horizontal closed door near westsouthwest
vertical wall near west
stairs up very near southsoutheast
gold piece very near south
horizontal wall adjacent north, northeast, and northwest

cursor:
Yourself a tourist
(x=15, y=3)

map:
                                                                                
          ---------                                                             
          |....@...###$                                                         
          |.......|   #                                                         
          |....$<..                                                             
          -+-------                                                             
                                                                                
                                                                                
                                                                                
                                                                                
                                                                                
                                                                                
                                                                                
                                                                                
                                                                                
                                                                                
                                                                                
                                                                                
                                                                                
                                                                                
                                                                                
Agent the Rambler              St:11 Dx:9 Co:18 In:13 Wi:8 Ch:16 Neutral S:1    
Dlvl:1 $:709 HP:10(10) Pw:2(2) AC:10 Xp:1/0 T:48                                

",0.0,False
183,west,,"message:


language observation:
gold piece far east
dark area far east
doorway near east
horizontal wall near southeast and south
horizontal closed door near southwest
dark area near southwest
vertical wall near west
stairs up very near southeast
gold piece very near southsoutheast
horizontal wall adjacent north, northeast, and northwest

cursor:
Yourself a tourist
(x=14, y=3)

map:
                                                                                
          ---------                                                             
          |...@....###$                                                         
          |.......|   #                                                         
          |....$<..                                                             
          -+-------                                                             
                                                                                
                                                                                
                                                                                
                                                                                
                                                                                
                                                                                
                                                                                
                                                                                
                                                                                
                                                                                
                                                                                
                                                                                
                                                                                
                                                                                
                                                                                
Agent the Rambler              St:11 Dx:9 Co:18 In:13 Wi:8 Ch:16 Neutral S:1    
Dlvl:1 $:709 HP:10(10) Pw:2(2) AC:10 Xp:1/0 T:49                                

",0.0,False
184,west,,"message:


language observation:
gold piece far east
doorway near east
stairs up near eastsoutheast
horizontal wall near southeast and south
horizontal closed door near southsouthwest
southwest corner near southwest
vertical wall near west
gold piece very near southeast
horizontal wall adjacent north, northeast, and northwest

cursor:
Yourself a tourist
(x=13, y=3)

map:
                                                                                
          ---------                                                             
          |..@.....###$                                                         
          |.......|   #                                                         
          |....$<..                                                             
          -+-------                                                             
                                                                                
                                                                                
                                                                                
                                                                                
                                                                                
                                                                                
                                                                                
                                                                                
                                                                                
                                                                                
                                                                                
                                                                                
                                                                                
                                                                                
                                                                                
Agent the Rambler              St:11 Dx:9 Co:18 In:13 Wi:8 Ch:16 Neutral S:1    
Dlvl:1 $:709 HP:10(10) Pw:2(2) AC:10 Xp:1/0 T:50                                

",0.0,False
185,west,,"message:


language observation:
gold piece far east
doorway far east
gold piece near eastsoutheast
stairs up near eastsoutheast
horizontal wall near southeast and south
horizontal closed door near southsouthwest
vertical wall very near southwest and west
horizontal wall adjacent north, northeast, and northwest

cursor:
Yourself a tourist
(x=12, y=3)

map:
                                                                                
          ---------                                                             
          |.@......###$                                                         
          |.......|   #                                                         
          |....$<..                                                             
          -+-------                                                             
                                                                                
                                                                                
                                                                                
                                                                                
                                                                                
                                                                                
                                                                                
                                                                                
                                                                                
                                                                                
                                                                                
                                                                                
                                                                                
                                                                                
                                                                                
Agent the Rambler              St:11 Dx:9 Co:18 In:13 Wi:8 Ch:16 Neutral S:1    
Dlvl:1 $:709 HP:10(10) Pw:2(2) AC:10 Xp:1/0 T:51                                

",0.0,False
186,west,,"message:


language observation:
gold piece far east
doorway far east
gold piece near eastsoutheast
stairs up near eastsoutheast
horizontal wall near southeast
horizontal closed door near south
dark area near south
horizontal wall adjacent north and northeast
vertical wall adjacent southwest and west
northwest room corner adjacent northwest

cursor:
Yourself a tourist
(x=11, y=3)

map:
                                                                                
          ---------                                                             
          |@.......###$                                                         
          |.......|   #                                                         
          |....$<..                                                             
          -+-------                                                             
                                                                                
                                                                                
                                                                                
                                                                                
                                                                                
                                                                                
                                                                                
                                                                                
                                                                                
                                                                                
                                                                                
                                                                                
                                                                                
                                                                                
                                                                                
Agent the Rambler              St:11 Dx:9 Co:18 In:13 Wi:8 Ch:16 Neutral S:1    
Dlvl:1 $:709 HP:10(10) Pw:2(2) AC:10 Xp:1/0 T:52                                

",0.0,False
187,west,,"message:
It's a wall.

language observation:
gold piece far east
doorway far east
gold piece near eastsoutheast
stairs up near eastsoutheast
horizontal wall near southeast
horizontal closed door near south
dark area near south
horizontal wall adjacent north and northeast
vertical wall adjacent southwest and west
northwest room corner adjacent northwest

cursor:
Yourself a tourist
(x=11, y=3)

map:
                                                                                
          ---------                                                             
          |@.......###$                                                         
          |.......|   #                                                         
          |....$<..                                                             
          -+-------                                                             
                                                                                
                                                                                
                                                                                
                                                                                
                                                                                
                                                                                
                                                                                
                                                                                
                                                                                
                                                                                
                                                                                
                                                                                
                                                                                
                                                                                
                                                                                
Agent the Rambler              St:11 Dx:9 Co:18 In:13 Wi:8 Ch:16 Neutral S:1    
Dlvl:1 $:709 HP:10(10) Pw:2(2) AC:10 Xp:1/0 T:52                                

",0.0,False
188,west,,"message:
It's a wall.

language observation:
gold piece far east
doorway far east
gold piece near eastsoutheast
stairs up near eastsoutheast
horizontal wall near southeast
horizontal closed door near south
dark area near south
horizontal wall adjacent north and northeast
vertical wall adjacent southwest and west
northwest room corner adjacent northwest

cursor:
Yourself a tourist
(x=11, y=3)

map:
                                                                                
          ---------                                                             
          |@.......###$                                                         
          |.......|   #                                                         
          |....$<..                                                             
          -+-------                                                             
                                                                                
                                                                                
                                                                                
                                                                                
                                                                                
                                                                                
                                                                                
                                                                                
                                                                                
                                                                                
                                                                                
                                                                                
                                                                                
                                                                                
                                                                                
Agent the Rambler              St:11 Dx:9 Co:18 In:13 Wi:8 Ch:16 Neutral S:1    
Dlvl:1 $:709 HP:10(10) Pw:2(2) AC:10 Xp:1/0 T:52                                

",0.0,False
189,more,,"message:
Unknown command '^M'.

language observation:
gold piece far east
doorway far east
gold piece near eastsoutheast
stairs up near eastsoutheast
horizontal wall near southeast
horizontal closed door near south
dark area near south
horizontal wall adjacent north and northeast
vertical wall adjacent southwest and west
northwest room corner adjacent northwest

cursor:
Yourself a tourist
(x=11, y=3)

map:
                                                                                
          ---------                                                             
          |@.......###$                                                         
          |.......|   #                                                         
          |....$<..                                                             
          -+-------                                                             
                                                                                
                                                                                
                                                                                
                                                                                
                                                                                
                                                                                
                                                                                
                                                                                
                                                                                
                                                                                
                                                                                
                                                                                
                                                                                
                                                                                
                                                                                
Agent the Rambler              St:11 Dx:9 Co:18 In:13 Wi:8 Ch:16 Neutral S:1    
Dlvl:1 $:709 HP:10(10) Pw:2(2) AC:10 Xp:1/0 T:52                                

",0.0,False
190,more,,"message:


language observation:
gold piece far east
doorway far east
gold piece near eastsoutheast
stairs up near eastsoutheast
horizontal wall near southeast
horizontal closed door near south
dark area near south
horizontal wall adjacent north and northeast
vertical wall adjacent southwest and west
northwest room corner adjacent northwest

cursor:
Yourself a tourist
(x=11, y=3)

map:
                                                                                
          ---------                                                             
          |@.......###$                                                         
          |.......|   #                                                         
          |....$<..                                                             
          -+-------                                                             
                                                                                
                                                                                
                                                                                
                                                                                
                                                                                
                                                                                
                                                                                
                                                                                
                                                                                
                                                                                
                                                                                
                                                                                
                                                                                
                                                                                
                                                                                
Agent the Rambler              St:11 Dx:9 Co:18 In:13 Wi:8 Ch:16 Neutral S:1    
Dlvl:1 $:709 HP:10(10) Pw:2(2) AC:10 Xp:1/0 T:52                                

",0.0,False
191,east,,"message:


language observation:
tame kitten far east
gold piece far east
gold piece near eastsoutheast
stairs up near eastsoutheast
horizontal wall near southeast and south
horizontal closed door near southsouthwest
vertical wall very near southwest and west
horizontal wall adjacent north, northeast, and northwest

cursor:
Yourself a tourist
(x=12, y=3)

map:
                                                                                
          ---------                                                             
          |.@.....f###$                                                         
          |.......|   #                                                         
          |....$<..                                                             
          -+-------                                                             
                                                                                
                                                                                
                                                                                
                                                                                
                                                                                
                                                                                
                                                                                
                                                                                
                                                                                
                                                                                
                                                                                
                                                                                
                                                                                
                                                                                
                                                                                
Agent the Rambler              St:11 Dx:9 Co:18 In:13 Wi:8 Ch:16 Neutral S:1    
Dlvl:1 $:709 HP:10(10) Pw:2(2) AC:10 Xp:1/0 T:53                                

",0.0,False
192,east,,"message:


language observation:
gold piece far east
doorway near east
stairs up near eastsoutheast
horizontal wall near southeast and south
horizontal closed door near southsouthwest
southwest corner near southwest
vertical wall near west
gold piece very near southeast
horizontal wall adjacent north, northeast, and northwest

cursor:
Yourself a tourist
(x=13, y=3)

map:
                                                                                
          ---------                                                             
          |..@.....###$                                                         
          |.......|   #                                                         
          |....$<..                                                             
          -+-------                                                             
                                                                                
                                                                                
                                                                                
                                                                                
                                                                                
                                                                                
                                                                                
                                                                                
                                                                                
                                                                                
                                                                                
                                                                                
                                                                                
                                                                                
                                                                                
Agent the Rambler              St:11 Dx:9 Co:18 In:13 Wi:8 Ch:16 Neutral S:1    
Dlvl:1 $:709 HP:10(10) Pw:2(2) AC:10 Xp:1/0 T:54                                

",0.0,False
193,east,,"message:


language observation:
gold piece far east
dark area far east
doorway near east
horizontal wall near southeast and south
horizontal closed door near southwest
dark area near southwest
vertical wall near west
stairs up very near southeast
gold piece very near southsoutheast
horizontal wall adjacent north, northeast, and northwest

cursor:
Yourself a tourist
(x=14, y=3)

map:
                                                                                
          ---------                                                             
          |...@....###$                                                         
          |.......|   #                                                         
          |....$<..                                                             
          -+-------                                                             
                                                                                
                                                                                
                                                                                
                                                                                
                                                                                
                                                                                
                                                                                
                                                                                
                                                                                
                                                                                
                                                                                
                                                                                
                                                                                
                                                                                
                                                                                
Agent the Rambler              St:11 Dx:9 Co:18 In:13 Wi:8 Ch:16 Neutral S:1    
Dlvl:1 $:709 HP:10(10) Pw:2(2) AC:10 Xp:1/0 T:55                                

",0.0,False
194,east,,"message:


language observation:
gold piece far east
dark area far east
doorway near east
southeast corner near southeast
horizontal wall near south and southwest
horizontal closed door near westsouthwest
vertical wall near west
stairs up very near southsoutheast
gold piece very near south
horizontal wall adjacent north, northeast, and northwest

cursor:
Yourself a tourist
(x=15, y=3)

map:
                                                                                
          ---------                                                             
          |....@...###$                                                         
          |.......|   #                                                         
          |....$<..                                                             
          -+-------                                                             
                                                                                
                                                                                
                                                                                
                                                                                
                                                                                
                                                                                
                                                                                
                                                                                
                                                                                
                                                                                
                                                                                
                                                                                
                                                                                
                                                                                
                                                                                
Agent the Rambler              St:11 Dx:9 Co:18 In:13 Wi:8 Ch:16 Neutral S:1    
Dlvl:1 $:709 HP:10(10) Pw:2(2) AC:10 Xp:1/0 T:56                                

",0.0,False
195,east,,"message:
The kitten drops a gold piece.

language observation:
gold piece far east
dark area far east
vertical wall far west
dark area near southeast
horizontal wall near south and southwest
horizontal closed door near westsouthwest
gold piece very near east and southsouthwest
doorway very near southeast
stairs up very near south
horizontal wall adjacent north, northeast, and northwest
tame kitten adjacent southeast

cursor:
Yourself a tourist
(x=16, y=3)

map:
                                                                                
          ---------                                                             
          |.....@.$###$                                                         
          |......f|   #                                                         
          |....$<..                                                             
          -+-------                                                             
                                                                                
                                                                                
                                                                                
                                                                                
                                                                                
                                                                                
                                                                                
                                                                                
                                                                                
                                                                                
                                                                                
                                                                                
                                                                                
                                                                                
                                                                                
Agent the Rambler              St:11 Dx:9 Co:18 In:13 Wi:8 Ch:16 Neutral S:1    
Dlvl:1 $:709 HP:10(10) Pw:2(2) AC:10 Xp:1/0 T:57                                

",0.0,False
196,east,,"message:


language observation:
dark area far east
horizontal closed door far westsouthwest
vertical wall far west
gold piece near east
horizontal wall near south and southwest
stairs up very near southsouthwest
gold piece very near southwest
horizontal wall adjacent north and northwest
northeast room corner adjacent northeast
tame kitten adjacent east
vertical wall adjacent southeast

cursor:
Yourself a tourist
(x=17, y=3)

map:
                                                                                
          ---------                                                             
          |......@f###$                                                         
          |.......|   #                                                         
          |....$<..                                                             
          -+-------                                                             
                                                                                
                                                                                
                                                                                
                                                                                
                                                                                
                                                                                
                                                                                
                                                                                
                                                                                
                                                                                
                                                                                
                                                                                
                                                                                
                                                                                
                                                                                
Agent the Rambler              St:11 Dx:9 Co:18 In:13 Wi:8 Ch:16 Neutral S:1    
Dlvl:1 $:709 HP:10(10) Pw:2(2) AC:10 Xp:1/0 T:58                                

",0.0,False
197,east,,"message:
You stop.  Your kitten is in the way!

language observation:
dark area far east
horizontal closed door far westsouthwest
vertical wall far west
gold piece near east
horizontal wall near south and southwest
stairs up very near southsouthwest
gold piece very near southwest
horizontal wall adjacent north and northwest
northeast room corner adjacent northeast
tame kitten adjacent east
vertical wall adjacent southeast

cursor:
Yourself a tourist
(x=17, y=3)

map:
                                                                                
          ---------                                                             
          |......@f###$                                                         
          |.......|   #                                                         
          |....$<..                                                             
          -+-------                                                             
                                                                                
                                                                                
                                                                                
                                                                                
                                                                                
                                                                                
                                                                                
                                                                                
                                                                                
                                                                                
                                                                                
                                                                                
                                                                                
                                                                                
                                                                                
Agent the Rambler              St:11 Dx:9 Co:18 In:13 Wi:8 Ch:16 Neutral S:1    
Dlvl:1 $:709 HP:10(10) Pw:2(2) AC:10 Xp:1/0 T:59                                

",0.0,False
198,kick kitten,,"

Your previous output did not contain a valid action. Defaulted to action: esc

Observation:
message:


language observation:
dark area far east
horizontal closed door far westsouthwest
vertical wall far west
gold piece near east
horizontal wall near south and southwest
stairs up very near southsouthwest
gold piece very near southwest
horizontal wall adjacent north and northwest
northeast room corner adjacent northeast
tame kitten adjacent east
vertical wall adjacent southeast

cursor:
Yourself a tourist
(x=17, y=3)

map:
                                                                                
          ---------                                                             
          |......@f###$                                                         
          |.......|   #                                                         
          |....$<..                                                             
          -+-------                                                             
                                                                                
                                                                                
                                                                                
                                                                                
                                                                                
                                                                                
                                                                                
                                                                                
                                                                                
                                                                                
                                                                                
                                                                                
                                                                                
                                                                                
                                                                                
Agent the Rambler              St:11 Dx:9 Co:18 In:13 Wi:8 Ch:16 Neutral S:1    
Dlvl:1 $:709 HP:10(10) Pw:2(2) AC:10 Xp:1/0 T:59                                

",0.0,False
199,esc,,"message:


language observation:
dark area far east
horizontal closed door far westsouthwest
vertical wall far west
gold piece near east
horizontal wall near south and southwest
stairs up very near southsouthwest
gold piece very near southwest
horizontal wall adjacent north and northwest
northeast room corner adjacent northeast
tame kitten adjacent east
vertical wall adjacent southeast

cursor:
Yourself a tourist
(x=17, y=3)

map:
                                                                                
          ---------                                                             
          |......@f###$                                                         
          |.......|   #                                                         
          |....$<..                                                             
          -+-------                                                             
                                                                                
                                                                                
                                                                                
                                                                                
                                                                                
                                                                                
                                                                                
                                                                                
                                                                                
                                                                                
                                                                                
                                                                                
                                                                                
                                                                                
                                                                                
Agent the Rambler              St:11 Dx:9 Co:18 In:13 Wi:8 Ch:16 Neutral S:1    
Dlvl:1 $:709 HP:10(10) Pw:2(2) AC:10 Xp:1/0 T:59                                

",0.0,False
200,knock door horizontal closed door far westsouthwest,,"

Your previous output did not contain a valid action. Defaulted to action: esc

Observation:
message:


language observation:
dark area far east
horizontal closed door far westsouthwest
vertical wall far west
gold piece near east
horizontal wall near south and southwest
stairs up very near southsouthwest
gold piece very near southwest
horizontal wall adjacent north and northwest
northeast room corner adjacent northeast
tame kitten adjacent east
vertical wall adjacent southeast

cursor:
Yourself a tourist
(x=17, y=3)

map:
                                                                                
          ---------                                                             
          |......@f###$                                                         
          |.......|   #                                                         
          |....$<..                                                             
          -+-------                                                             
                                                                                
                                                                                
                                                                                
                                                                                
                                                                                
                                                                                
                                                                                
                                                                                
                                                                                
                                                                                
                                                                                
                                                                                
                                                                                
                                                                                
                                                                                
Agent the Rambler              St:11 Dx:9 Co:18 In:13 Wi:8 Ch:16 Neutral S:1    
Dlvl:1 $:709 HP:10(10) Pw:2(2) AC:10 Xp:1/0 T:59                                

",0.0,False
201,knock door horizontal closed door far westsouthwest,,"

Your previous output did not contain a valid action. Defaulted to action: esc

Observation:
message:


language observation:
dark area far east
horizontal closed door far westsouthwest
vertical wall far west
gold piece near east
horizontal wall near south and southwest
stairs up very near southsouthwest
gold piece very near southwest
horizontal wall adjacent north and northwest
northeast room corner adjacent northeast
tame kitten adjacent east
vertical wall adjacent southeast

cursor:
Yourself a tourist
(x=17, y=3)

map:
                                                                                
          ---------                                                             
          |......@f###$                                                         
          |.......|   #                                                         
          |....$<..                                                             
          -+-------                                                             
                                                                                
                                                                                
                                                                                
                                                                                
                                                                                
                                                                                
                                                                                
                                                                                
                                                                                
                                                                                
                                                                                
                                                                                
                                                                                
                                                                                
                                                                                
Agent the Rambler              St:11 Dx:9 Co:18 In:13 Wi:8 Ch:16 Neutral S:1    
Dlvl:1 $:709 HP:10(10) Pw:2(2) AC:10 Xp:1/0 T:59                                

",0.0,False
202,esc,,"message:


language observation:
dark area far east
horizontal closed door far westsouthwest
vertical wall far west
gold piece near east
horizontal wall near south and southwest
stairs up very near southsouthwest
gold piece very near southwest
horizontal wall adjacent north and northwest
northeast room corner adjacent northeast
tame kitten adjacent east
vertical wall adjacent southeast

cursor:
Yourself a tourist
(x=17, y=3)

map:
                                                                                
          ---------                                                             
          |......@f###$                                                         
          |.......|   #                                                         
          |....$<..                                                             
          -+-------                                                             
                                                                                
                                                                                
                                                                                
                                                                                
                                                                                
                                                                                
                                                                                
                                                                                
                                                                                
                                                                                
                                                                                
                                                                                
                                                                                
                                                                                
                                                                                
Agent the Rambler              St:11 Dx:9 Co:18 In:13 Wi:8 Ch:16 Neutral S:1    
Dlvl:1 $:709 HP:10(10) Pw:2(2) AC:10 Xp:1/0 T:59                                

",0.0,False
203,knock door horizontal closed door far westsouthwest,,"

Your previous output did not contain a valid action. Defaulted to action: esc

Observation:
message:


language observation:
dark area far east
horizontal closed door far westsouthwest
vertical wall far west
gold piece near east
horizontal wall near south and southwest
stairs up very near southsouthwest
gold piece very near southwest
horizontal wall adjacent north and northwest
northeast room corner adjacent northeast
tame kitten adjacent east
vertical wall adjacent southeast

cursor:
Yourself a tourist
(x=17, y=3)

map:
                                                                                
          ---------                                                             
          |......@f###$                                                         
          |.......|   #                                                         
          |....$<..                                                             
          -+-------                                                             
                                                                                
                                                                                
                                                                                
                                                                                
                                                                                
                                                                                
                                                                                
                                                                                
                                                                                
                                                                                
                                                                                
                                                                                
                                                                                
                                                                                
                                                                                
Agent the Rambler              St:11 Dx:9 Co:18 In:13 Wi:8 Ch:16 Neutral S:1    
Dlvl:1 $:709 HP:10(10) Pw:2(2) AC:10 Xp:1/0 T:59                                

",0.0,False
204,knock door horizontal closed door far westsouthwest,,"

Your previous output did not contain a valid action. Defaulted to action: esc

Observation:
message:


language observation:
dark area far east
horizontal closed door far westsouthwest
vertical wall far west
gold piece near east
horizontal wall near south and southwest
stairs up very near southsouthwest
gold piece very near southwest
horizontal wall adjacent north and northwest
northeast room corner adjacent northeast
tame kitten adjacent east
vertical wall adjacent southeast

cursor:
Yourself a tourist
(x=17, y=3)

map:
                                                                                
          ---------                                                             
          |......@f###$                                                         
          |.......|   #                                                         
          |....$<..                                                             
          -+-------                                                             
                                                                                
                                                                                
                                                                                
                                                                                
                                                                                
                                                                                
                                                                                
                                                                                
                                                                                
                                                                                
                                                                                
                                                                                
                                                                                
                                                                                
                                                                                
Agent the Rambler              St:11 Dx:9 Co:18 In:13 Wi:8 Ch:16 Neutral S:1    
Dlvl:1 $:709 HP:10(10) Pw:2(2) AC:10 Xp:1/0 T:59                                

",0.0,False
205,wait,,"message:


language observation:
dark area far east
horizontal closed door far westsouthwest
vertical wall far west
gold piece near east
horizontal wall near south and southwest
stairs up very near southsouthwest
gold piece very near southwest
horizontal wall adjacent north and northwest
northeast room corner adjacent northeast
gold piece adjacent east
vertical wall adjacent southeast

cursor:
Yourself a tourist
(x=17, y=3)

map:
                                                                                
          ---------                                                             
          |......@$###$                                                         
          |.......|   #                                                         
          |....$<..                                                             
          -+-------                                                             
                                                                                
                                                                                
                                                                                
                                                                                
                                                                                
                                                                                
                                                                                
                                                                                
                                                                                
                                                                                
                                                                                
                                                                                
                                                                                
                                                                                
                                                                                
Agent the Rambler              St:11 Dx:9 Co:18 In:13 Wi:8 Ch:16 Neutral S:1    
Dlvl:1 $:709 HP:10(10) Pw:2(2) AC:10 Xp:1/0 T:60                                

",0.0,False
206,open door horizontal closed door far westsouthwest,,"

Your previous output did not contain a valid action. Defaulted to action: esc

Observation:
message:


language observation:
dark area far east
horizontal closed door far westsouthwest
vertical wall far west
gold piece near east
horizontal wall near south and southwest
stairs up very near southsouthwest
gold piece very near southwest
horizontal wall adjacent north and northwest
northeast room corner adjacent northeast
gold piece adjacent east
vertical wall adjacent southeast

cursor:
Yourself a tourist
(x=17, y=3)

map:
                                                                                
          ---------                                                             
          |......@$###$                                                         
          |.......|   #                                                         
          |....$<..                                                             
          -+-------                                                             
                                                                                
                                                                                
                                                                                
                                                                                
                                                                                
                                                                                
                                                                                
                                                                                
                                                                                
                                                                                
                                                                                
                                                                                
                                                                                
                                                                                
                                                                                
Agent the Rambler              St:11 Dx:9 Co:18 In:13 Wi:8 Ch:16 Neutral S:1    
Dlvl:1 $:709 HP:10(10) Pw:2(2) AC:10 Xp:1/0 T:60                                

",0.0,False
207,go up stairs,,"

Your previous output did not contain a valid action. Defaulted to action: esc

Observation:
message:


language observation:
dark area far east
horizontal closed door far westsouthwest
vertical wall far west
gold piece near east
horizontal wall near south and southwest
stairs up very near southsouthwest
gold piece very near southwest
horizontal wall adjacent north and northwest
northeast room corner adjacent northeast
gold piece adjacent east
vertical wall adjacent southeast

cursor:
Yourself a tourist
(x=17, y=3)

map:
                                                                                
          ---------                                                             
          |......@$###$                                                         
          |.......|   #                                                         
          |....$<..                                                             
          -+-------                                                             
                                                                                
                                                                                
                                                                                
                                                                                
                                                                                
                                                                                
                                                                                
                                                                                
                                                                                
                                                                                
                                                                                
                                                                                
                                                                                
                                                                                
                                                                                
Agent the Rambler              St:11 Dx:9 Co:18 In:13 Wi:8 Ch:16 Neutral S:1    
Dlvl:1 $:709 HP:10(10) Pw:2(2) AC:10 Xp:1/0 T:60                                

",0.0,False
208,more,,"message:
Unknown command '^M'.

language observation:
dark area far east
horizontal closed door far westsouthwest
vertical wall far west
gold piece near east
horizontal wall near south and southwest
stairs up very near southsouthwest
gold piece very near southwest
horizontal wall adjacent north and northwest
northeast room corner adjacent northeast
gold piece adjacent east
vertical wall adjacent southeast

cursor:
Yourself a tourist
(x=17, y=3)

map:
                                                                                
          ---------                                                             
          |......@$###$                                                         
          |.......|   #                                                         
          |....$<..                                                             
          -+-------                                                             
                                                                                
                                                                                
                                                                                
                                                                                
                                                                                
                                                                                
                                                                                
                                                                                
                                                                                
                                                                                
                                                                                
                                                                                
                                                                                
                                                                                
                                                                                
Agent the Rambler              St:11 Dx:9 Co:18 In:13 Wi:8 Ch:16 Neutral S:1    
Dlvl:1 $:709 HP:10(10) Pw:2(2) AC:10 Xp:1/0 T:60                                

",0.0,False
209,more,,"message:


language observation:
dark area far east
horizontal closed door far westsouthwest
vertical wall far west
gold piece near east
horizontal wall near south and southwest
stairs up very near southsouthwest
gold piece very near southwest
horizontal wall adjacent north and northwest
northeast room corner adjacent northeast
gold piece adjacent east
vertical wall adjacent southeast

cursor:
Yourself a tourist
(x=17, y=3)

map:
                                                                                
          ---------                                                             
          |......@$###$                                                         
          |.......|   #                                                         
          |....$<..                                                             
          -+-------                                                             
                                                                                
                                                                                
                                                                                
                                                                                
                                                                                
                                                                                
                                                                                
                                                                                
                                                                                
                                                                                
                                                                                
                                                                                
                                                                                
                                                                                
                                                                                
Agent the Rambler              St:11 Dx:9 Co:18 In:13 Wi:8 Ch:16 Neutral S:1    
Dlvl:1 $:709 HP:10(10) Pw:2(2) AC:10 Xp:1/0 T:60                                

",0.0,False
210,northwest,,"message:
It's a wall.

language observation:
dark area far east
horizontal closed door far westsouthwest
vertical wall far west
gold piece near east
horizontal wall near south and southwest
stairs up very near southsouthwest
gold piece very near southwest
horizontal wall adjacent north and northwest
northeast room corner adjacent northeast
gold piece adjacent east
vertical wall adjacent southeast

cursor:
Yourself a tourist
(x=17, y=3)

map:
                                                                                
          ---------                                                             
          |......@$###$                                                         
          |.......|   #                                                         
          |....$<..                                                             
          -+-------                                                             
                                                                                
                                                                                
                                                                                
                                                                                
                                                                                
                                                                                
                                                                                
                                                                                
                                                                                
                                                                                
                                                                                
                                                                                
                                                                                
                                                                                
                                                                                
Agent the Rambler              St:11 Dx:9 Co:18 In:13 Wi:8 Ch:16 Neutral S:1    
Dlvl:1 $:709 HP:10(10) Pw:2(2) AC:10 Xp:1/0 T:60                                

",0.0,False
211,west,,"message:


language observation:
gold piece far east
dark area far east
vertical wall far west
dark area near southeast
horizontal wall near south and southwest
horizontal closed door near westsouthwest
gold piece very near east and southsouthwest
doorway very near southeast
stairs up very near south
horizontal wall adjacent north, northeast, and northwest

cursor:
Yourself a tourist
(x=16, y=3)

map:
                                                                                
          ---------                                                             
          |.....@.$###$                                                         
          |.......|   #                                                         
          |....$<..                                                             
          -+-------                                                             
                                                                                
                                                                                
                                                                                
                                                                                
                                                                                
                                                                                
                                                                                
                                                                                
                                                                                
                                                                                
                                                                                
                                                                                
                                                                                
                                                                                
                                                                                
Agent the Rambler              St:11 Dx:9 Co:18 In:13 Wi:8 Ch:16 Neutral S:1    
Dlvl:1 $:709 HP:10(10) Pw:2(2) AC:10 Xp:1/0 T:61                                

",0.0,False
212,northwest,,"message:
It's a wall.

language observation:
gold piece far east
dark area far east
vertical wall far west
dark area near southeast
horizontal wall near south and southwest
horizontal closed door near westsouthwest
gold piece very near east and southsouthwest
doorway very near southeast
stairs up very near south
horizontal wall adjacent north, northeast, and northwest

cursor:
Yourself a tourist
(x=16, y=3)

map:
                                                                                
          ---------                                                             
          |.....@.$###$                                                         
          |.......|   #                                                         
          |....$<..                                                             
          -+-------                                                             
                                                                                
                                                                                
                                                                                
                                                                                
                                                                                
                                                                                
                                                                                
                                                                                
                                                                                
                                                                                
                                                                                
                                                                                
                                                                                
                                                                                
                                                                                
Agent the Rambler              St:11 Dx:9 Co:18 In:13 Wi:8 Ch:16 Neutral S:1    
Dlvl:1 $:709 HP:10(10) Pw:2(2) AC:10 Xp:1/0 T:61                                

",0.0,False
213,west,,"message:


language observation:
gold piece far east
dark area far east
gold piece near east
southeast corner near southeast
horizontal wall near south and southwest
horizontal closed door near westsouthwest
vertical wall near west
tame kitten very near eastsoutheast
stairs up very near southsoutheast
gold piece very near south
horizontal wall adjacent north, northeast, and northwest

cursor:
Yourself a tourist
(x=15, y=3)

map:
                                                                                
          ---------                                                             
          |....@..$###$                                                         
          |......f|   #                                                         
          |....$<..                                                             
          -+-------                                                             
                                                                                
                                                                                
                                                                                
                                                                                
                                                                                
                                                                                
                                                                                
                                                                                
                                                                                
                                                                                
                                                                                
                                                                                
                                                                                
                                                                                
                                                                                
Agent the Rambler              St:11 Dx:9 Co:18 In:13 Wi:8 Ch:16 Neutral S:1    
Dlvl:1 $:709 HP:10(10) Pw:2(2) AC:10 Xp:1/0 T:62                                

",0.0,False
214,northwest,,"message:
It's a wall.

language observation:
gold piece far east
dark area far east
gold piece near east
southeast corner near southeast
horizontal wall near south and southwest
horizontal closed door near westsouthwest
vertical wall near west
tame kitten very near eastsoutheast
stairs up very near southsoutheast
gold piece very near south
horizontal wall adjacent north, northeast, and northwest

cursor:
Yourself a tourist
(x=15, y=3)

map:
                                                                                
          ---------                                                             
          |....@..$###$                                                         
          |......f|   #                                                         
          |....$<..                                                             
          -+-------                                                             
                                                                                
                                                                                
                                                                                
                                                                                
                                                                                
                                                                                
                                                                                
                                                                                
                                                                                
                                                                                
                                                                                
                                                                                
                                                                                
                                                                                
                                                                                
Agent the Rambler              St:11 Dx:9 Co:18 In:13 Wi:8 Ch:16 Neutral S:1    
Dlvl:1 $:709 HP:10(10) Pw:2(2) AC:10 Xp:1/0 T:62                                

",0.0,False
215,west,,"message:


language observation:
gold piece far east
dark area far east
tame kitten near east
horizontal wall near southeast and south
horizontal closed door near southwest
dark area near southwest
vertical wall near west
stairs up very near southeast
gold piece very near southsoutheast
horizontal wall adjacent north, northeast, and northwest

cursor:
Yourself a tourist
(x=14, y=3)

map:
                                                                                
          ---------                                                             
          |...@...f###$                                                         
          |.......|   #                                                         
          |....$<..                                                             
          -+-------                                                             
                                                                                
                                                                                
                                                                                
                                                                                
                                                                                
                                                                                
                                                                                
                                                                                
                                                                                
                                                                                
                                                                                
                                                                                
                                                                                
                                                                                
                                                                                
Agent the Rambler              St:11 Dx:9 Co:18 In:13 Wi:8 Ch:16 Neutral S:1    
Dlvl:1 $:709 HP:10(10) Pw:2(2) AC:10 Xp:1/0 T:63                                

",0.0,False
216,northwest,,"message:
It's a wall.

language observation:
gold piece far east
dark area far east
tame kitten near east
horizontal wall near southeast and south
horizontal closed door near southwest
dark area near southwest
vertical wall near west
stairs up very near southeast
gold piece very near southsoutheast
horizontal wall adjacent north, northeast, and northwest

cursor:
Yourself a tourist
(x=14, y=3)

map:
                                                                                
          ---------                                                             
          |...@...f###$                                                         
          |.......|   #                                                         
          |....$<..                                                             
          -+-------                                                             
                                                                                
                                                                                
                                                                                
                                                                                
                                                                                
                                                                                
                                                                                
                                                                                
                                                                                
                                                                                
                                                                                
                                                                                
                                                                                
                                                                                
                                                                                
Agent the Rambler              St:11 Dx:9 Co:18 In:13 Wi:8 Ch:16 Neutral S:1    
Dlvl:1 $:709 HP:10(10) Pw:2(2) AC:10 Xp:1/0 T:63                                

",0.0,False
217,west,,"message:
The kitten picks up a gold piece.

language observation:
gold piece far east
tame kitten near east
doorway near east
stairs up near eastsoutheast
horizontal wall near southeast and south
horizontal closed door near southsouthwest
southwest corner near southwest
vertical wall near west
gold piece very near southeast
horizontal wall adjacent north, northeast, and northwest

cursor:
Yourself a tourist
(x=13, y=3)

map:
                                                                                
          ---------                                                             
          |..@...f.###$                                                         
          |.......|   #                                                         
          |....$<..                                                             
          -+-------                                                             
                                                                                
                                                                                
                                                                                
                                                                                
                                                                                
                                                                                
                                                                                
                                                                                
                                                                                
                                                                                
                                                                                
                                                                                
                                                                                
                                                                                
                                                                                
Agent the Rambler              St:11 Dx:9 Co:18 In:13 Wi:8 Ch:16 Neutral S:1    
Dlvl:1 $:709 HP:10(10) Pw:2(2) AC:10 Xp:1/0 T:64                                

",0.0,False
218,northwest,,"message:
It's a wall.

language observation:
gold piece far east
tame kitten near east
doorway near east
stairs up near eastsoutheast
horizontal wall near southeast and south
horizontal closed door near southsouthwest
southwest corner near southwest
vertical wall near west
gold piece very near southeast
horizontal wall adjacent north, northeast, and northwest

cursor:
Yourself a tourist
(x=13, y=3)

map:
                                                                                
          ---------                                                             
          |..@...f.###$                                                         
          |.......|   #                                                         
          |....$<..                                                             
          -+-------                                                             
                                                                                
                                                                                
                                                                                
                                                                                
                                                                                
                                                                                
                                                                                
                                                                                
                                                                                
                                                                                
                                                                                
                                                                                
                                                                                
                                                                                
                                                                                
Agent the Rambler              St:11 Dx:9 Co:18 In:13 Wi:8 Ch:16 Neutral S:1    
Dlvl:1 $:709 HP:10(10) Pw:2(2) AC:10 Xp:1/0 T:64                                

",0.0,False
219,west,,"message:


language observation:
gold piece far east
doorway far east
tame kitten near east
gold piece near eastsoutheast
stairs up near eastsoutheast
horizontal wall near southeast and south
horizontal closed door near southsouthwest
vertical wall very near southwest and west
horizontal wall adjacent north, northeast, and northwest

cursor:
Yourself a tourist
(x=12, y=3)

map:
                                                                                
          ---------                                                             
          |.@...f..###$                                                         
          |.......|   #                                                         
          |....$<..                                                             
          -+-------                                                             
                                                                                
                                                                                
                                                                                
                                                                                
                                                                                
                                                                                
                                                                                
                                                                                
                                                                                
                                                                                
                                                                                
                                                                                
                                                                                
                                                                                
                                                                                
Agent the Rambler              St:11 Dx:9 Co:18 In:13 Wi:8 Ch:16 Neutral S:1    
Dlvl:1 $:709 HP:10(10) Pw:2(2) AC:10 Xp:1/0 T:65                                

",0.0,False
220,northwest,,"message:
It's a wall.

language observation:
gold piece far east
doorway far east
tame kitten near east
gold piece near eastsoutheast
stairs up near eastsoutheast
horizontal wall near southeast and south
horizontal closed door near southsouthwest
vertical wall very near southwest and west
horizontal wall adjacent north, northeast, and northwest

cursor:
Yourself a tourist
(x=12, y=3)

map:
                                                                                
          ---------                                                             
          |.@...f..###$                                                         
          |.......|   #                                                         
          |....$<..                                                             
          -+-------                                                             
                                                                                
                                                                                
                                                                                
                                                                                
                                                                                
                                                                                
                                                                                
                                                                                
                                                                                
                                                                                
                                                                                
                                                                                
                                                                                
                                                                                
                                                                                
Agent the Rambler              St:11 Dx:9 Co:18 In:13 Wi:8 Ch:16 Neutral S:1    
Dlvl:1 $:709 HP:10(10) Pw:2(2) AC:10 Xp:1/0 T:65                                

",0.0,False
221,west,,"message:


language observation:
gold piece far east
doorway far east
tame kitten near east
gold piece near eastsoutheast
stairs up near eastsoutheast
horizontal wall near southeast
horizontal closed door near south
dark area near south
horizontal wall adjacent north and northeast
vertical wall adjacent southwest and west
northwest room corner adjacent northwest

cursor:
Yourself a tourist
(x=11, y=3)

map:
                                                                                
          ---------                                                             
          |@...f...###$                                                         
          |.......|   #                                                         
          |....$<..                                                             
          -+-------                                                             
                                                                                
                                                                                
                                                                                
                                                                                
                                                                                
                                                                                
                                                                                
                                                                                
                                                                                
                                                                                
                                                                                
                                                                                
                                                                                
                                                                                
                                                                                
Agent the Rambler              St:11 Dx:9 Co:18 In:13 Wi:8 Ch:16 Neutral S:1    
Dlvl:1 $:709 HP:10(10) Pw:2(2) AC:10 Xp:1/0 T:66                                

",0.0,False
222,northwest,,"message:
It's a wall.

language observation:
gold piece far east
doorway far east
tame kitten near east
gold piece near eastsoutheast
stairs up near eastsoutheast
horizontal wall near southeast
horizontal closed door near south
dark area near south
horizontal wall adjacent north and northeast
vertical wall adjacent southwest and west
northwest room corner adjacent northwest

cursor:
Yourself a tourist
(x=11, y=3)

map:
                                                                                
          ---------                                                             
          |@...f...###$                                                         
          |.......|   #                                                         
          |....$<..                                                             
          -+-------                                                             
                                                                                
                                                                                
                                                                                
                                                                                
                                                                                
                                                                                
                                                                                
                                                                                
                                                                                
                                                                                
                                                                                
                                                                                
                                                                                
                                                                                
                                                                                
Agent the Rambler              St:11 Dx:9 Co:18 In:13 Wi:8 Ch:16 Neutral S:1    
Dlvl:1 $:709 HP:10(10) Pw:2(2) AC:10 Xp:1/0 T:66                                

",0.0,False
223,west,,"message:
It's a wall.

language observation:
gold piece far east
doorway far east
tame kitten near east
gold piece near eastsoutheast
stairs up near eastsoutheast
horizontal wall near southeast
horizontal closed door near south
dark area near south
horizontal wall adjacent north and northeast
vertical wall adjacent southwest and west
northwest room corner adjacent northwest

cursor:
Yourself a tourist
(x=11, y=3)

map:
                                                                                
          ---------                                                             
          |@...f...###$                                                         
          |.......|   #                                                         
          |....$<..                                                             
          -+-------                                                             
                                                                                
                                                                                
                                                                                
                                                                                
                                                                                
                                                                                
                                                                                
                                                                                
                                                                                
                                                                                
                                                                                
                                                                                
                                                                                
                                                                                
                                                                                
Agent the Rambler              St:11 Dx:9 Co:18 In:13 Wi:8 Ch:16 Neutral S:1    
Dlvl:1 $:709 HP:10(10) Pw:2(2) AC:10 Xp:1/0 T:66                                

",0.0,False
224,west,,"message:
It's a wall.

language observation:
gold piece far east
doorway far east
tame kitten near east
gold piece near eastsoutheast
stairs up near eastsoutheast
horizontal wall near southeast
horizontal closed door near south
dark area near south
horizontal wall adjacent north and northeast
vertical wall adjacent southwest and west
northwest room corner adjacent northwest

cursor:
Yourself a tourist
(x=11, y=3)

map:
                                                                                
          ---------                                                             
          |@...f...###$                                                         
          |.......|   #                                                         
          |....$<..                                                             
          -+-------                                                             
                                                                                
                                                                                
                                                                                
                                                                                
                                                                                
                                                                                
                                                                                
                                                                                
                                                                                
                                                                                
                                                                                
                                                                                
                                                                                
                                                                                
                                                                                
Agent the Rambler              St:11 Dx:9 Co:18 In:13 Wi:8 Ch:16 Neutral S:1    
Dlvl:1 $:709 HP:10(10) Pw:2(2) AC:10 Xp:1/0 T:66                                

",0.0,False
225,west,,"message:
It's a wall.

language observation:
gold piece far east
doorway far east
tame kitten near east
gold piece near eastsoutheast
stairs up near eastsoutheast
horizontal wall near southeast
horizontal closed door near south
dark area near south
horizontal wall adjacent north and northeast
vertical wall adjacent southwest and west
northwest room corner adjacent northwest

cursor:
Yourself a tourist
(x=11, y=3)

map:
                                                                                
          ---------                                                             
          |@...f...###$                                                         
          |.......|   #                                                         
          |....$<..                                                             
          -+-------                                                             
                                                                                
                                                                                
                                                                                
                                                                                
                                                                                
                                                                                
                                                                                
                                                                                
                                                                                
                                                                                
                                                                                
                                                                                
                                                                                
                                                                                
                                                                                
Agent the Rambler              St:11 Dx:9 Co:18 In:13 Wi:8 Ch:16 Neutral S:1    
Dlvl:1 $:709 HP:10(10) Pw:2(2) AC:10 Xp:1/0 T:66                                

",0.0,False
226,west,,"message:
It's a wall.

language observation:
gold piece far east
doorway far east
tame kitten near east
gold piece near eastsoutheast
stairs up near eastsoutheast
horizontal wall near southeast
horizontal closed door near south
dark area near south
horizontal wall adjacent north and northeast
vertical wall adjacent southwest and west
northwest room corner adjacent northwest

cursor:
Yourself a tourist
(x=11, y=3)

map:
                                                                                
          ---------                                                             
          |@...f...###$                                                         
          |.......|   #                                                         
          |....$<..                                                             
          -+-------                                                             
                                                                                
                                                                                
                                                                                
                                                                                
                                                                                
                                                                                
                                                                                
                                                                                
                                                                                
                                                                                
                                                                                
                                                                                
                                                                                
                                                                                
                                                                                
Agent the Rambler              St:11 Dx:9 Co:18 In:13 Wi:8 Ch:16 Neutral S:1    
Dlvl:1 $:709 HP:10(10) Pw:2(2) AC:10 Xp:1/0 T:66                                

",0.0,False
227,west,,"message:
It's a wall.

language observation:
gold piece far east
doorway far east
tame kitten near east
gold piece near eastsoutheast
stairs up near eastsoutheast
horizontal wall near southeast
horizontal closed door near south
dark area near south
horizontal wall adjacent north and northeast
vertical wall adjacent southwest and west
northwest room corner adjacent northwest

cursor:
Yourself a tourist
(x=11, y=3)

map:
                                                                                
          ---------                                                             
          |@...f...###$                                                         
          |.......|   #                                                         
          |....$<..                                                             
          -+-------                                                             
                                                                                
                                                                                
                                                                                
                                                                                
                                                                                
                                                                                
                                                                                
                                                                                
                                                                                
                                                                                
                                                                                
                                                                                
                                                                                
                                                                                
                                                                                
Agent the Rambler              St:11 Dx:9 Co:18 In:13 Wi:8 Ch:16 Neutral S:1    
Dlvl:1 $:709 HP:10(10) Pw:2(2) AC:10 Xp:1/0 T:66                                

",0.0,False
228,west,,"message:
It's a wall.

language observation:
gold piece far east
doorway far east
tame kitten near east
gold piece near eastsoutheast
stairs up near eastsoutheast
horizontal wall near southeast
horizontal closed door near south
dark area near south
horizontal wall adjacent north and northeast
vertical wall adjacent southwest and west
northwest room corner adjacent northwest

cursor:
Yourself a tourist
(x=11, y=3)

map:
                                                                                
          ---------                                                             
          |@...f...###$                                                         
          |.......|   #                                                         
          |....$<..                                                             
          -+-------                                                             
                                                                                
                                                                                
                                                                                
                                                                                
                                                                                
                                                                                
                                                                                
                                                                                
                                                                                
                                                                                
                                                                                
                                                                                
                                                                                
                                                                                
                                                                                
Agent the Rambler              St:11 Dx:9 Co:18 In:13 Wi:8 Ch:16 Neutral S:1    
Dlvl:1 $:709 HP:10(10) Pw:2(2) AC:10 Xp:1/0 T:66                                

",0.0,False
229,west,,"message:
It's a wall.

language observation:
gold piece far east
doorway far east
tame kitten near east
gold piece near eastsoutheast
stairs up near eastsoutheast
horizontal wall near southeast
horizontal closed door near south
dark area near south
horizontal wall adjacent north and northeast
vertical wall adjacent southwest and west
northwest room corner adjacent northwest

cursor:
Yourself a tourist
(x=11, y=3)

map:
                                                                                
          ---------                                                             
          |@...f...###$                                                         
          |.......|   #                                                         
          |....$<..                                                             
          -+-------                                                             
                                                                                
                                                                                
                                                                                
                                                                                
                                                                                
                                                                                
                                                                                
                                                                                
                                                                                
                                                                                
                                                                                
                                                                                
                                                                                
                                                                                
                                                                                
Agent the Rambler              St:11 Dx:9 Co:18 In:13 Wi:8 Ch:16 Neutral S:1    
Dlvl:1 $:709 HP:10(10) Pw:2(2) AC:10 Xp:1/0 T:66                                

",0.0,False
230,west,,"message:
It's a wall.

language observation:
gold piece far east
doorway far east
tame kitten near east
gold piece near eastsoutheast
stairs up near eastsoutheast
horizontal wall near southeast
horizontal closed door near south
dark area near south
horizontal wall adjacent north and northeast
vertical wall adjacent southwest and west
northwest room corner adjacent northwest

cursor:
Yourself a tourist
(x=11, y=3)

map:
                                                                                
          ---------                                                             
          |@...f...###$                                                         
          |.......|   #                                                         
          |....$<..                                                             
          -+-------                                                             
                                                                                
                                                                                
                                                                                
                                                                                
                                                                                
                                                                                
                                                                                
                                                                                
                                                                                
                                                                                
                                                                                
                                                                                
                                                                                
                                                                                
                                                                                
Agent the Rambler              St:11 Dx:9 Co:18 In:13 Wi:8 Ch:16 Neutral S:1    
Dlvl:1 $:709 HP:10(10) Pw:2(2) AC:10 Xp:1/0 T:66                                

",0.0,False
231,west,,"message:
It's a wall.

language observation:
gold piece far east
doorway far east
tame kitten near east
gold piece near eastsoutheast
stairs up near eastsoutheast
horizontal wall near southeast
horizontal closed door near south
dark area near south
horizontal wall adjacent north and northeast
vertical wall adjacent southwest and west
northwest room corner adjacent northwest

cursor:
Yourself a tourist
(x=11, y=3)

map:
                                                                                
          ---------                                                             
          |@...f...###$                                                         
          |.......|   #                                                         
          |....$<..                                                             
          -+-------                                                             
                                                                                
                                                                                
                                                                                
                                                                                
                                                                                
                                                                                
                                                                                
                                                                                
                                                                                
                                                                                
                                                                                
                                                                                
                                                                                
                                                                                
                                                                                
Agent the Rambler              St:11 Dx:9 Co:18 In:13 Wi:8 Ch:16 Neutral S:1    
Dlvl:1 $:709 HP:10(10) Pw:2(2) AC:10 Xp:1/0 T:66                                

",0.0,False
232,west,,"message:
It's a wall.

language observation:
gold piece far east
doorway far east
tame kitten near east
gold piece near eastsoutheast
stairs up near eastsoutheast
horizontal wall near southeast
horizontal closed door near south
dark area near south
horizontal wall adjacent north and northeast
vertical wall adjacent southwest and west
northwest room corner adjacent northwest

cursor:
Yourself a tourist
(x=11, y=3)

map:
                                                                                
          ---------                                                             
          |@...f...###$                                                         
          |.......|   #                                                         
          |....$<..                                                             
          -+-------                                                             
                                                                                
                                                                                
                                                                                
                                                                                
                                                                                
                                                                                
                                                                                
                                                                                
                                                                                
                                                                                
                                                                                
                                                                                
                                                                                
                                                                                
                                                                                
Agent the Rambler              St:11 Dx:9 Co:18 In:13 Wi:8 Ch:16 Neutral S:1    
Dlvl:1 $:709 HP:10(10) Pw:2(2) AC:10 Xp:1/0 T:66                                

",0.0,False
233,west,,"message:
It's a wall.

language observation:
gold piece far east
doorway far east
tame kitten near east
gold piece near eastsoutheast
stairs up near eastsoutheast
horizontal wall near southeast
horizontal closed door near south
dark area near south
horizontal wall adjacent north and northeast
vertical wall adjacent southwest and west
northwest room corner adjacent northwest

cursor:
Yourself a tourist
(x=11, y=3)

map:
                                                                                
          ---------                                                             
          |@...f...###$                                                         
          |.......|   #                                                         
          |....$<..                                                             
          -+-------                                                             
                                                                                
                                                                                
                                                                                
                                                                                
                                                                                
                                                                                
                                                                                
                                                                                
                                                                                
                                                                                
                                                                                
                                                                                
                                                                                
                                                                                
                                                                                
Agent the Rambler              St:11 Dx:9 Co:18 In:13 Wi:8 Ch:16 Neutral S:1    
Dlvl:1 $:709 HP:10(10) Pw:2(2) AC:10 Xp:1/0 T:66                                

",0.0,False
234,west,,"message:
It's a wall.

language observation:
gold piece far east
doorway far east
tame kitten near east
gold piece near eastsoutheast
stairs up near eastsoutheast
horizontal wall near southeast
horizontal closed door near south
dark area near south
horizontal wall adjacent north and northeast
vertical wall adjacent southwest and west
northwest room corner adjacent northwest

cursor:
Yourself a tourist
(x=11, y=3)

map:
                                                                                
          ---------                                                             
          |@...f...###$                                                         
          |.......|   #                                                         
          |....$<..                                                             
          -+-------                                                             
                                                                                
                                                                                
                                                                                
                                                                                
                                                                                
                                                                                
                                                                                
                                                                                
                                                                                
                                                                                
                                                                                
                                                                                
                                                                                
                                                                                
                                                                                
Agent the Rambler              St:11 Dx:9 Co:18 In:13 Wi:8 Ch:16 Neutral S:1    
Dlvl:1 $:709 HP:10(10) Pw:2(2) AC:10 Xp:1/0 T:66                                

",0.0,False
235,west,,"message:
It's a wall.

language observation:
gold piece far east
doorway far east
tame kitten near east
gold piece near eastsoutheast
stairs up near eastsoutheast
horizontal wall near southeast
horizontal closed door near south
dark area near south
horizontal wall adjacent north and northeast
vertical wall adjacent southwest and west
northwest room corner adjacent northwest

cursor:
Yourself a tourist
(x=11, y=3)

map:
                                                                                
          ---------                                                             
          |@...f...###$                                                         
          |.......|   #                                                         
          |....$<..                                                             
          -+-------                                                             
                                                                                
                                                                                
                                                                                
                                                                                
                                                                                
                                                                                
                                                                                
                                                                                
                                                                                
                                                                                
                                                                                
                                                                                
                                                                                
                                                                                
                                                                                
Agent the Rambler              St:11 Dx:9 Co:18 In:13 Wi:8 Ch:16 Neutral S:1    
Dlvl:1 $:709 HP:10(10) Pw:2(2) AC:10 Xp:1/0 T:66                                

",0.0,False
236,west,,"message:
It's a wall.

language observation:
gold piece far east
doorway far east
tame kitten near east
gold piece near eastsoutheast
stairs up near eastsoutheast
horizontal wall near southeast
horizontal closed door near south
dark area near south
horizontal wall adjacent north and northeast
vertical wall adjacent southwest and west
northwest room corner adjacent northwest

cursor:
Yourself a tourist
(x=11, y=3)

map:
                                                                                
          ---------                                                             
          |@...f...###$                                                         
          |.......|   #                                                         
          |....$<..                                                             
          -+-------                                                             
                                                                                
                                                                                
                                                                                
                                                                                
                                                                                
                                                                                
                                                                                
                                                                                
                                                                                
                                                                                
                                                                                
                                                                                
                                                                                
                                                                                
                                                                                
Agent the Rambler              St:11 Dx:9 Co:18 In:13 Wi:8 Ch:16 Neutral S:1    
Dlvl:1 $:709 HP:10(10) Pw:2(2) AC:10 Xp:1/0 T:66                                

",0.0,False
237,west,,"message:
It's a wall.

language observation:
gold piece far east
doorway far east
tame kitten near east
gold piece near eastsoutheast
stairs up near eastsoutheast
horizontal wall near southeast
horizontal closed door near south
dark area near south
horizontal wall adjacent north and northeast
vertical wall adjacent southwest and west
northwest room corner adjacent northwest

cursor:
Yourself a tourist
(x=11, y=3)

map:
                                                                                
          ---------                                                             
          |@...f...###$                                                         
          |.......|   #                                                         
          |....$<..                                                             
          -+-------                                                             
                                                                                
                                                                                
                                                                                
                                                                                
                                                                                
                                                                                
                                                                                
                                                                                
                                                                                
                                                                                
                                                                                
                                                                                
                                                                                
                                                                                
                                                                                
Agent the Rambler              St:11 Dx:9 Co:18 In:13 Wi:8 Ch:16 Neutral S:1    
Dlvl:1 $:709 HP:10(10) Pw:2(2) AC:10 Xp:1/0 T:66                                

",0.0,False
238,west,,"message:
It's a wall.

language observation:
gold piece far east
doorway far east
tame kitten near east
gold piece near eastsoutheast
stairs up near eastsoutheast
horizontal wall near southeast
horizontal closed door near south
dark area near south
horizontal wall adjacent north and northeast
vertical wall adjacent southwest and west
northwest room corner adjacent northwest

cursor:
Yourself a tourist
(x=11, y=3)

map:
                                                                                
          ---------                                                             
          |@...f...###$                                                         
          |.......|   #                                                         
          |....$<..                                                             
          -+-------                                                             
                                                                                
                                                                                
                                                                                
                                                                                
                                                                                
                                                                                
                                                                                
                                                                                
                                                                                
                                                                                
                                                                                
                                                                                
                                                                                
                                                                                
                                                                                
Agent the Rambler              St:11 Dx:9 Co:18 In:13 Wi:8 Ch:16 Neutral S:1    
Dlvl:1 $:709 HP:10(10) Pw:2(2) AC:10 Xp:1/0 T:66                                

",0.0,False
239,west,,"message:
It's a wall.

language observation:
gold piece far east
doorway far east
tame kitten near east
gold piece near eastsoutheast
stairs up near eastsoutheast
horizontal wall near southeast
horizontal closed door near south
dark area near south
horizontal wall adjacent north and northeast
vertical wall adjacent southwest and west
northwest room corner adjacent northwest

cursor:
Yourself a tourist
(x=11, y=3)

map:
                                                                                
          ---------                                                             
          |@...f...###$                                                         
          |.......|   #                                                         
          |....$<..                                                             
          -+-------                                                             
                                                                                
                                                                                
                                                                                
                                                                                
                                                                                
                                                                                
                                                                                
                                                                                
                                                                                
                                                                                
                                                                                
                                                                                
                                                                                
                                                                                
                                                                                
Agent the Rambler              St:11 Dx:9 Co:18 In:13 Wi:8 Ch:16 Neutral S:1    
Dlvl:1 $:709 HP:10(10) Pw:2(2) AC:10 Xp:1/0 T:66                                

",0.0,False
240,west,,"message:
It's a wall.

language observation:
gold piece far east
doorway far east
tame kitten near east
gold piece near eastsoutheast
stairs up near eastsoutheast
horizontal wall near southeast
horizontal closed door near south
dark area near south
horizontal wall adjacent north and northeast
vertical wall adjacent southwest and west
northwest room corner adjacent northwest

cursor:
Yourself a tourist
(x=11, y=3)

map:
                                                                                
          ---------                                                             
          |@...f...###$                                                         
          |.......|   #                                                         
          |....$<..                                                             
          -+-------                                                             
                                                                                
                                                                                
                                                                                
                                                                                
                                                                                
                                                                                
                                                                                
                                                                                
                                                                                
                                                                                
                                                                                
                                                                                
                                                                                
                                                                                
                                                                                
Agent the Rambler              St:11 Dx:9 Co:18 In:13 Wi:8 Ch:16 Neutral S:1    
Dlvl:1 $:709 HP:10(10) Pw:2(2) AC:10 Xp:1/0 T:66                                

",0.0,False
241,west,,"message:
It's a wall.

language observation:
gold piece far east
doorway far east
tame kitten near east
gold piece near eastsoutheast
stairs up near eastsoutheast
horizontal wall near southeast
horizontal closed door near south
dark area near south
horizontal wall adjacent north and northeast
vertical wall adjacent southwest and west
northwest room corner adjacent northwest

cursor:
Yourself a tourist
(x=11, y=3)

map:
                                                                                
          ---------                                                             
          |@...f...###$                                                         
          |.......|   #                                                         
          |....$<..                                                             
          -+-------                                                             
                                                                                
                                                                                
                                                                                
                                                                                
                                                                                
                                                                                
                                                                                
                                                                                
                                                                                
                                                                                
                                                                                
                                                                                
                                                                                
                                                                                
                                                                                
Agent the Rambler              St:11 Dx:9 Co:18 In:13 Wi:8 Ch:16 Neutral S:1    
Dlvl:1 $:709 HP:10(10) Pw:2(2) AC:10 Xp:1/0 T:66                                

",0.0,False
242,west,,"message:
It's a wall.

language observation:
gold piece far east
doorway far east
tame kitten near east
gold piece near eastsoutheast
stairs up near eastsoutheast
horizontal wall near southeast
horizontal closed door near south
dark area near south
horizontal wall adjacent north and northeast
vertical wall adjacent southwest and west
northwest room corner adjacent northwest

cursor:
Yourself a tourist
(x=11, y=3)

map:
                                                                                
          ---------                                                             
          |@...f...###$                                                         
          |.......|   #                                                         
          |....$<..                                                             
          -+-------                                                             
                                                                                
                                                                                
                                                                                
                                                                                
                                                                                
                                                                                
                                                                                
                                                                                
                                                                                
                                                                                
                                                                                
                                                                                
                                                                                
                                                                                
                                                                                
Agent the Rambler              St:11 Dx:9 Co:18 In:13 Wi:8 Ch:16 Neutral S:1    
Dlvl:1 $:709 HP:10(10) Pw:2(2) AC:10 Xp:1/0 T:66                                

",0.0,False
243,west,,"message:
It's a wall.

language observation:
gold piece far east
doorway far east
tame kitten near east
gold piece near eastsoutheast
stairs up near eastsoutheast
horizontal wall near southeast
horizontal closed door near south
dark area near south
horizontal wall adjacent north and northeast
vertical wall adjacent southwest and west
northwest room corner adjacent northwest

cursor:
Yourself a tourist
(x=11, y=3)

map:
                                                                                
          ---------                                                             
          |@...f...###$                                                         
          |.......|   #                                                         
          |....$<..                                                             
          -+-------                                                             
                                                                                
                                                                                
                                                                                
                                                                                
                                                                                
                                                                                
                                                                                
                                                                                
                                                                                
                                                                                
                                                                                
                                                                                
                                                                                
                                                                                
                                                                                
Agent the Rambler              St:11 Dx:9 Co:18 In:13 Wi:8 Ch:16 Neutral S:1    
Dlvl:1 $:709 HP:10(10) Pw:2(2) AC:10 Xp:1/0 T:66                                

",0.0,False
244,west,,"message:
It's a wall.

language observation:
gold piece far east
doorway far east
tame kitten near east
gold piece near eastsoutheast
stairs up near eastsoutheast
horizontal wall near southeast
horizontal closed door near south
dark area near south
horizontal wall adjacent north and northeast
vertical wall adjacent southwest and west
northwest room corner adjacent northwest

cursor:
Yourself a tourist
(x=11, y=3)

map:
                                                                                
          ---------                                                             
          |@...f...###$                                                         
          |.......|   #                                                         
          |....$<..                                                             
          -+-------                                                             
                                                                                
                                                                                
                                                                                
                                                                                
                                                                                
                                                                                
                                                                                
                                                                                
                                                                                
                                                                                
                                                                                
                                                                                
                                                                                
                                                                                
                                                                                
Agent the Rambler              St:11 Dx:9 Co:18 In:13 Wi:8 Ch:16 Neutral S:1    
Dlvl:1 $:709 HP:10(10) Pw:2(2) AC:10 Xp:1/0 T:66                                

",0.0,False
245,west,,"message:
It's a wall.

language observation:
gold piece far east
doorway far east
tame kitten near east
gold piece near eastsoutheast
stairs up near eastsoutheast
horizontal wall near southeast
horizontal closed door near south
dark area near south
horizontal wall adjacent north and northeast
vertical wall adjacent southwest and west
northwest room corner adjacent northwest

cursor:
Yourself a tourist
(x=11, y=3)

map:
                                                                                
          ---------                                                             
          |@...f...###$                                                         
          |.......|   #                                                         
          |....$<..                                                             
          -+-------                                                             
                                                                                
                                                                                
                                                                                
                                                                                
                                                                                
                                                                                
                                                                                
                                                                                
                                                                                
                                                                                
                                                                                
                                                                                
                                                                                
                                                                                
                                                                                
Agent the Rambler              St:11 Dx:9 Co:18 In:13 Wi:8 Ch:16 Neutral S:1    
Dlvl:1 $:709 HP:10(10) Pw:2(2) AC:10 Xp:1/0 T:66                                

",0.0,False
246,west,,"message:
It's a wall.

language observation:
gold piece far east
doorway far east
tame kitten near east
gold piece near eastsoutheast
stairs up near eastsoutheast
horizontal wall near southeast
horizontal closed door near south
dark area near south
horizontal wall adjacent north and northeast
vertical wall adjacent southwest and west
northwest room corner adjacent northwest

cursor:
Yourself a tourist
(x=11, y=3)

map:
                                                                                
          ---------                                                             
          |@...f...###$                                                         
          |.......|   #                                                         
          |....$<..                                                             
          -+-------                                                             
                                                                                
                                                                                
                                                                                
                                                                                
                                                                                
                                                                                
                                                                                
                                                                                
                                                                                
                                                                                
                                                                                
                                                                                
                                                                                
                                                                                
                                                                                
Agent the Rambler              St:11 Dx:9 Co:18 In:13 Wi:8 Ch:16 Neutral S:1    
Dlvl:1 $:709 HP:10(10) Pw:2(2) AC:10 Xp:1/0 T:66                                

",0.0,False
247,west,,"message:
It's a wall.

language observation:
gold piece far east
doorway far east
tame kitten near east
gold piece near eastsoutheast
stairs up near eastsoutheast
horizontal wall near southeast
horizontal closed door near south
dark area near south
horizontal wall adjacent north and northeast
vertical wall adjacent southwest and west
northwest room corner adjacent northwest

cursor:
Yourself a tourist
(x=11, y=3)

map:
                                                                                
          ---------                                                             
          |@...f...###$                                                         
          |.......|   #                                                         
          |....$<..                                                             
          -+-------                                                             
                                                                                
                                                                                
                                                                                
                                                                                
                                                                                
                                                                                
                                                                                
                                                                                
                                                                                
                                                                                
                                                                                
                                                                                
                                                                                
                                                                                
                                                                                
Agent the Rambler              St:11 Dx:9 Co:18 In:13 Wi:8 Ch:16 Neutral S:1    
Dlvl:1 $:709 HP:10(10) Pw:2(2) AC:10 Xp:1/0 T:66                                

",0.0,False
248,west,,"message:
It's a wall.

language observation:
gold piece far east
doorway far east
tame kitten near east
gold piece near eastsoutheast
stairs up near eastsoutheast
horizontal wall near southeast
horizontal closed door near south
dark area near south
horizontal wall adjacent north and northeast
vertical wall adjacent southwest and west
northwest room corner adjacent northwest

cursor:
Yourself a tourist
(x=11, y=3)

map:
                                                                                
          ---------                                                             
          |@...f...###$                                                         
          |.......|   #                                                         
          |....$<..                                                             
          -+-------                                                             
                                                                                
                                                                                
                                                                                
                                                                                
                                                                                
                                                                                
                                                                                
                                                                                
                                                                                
                                                                                
                                                                                
                                                                                
                                                                                
                                                                                
                                                                                
Agent the Rambler              St:11 Dx:9 Co:18 In:13 Wi:8 Ch:16 Neutral S:1    
Dlvl:1 $:709 HP:10(10) Pw:2(2) AC:10 Xp:1/0 T:66                                

",0.0,False
249,west,,"message:
It's a wall.

language observation:
gold piece far east
doorway far east
tame kitten near east
gold piece near eastsoutheast
stairs up near eastsoutheast
horizontal wall near southeast
horizontal closed door near south
dark area near south
horizontal wall adjacent north and northeast
vertical wall adjacent southwest and west
northwest room corner adjacent northwest

cursor:
Yourself a tourist
(x=11, y=3)

map:
                                                                                
          ---------                                                             
          |@...f...###$                                                         
          |.......|   #                                                         
          |....$<..                                                             
          -+-------                                                             
                                                                                
                                                                                
                                                                                
                                                                                
                                                                                
                                                                                
                                                                                
                                                                                
                                                                                
                                                                                
                                                                                
                                                                                
                                                                                
                                                                                
                                                                                
Agent the Rambler              St:11 Dx:9 Co:18 In:13 Wi:8 Ch:16 Neutral S:1    
Dlvl:1 $:709 HP:10(10) Pw:2(2) AC:10 Xp:1/0 T:66                                

",0.0,False
250,west,,"message:
It's a wall.

language observation:
gold piece far east
doorway far east
tame kitten near east
gold piece near eastsoutheast
stairs up near eastsoutheast
horizontal wall near southeast
horizontal closed door near south
dark area near south
horizontal wall adjacent north and northeast
vertical wall adjacent southwest and west
northwest room corner adjacent northwest

cursor:
Yourself a tourist
(x=11, y=3)

map:
                                                                                
          ---------                                                             
          |@...f...###$                                                         
          |.......|   #                                                         
          |....$<..                                                             
          -+-------                                                             
                                                                                
                                                                                
                                                                                
                                                                                
                                                                                
                                                                                
                                                                                
                                                                                
                                                                                
                                                                                
                                                                                
                                                                                
                                                                                
                                                                                
                                                                                
Agent the Rambler              St:11 Dx:9 Co:18 In:13 Wi:8 Ch:16 Neutral S:1    
Dlvl:1 $:709 HP:10(10) Pw:2(2) AC:10 Xp:1/0 T:66                                

",0.0,False
251,west,,"message:
It's a wall.

language observation:
gold piece far east
doorway far east
tame kitten near east
gold piece near eastsoutheast
stairs up near eastsoutheast
horizontal wall near southeast
horizontal closed door near south
dark area near south
horizontal wall adjacent north and northeast
vertical wall adjacent southwest and west
northwest room corner adjacent northwest

cursor:
Yourself a tourist
(x=11, y=3)

map:
                                                                                
          ---------                                                             
          |@...f...###$                                                         
          |.......|   #                                                         
          |....$<..                                                             
          -+-------                                                             
                                                                                
                                                                                
                                                                                
                                                                                
                                                                                
                                                                                
                                                                                
                                                                                
                                                                                
                                                                                
                                                                                
                                                                                
                                                                                
                                                                                
                                                                                
Agent the Rambler              St:11 Dx:9 Co:18 In:13 Wi:8 Ch:16 Neutral S:1    
Dlvl:1 $:709 HP:10(10) Pw:2(2) AC:10 Xp:1/0 T:66                                

",0.0,False
252,west,,"message:
It's a wall.

language observation:
gold piece far east
doorway far east
tame kitten near east
gold piece near eastsoutheast
stairs up near eastsoutheast
horizontal wall near southeast
horizontal closed door near south
dark area near south
horizontal wall adjacent north and northeast
vertical wall adjacent southwest and west
northwest room corner adjacent northwest

cursor:
Yourself a tourist
(x=11, y=3)

map:
                                                                                
          ---------                                                             
          |@...f...###$                                                         
          |.......|   #                                                         
          |....$<..                                                             
          -+-------                                                             
                                                                                
                                                                                
                                                                                
                                                                                
                                                                                
                                                                                
                                                                                
                                                                                
                                                                                
                                                                                
                                                                                
                                                                                
                                                                                
                                                                                
                                                                                
Agent the Rambler              St:11 Dx:9 Co:18 In:13 Wi:8 Ch:16 Neutral S:1    
Dlvl:1 $:709 HP:10(10) Pw:2(2) AC:10 Xp:1/0 T:66                                

",0.0,False
253,west,,"message:
It's a wall.

language observation:
gold piece far east
doorway far east
tame kitten near east
gold piece near eastsoutheast
stairs up near eastsoutheast
horizontal wall near southeast
horizontal closed door near south
dark area near south
horizontal wall adjacent north and northeast
vertical wall adjacent southwest and west
northwest room corner adjacent northwest

cursor:
Yourself a tourist
(x=11, y=3)

map:
                                                                                
          ---------                                                             
          |@...f...###$                                                         
          |.......|   #                                                         
          |....$<..                                                             
          -+-------                                                             
                                                                                
                                                                                
                                                                                
                                                                                
                                                                                
                                                                                
                                                                                
                                                                                
                                                                                
                                                                                
                                                                                
                                                                                
                                                                                
                                                                                
                                                                                
Agent the Rambler              St:11 Dx:9 Co:18 In:13 Wi:8 Ch:16 Neutral S:1    
Dlvl:1 $:709 HP:10(10) Pw:2(2) AC:10 Xp:1/0 T:66                                

",0.0,False
254,west,,"message:
It's a wall.

language observation:
gold piece far east
doorway far east
tame kitten near east
gold piece near eastsoutheast
stairs up near eastsoutheast
horizontal wall near southeast
horizontal closed door near south
dark area near south
horizontal wall adjacent north and northeast
vertical wall adjacent southwest and west
northwest room corner adjacent northwest

cursor:
Yourself a tourist
(x=11, y=3)

map:
                                                                                
          ---------                                                             
          |@...f...###$                                                         
          |.......|   #                                                         
          |....$<..                                                             
          -+-------                                                             
                                                                                
                                                                                
                                                                                
                                                                                
                                                                                
                                                                                
                                                                                
                                                                                
                                                                                
                                                                                
                                                                                
                                                                                
                                                                                
                                                                                
                                                                                
Agent the Rambler              St:11 Dx:9 Co:18 In:13 Wi:8 Ch:16 Neutral S:1    
Dlvl:1 $:709 HP:10(10) Pw:2(2) AC:10 Xp:1/0 T:66                                

",0.0,False
255,west,,"message:
It's a wall.

language observation:
gold piece far east
doorway far east
tame kitten near east
gold piece near eastsoutheast
stairs up near eastsoutheast
horizontal wall near southeast
horizontal closed door near south
dark area near south
horizontal wall adjacent north and northeast
vertical wall adjacent southwest and west
northwest room corner adjacent northwest

cursor:
Yourself a tourist
(x=11, y=3)

map:
                                                                                
          ---------                                                             
          |@...f...###$                                                         
          |.......|   #                                                         
          |....$<..                                                             
          -+-------                                                             
                                                                                
                                                                                
                                                                                
                                                                                
                                                                                
                                                                                
                                                                                
                                                                                
                                                                                
                                                                                
                                                                                
                                                                                
                                                                                
                                                                                
                                                                                
Agent the Rambler              St:11 Dx:9 Co:18 In:13 Wi:8 Ch:16 Neutral S:1    
Dlvl:1 $:709 HP:10(10) Pw:2(2) AC:10 Xp:1/0 T:66                                

",0.0,False
256,west,,"message:
It's a wall.

language observation:
gold piece far east
doorway far east
tame kitten near east
gold piece near eastsoutheast
stairs up near eastsoutheast
horizontal wall near southeast
horizontal closed door near south
dark area near south
horizontal wall adjacent north and northeast
vertical wall adjacent southwest and west
northwest room corner adjacent northwest

cursor:
Yourself a tourist
(x=11, y=3)

map:
                                                                                
          ---------                                                             
          |@...f...###$                                                         
          |.......|   #                                                         
          |....$<..                                                             
          -+-------                                                             
                                                                                
                                                                                
                                                                                
                                                                                
                                                                                
                                                                                
                                                                                
                                                                                
                                                                                
                                                                                
                                                                                
                                                                                
                                                                                
                                                                                
                                                                                
Agent the Rambler              St:11 Dx:9 Co:18 In:13 Wi:8 Ch:16 Neutral S:1    
Dlvl:1 $:709 HP:10(10) Pw:2(2) AC:10 Xp:1/0 T:66                                

",0.0,False
257,west,,"message:
It's a wall.

language observation:
gold piece far east
doorway far east
tame kitten near east
gold piece near eastsoutheast
stairs up near eastsoutheast
horizontal wall near southeast
horizontal closed door near south
dark area near south
horizontal wall adjacent north and northeast
vertical wall adjacent southwest and west
northwest room corner adjacent northwest

cursor:
Yourself a tourist
(x=11, y=3)

map:
                                                                                
          ---------                                                             
          |@...f...###$                                                         
          |.......|   #                                                         
          |....$<..                                                             
          -+-------                                                             
                                                                                
                                                                                
                                                                                
                                                                                
                                                                                
                                                                                
                                                                                
                                                                                
                                                                                
                                                                                
                                                                                
                                                                                
                                                                                
                                                                                
                                                                                
Agent the Rambler              St:11 Dx:9 Co:18 In:13 Wi:8 Ch:16 Neutral S:1    
Dlvl:1 $:709 HP:10(10) Pw:2(2) AC:10 Xp:1/0 T:66                                

",0.0,False
258,west,,"message:
It's a wall.

language observation:
gold piece far east
doorway far east
tame kitten near east
gold piece near eastsoutheast
stairs up near eastsoutheast
horizontal wall near southeast
horizontal closed door near south
dark area near south
horizontal wall adjacent north and northeast
vertical wall adjacent southwest and west
northwest room corner adjacent northwest

cursor:
Yourself a tourist
(x=11, y=3)

map:
                                                                                
          ---------                                                             
          |@...f...###$                                                         
          |.......|   #                                                         
          |....$<..                                                             
          -+-------                                                             
                                                                                
                                                                                
                                                                                
                                                                                
                                                                                
                                                                                
                                                                                
                                                                                
                                                                                
                                                                                
                                                                                
                                                                                
                                                                                
                                                                                
                                                                                
Agent the Rambler              St:11 Dx:9 Co:18 In:13 Wi:8 Ch:16 Neutral S:1    
Dlvl:1 $:709 HP:10(10) Pw:2(2) AC:10 Xp:1/0 T:66                                

",0.0,False
259,west,,"message:
It's a wall.

language observation:
gold piece far east
doorway far east
tame kitten near east
gold piece near eastsoutheast
stairs up near eastsoutheast
horizontal wall near southeast
horizontal closed door near south
dark area near south
horizontal wall adjacent north and northeast
vertical wall adjacent southwest and west
northwest room corner adjacent northwest

cursor:
Yourself a tourist
(x=11, y=3)

map:
                                                                                
          ---------                                                             
          |@...f...###$                                                         
          |.......|   #                                                         
          |....$<..                                                             
          -+-------                                                             
                                                                                
                                                                                
                                                                                
                                                                                
                                                                                
                                                                                
                                                                                
                                                                                
                                                                                
                                                                                
                                                                                
                                                                                
                                                                                
                                                                                
                                                                                
Agent the Rambler              St:11 Dx:9 Co:18 In:13 Wi:8 Ch:16 Neutral S:1    
Dlvl:1 $:709 HP:10(10) Pw:2(2) AC:10 Xp:1/0 T:66                                

",0.0,False
260,west,,"message:
It's a wall.

language observation:
gold piece far east
doorway far east
tame kitten near east
gold piece near eastsoutheast
stairs up near eastsoutheast
horizontal wall near southeast
horizontal closed door near south
dark area near south
horizontal wall adjacent north and northeast
vertical wall adjacent southwest and west
northwest room corner adjacent northwest

cursor:
Yourself a tourist
(x=11, y=3)

map:
                                                                                
          ---------                                                             
          |@...f...###$                                                         
          |.......|   #                                                         
          |....$<..                                                             
          -+-------                                                             
                                                                                
                                                                                
                                                                                
                                                                                
                                                                                
                                                                                
                                                                                
                                                                                
                                                                                
                                                                                
                                                                                
                                                                                
                                                                                
                                                                                
                                                                                
Agent the Rambler              St:11 Dx:9 Co:18 In:13 Wi:8 Ch:16 Neutral S:1    
Dlvl:1 $:709 HP:10(10) Pw:2(2) AC:10 Xp:1/0 T:66                                

",0.0,False
261,west,,"message:
It's a wall.

language observation:
gold piece far east
doorway far east
tame kitten near east
gold piece near eastsoutheast
stairs up near eastsoutheast
horizontal wall near southeast
horizontal closed door near south
dark area near south
horizontal wall adjacent north and northeast
vertical wall adjacent southwest and west
northwest room corner adjacent northwest

cursor:
Yourself a tourist
(x=11, y=3)

map:
                                                                                
          ---------                                                             
          |@...f...###$                                                         
          |.......|   #                                                         
          |....$<..                                                             
          -+-------                                                             
                                                                                
                                                                                
                                                                                
                                                                                
                                                                                
                                                                                
                                                                                
                                                                                
                                                                                
                                                                                
                                                                                
                                                                                
                                                                                
                                                                                
                                                                                
Agent the Rambler              St:11 Dx:9 Co:18 In:13 Wi:8 Ch:16 Neutral S:1    
Dlvl:1 $:709 HP:10(10) Pw:2(2) AC:10 Xp:1/0 T:66                                

",0.0,False
262,west,,"message:
It's a wall.

language observation:
gold piece far east
doorway far east
tame kitten near east
gold piece near eastsoutheast
stairs up near eastsoutheast
horizontal wall near southeast
horizontal closed door near south
dark area near south
horizontal wall adjacent north and northeast
vertical wall adjacent southwest and west
northwest room corner adjacent northwest

cursor:
Yourself a tourist
(x=11, y=3)

map:
                                                                                
          ---------                                                             
          |@...f...###$                                                         
          |.......|   #                                                         
          |....$<..                                                             
          -+-------                                                             
                                                                                
                                                                                
                                                                                
                                                                                
                                                                                
                                                                                
                                                                                
                                                                                
                                                                                
                                                                                
                                                                                
                                                                                
                                                                                
                                                                                
                                                                                
Agent the Rambler              St:11 Dx:9 Co:18 In:13 Wi:8 Ch:16 Neutral S:1    
Dlvl:1 $:709 HP:10(10) Pw:2(2) AC:10 Xp:1/0 T:66                                

",0.0,False
263,west,,"message:
It's a wall.

language observation:
gold piece far east
doorway far east
tame kitten near east
gold piece near eastsoutheast
stairs up near eastsoutheast
horizontal wall near southeast
horizontal closed door near south
dark area near south
horizontal wall adjacent north and northeast
vertical wall adjacent southwest and west
northwest room corner adjacent northwest

cursor:
Yourself a tourist
(x=11, y=3)

map:
                                                                                
          ---------                                                             
          |@...f...###$                                                         
          |.......|   #                                                         
          |....$<..                                                             
          -+-------                                                             
                                                                                
                                                                                
                                                                                
                                                                                
                                                                                
                                                                                
                                                                                
                                                                                
                                                                                
                                                                                
                                                                                
                                                                                
                                                                                
                                                                                
                                                                                
Agent the Rambler              St:11 Dx:9 Co:18 In:13 Wi:8 Ch:16 Neutral S:1    
Dlvl:1 $:709 HP:10(10) Pw:2(2) AC:10 Xp:1/0 T:66                                

",0.0,False
264,west,,"message:
It's a wall.

language observation:
gold piece far east
doorway far east
tame kitten near east
gold piece near eastsoutheast
stairs up near eastsoutheast
horizontal wall near southeast
horizontal closed door near south
dark area near south
horizontal wall adjacent north and northeast
vertical wall adjacent southwest and west
northwest room corner adjacent northwest

cursor:
Yourself a tourist
(x=11, y=3)

map:
                                                                                
          ---------                                                             
          |@...f...###$                                                         
          |.......|   #                                                         
          |....$<..                                                             
          -+-------                                                             
                                                                                
                                                                                
                                                                                
                                                                                
                                                                                
                                                                                
                                                                                
                                                                                
                                                                                
                                                                                
                                                                                
                                                                                
                                                                                
                                                                                
                                                                                
Agent the Rambler              St:11 Dx:9 Co:18 In:13 Wi:8 Ch:16 Neutral S:1    
Dlvl:1 $:709 HP:10(10) Pw:2(2) AC:10 Xp:1/0 T:66                                

",0.0,False
265,west,,"message:
It's a wall.

language observation:
gold piece far east
doorway far east
tame kitten near east
gold piece near eastsoutheast
stairs up near eastsoutheast
horizontal wall near southeast
horizontal closed door near south
dark area near south
horizontal wall adjacent north and northeast
vertical wall adjacent southwest and west
northwest room corner adjacent northwest

cursor:
Yourself a tourist
(x=11, y=3)

map:
                                                                                
          ---------                                                             
          |@...f...###$                                                         
          |.......|   #                                                         
          |....$<..                                                             
          -+-------                                                             
                                                                                
                                                                                
                                                                                
                                                                                
                                                                                
                                                                                
                                                                                
                                                                                
                                                                                
                                                                                
                                                                                
                                                                                
                                                                                
                                                                                
                                                                                
Agent the Rambler              St:11 Dx:9 Co:18 In:13 Wi:8 Ch:16 Neutral S:1    
Dlvl:1 $:709 HP:10(10) Pw:2(2) AC:10 Xp:1/0 T:66                                

",0.0,False
266,west,,"message:
It's a wall.

language observation:
gold piece far east
doorway far east
tame kitten near east
gold piece near eastsoutheast
stairs up near eastsoutheast
horizontal wall near southeast
horizontal closed door near south
dark area near south
horizontal wall adjacent north and northeast
vertical wall adjacent southwest and west
northwest room corner adjacent northwest

cursor:
Yourself a tourist
(x=11, y=3)

map:
                                                                                
          ---------                                                             
          |@...f...###$                                                         
          |.......|   #                                                         
          |....$<..                                                             
          -+-------                                                             
                                                                                
                                                                                
                                                                                
                                                                                
                                                                                
                                                                                
                                                                                
                                                                                
                                                                                
                                                                                
                                                                                
                                                                                
                                                                                
                                                                                
                                                                                
Agent the Rambler              St:11 Dx:9 Co:18 In:13 Wi:8 Ch:16 Neutral S:1    
Dlvl:1 $:709 HP:10(10) Pw:2(2) AC:10 Xp:1/0 T:66                                

",0.0,False
267,west,,"message:
It's a wall.

language observation:
gold piece far east
doorway far east
tame kitten near east
gold piece near eastsoutheast
stairs up near eastsoutheast
horizontal wall near southeast
horizontal closed door near south
dark area near south
horizontal wall adjacent north and northeast
vertical wall adjacent southwest and west
northwest room corner adjacent northwest

cursor:
Yourself a tourist
(x=11, y=3)

map:
                                                                                
          ---------                                                             
          |@...f...###$                                                         
          |.......|   #                                                         
          |....$<..                                                             
          -+-------                                                             
                                                                                
                                                                                
                                                                                
                                                                                
                                                                                
                                                                                
                                                                                
                                                                                
                                                                                
                                                                                
                                                                                
                                                                                
                                                                                
                                                                                
                                                                                
Agent the Rambler              St:11 Dx:9 Co:18 In:13 Wi:8 Ch:16 Neutral S:1    
Dlvl:1 $:709 HP:10(10) Pw:2(2) AC:10 Xp:1/0 T:66                                

",0.0,False
268,west,,"message:
It's a wall.

language observation:
gold piece far east
doorway far east
tame kitten near east
gold piece near eastsoutheast
stairs up near eastsoutheast
horizontal wall near southeast
horizontal closed door near south
dark area near south
horizontal wall adjacent north and northeast
vertical wall adjacent southwest and west
northwest room corner adjacent northwest

cursor:
Yourself a tourist
(x=11, y=3)

map:
                                                                                
          ---------                                                             
          |@...f...###$                                                         
          |.......|   #                                                         
          |....$<..                                                             
          -+-------                                                             
                                                                                
                                                                                
                                                                                
                                                                                
                                                                                
                                                                                
                                                                                
                                                                                
                                                                                
                                                                                
                                                                                
                                                                                
                                                                                
                                                                                
                                                                                
Agent the Rambler              St:11 Dx:9 Co:18 In:13 Wi:8 Ch:16 Neutral S:1    
Dlvl:1 $:709 HP:10(10) Pw:2(2) AC:10 Xp:1/0 T:66                                

",0.0,False
269,west,,"message:
It's a wall.

language observation:
gold piece far east
doorway far east
tame kitten near east
gold piece near eastsoutheast
stairs up near eastsoutheast
horizontal wall near southeast
horizontal closed door near south
dark area near south
horizontal wall adjacent north and northeast
vertical wall adjacent southwest and west
northwest room corner adjacent northwest

cursor:
Yourself a tourist
(x=11, y=3)

map:
                                                                                
          ---------                                                             
          |@...f...###$                                                         
          |.......|   #                                                         
          |....$<..                                                             
          -+-------                                                             
                                                                                
                                                                                
                                                                                
                                                                                
                                                                                
                                                                                
                                                                                
                                                                                
                                                                                
                                                                                
                                                                                
                                                                                
                                                                                
                                                                                
                                                                                
Agent the Rambler              St:11 Dx:9 Co:18 In:13 Wi:8 Ch:16 Neutral S:1    
Dlvl:1 $:709 HP:10(10) Pw:2(2) AC:10 Xp:1/0 T:66                                

",0.0,False
270,west,,"message:
It's a wall.

language observation:
gold piece far east
doorway far east
tame kitten near east
gold piece near eastsoutheast
stairs up near eastsoutheast
horizontal wall near southeast
horizontal closed door near south
dark area near south
horizontal wall adjacent north and northeast
vertical wall adjacent southwest and west
northwest room corner adjacent northwest

cursor:
Yourself a tourist
(x=11, y=3)

map:
                                                                                
          ---------                                                             
          |@...f...###$                                                         
          |.......|   #                                                         
          |....$<..                                                             
          -+-------                                                             
                                                                                
                                                                                
                                                                                
                                                                                
                                                                                
                                                                                
                                                                                
                                                                                
                                                                                
                                                                                
                                                                                
                                                                                
                                                                                
                                                                                
                                                                                
Agent the Rambler              St:11 Dx:9 Co:18 In:13 Wi:8 Ch:16 Neutral S:1    
Dlvl:1 $:709 HP:10(10) Pw:2(2) AC:10 Xp:1/0 T:66                                

",0.0,False
271,west,,"message:
It's a wall.

language observation:
gold piece far east
doorway far east
tame kitten near east
gold piece near eastsoutheast
stairs up near eastsoutheast
horizontal wall near southeast
horizontal closed door near south
dark area near south
horizontal wall adjacent north and northeast
vertical wall adjacent southwest and west
northwest room corner adjacent northwest

cursor:
Yourself a tourist
(x=11, y=3)

map:
                                                                                
          ---------                                                             
          |@...f...###$                                                         
          |.......|   #                                                         
          |....$<..                                                             
          -+-------                                                             
                                                                                
                                                                                
                                                                                
                                                                                
                                                                                
                                                                                
                                                                                
                                                                                
                                                                                
                                                                                
                                                                                
                                                                                
                                                                                
                                                                                
                                                                                
Agent the Rambler              St:11 Dx:9 Co:18 In:13 Wi:8 Ch:16 Neutral S:1    
Dlvl:1 $:709 HP:10(10) Pw:2(2) AC:10 Xp:1/0 T:66                                

",0.0,False
272,west,,"message:
It's a wall.

language observation:
gold piece far east
doorway far east
tame kitten near east
gold piece near eastsoutheast
stairs up near eastsoutheast
horizontal wall near southeast
horizontal closed door near south
dark area near south
horizontal wall adjacent north and northeast
vertical wall adjacent southwest and west
northwest room corner adjacent northwest

cursor:
Yourself a tourist
(x=11, y=3)

map:
                                                                                
          ---------                                                             
          |@...f...###$                                                         
          |.......|   #                                                         
          |....$<..                                                             
          -+-------                                                             
                                                                                
                                                                                
                                                                                
                                                                                
                                                                                
                                                                                
                                                                                
                                                                                
                                                                                
                                                                                
                                                                                
                                                                                
                                                                                
                                                                                
                                                                                
Agent the Rambler              St:11 Dx:9 Co:18 In:13 Wi:8 Ch:16 Neutral S:1    
Dlvl:1 $:709 HP:10(10) Pw:2(2) AC:10 Xp:1/0 T:66                                

",0.0,False
273,west,,"message:
It's a wall.

language observation:
gold piece far east
doorway far east
tame kitten near east
gold piece near eastsoutheast
stairs up near eastsoutheast
horizontal wall near southeast
horizontal closed door near south
dark area near south
horizontal wall adjacent north and northeast
vertical wall adjacent southwest and west
northwest room corner adjacent northwest

cursor:
Yourself a tourist
(x=11, y=3)

map:
                                                                                
          ---------                                                             
          |@...f...###$                                                         
          |.......|   #                                                         
          |....$<..                                                             
          -+-------                                                             
                                                                                
                                                                                
                                                                                
                                                                                
                                                                                
                                                                                
                                                                                
                                                                                
                                                                                
                                                                                
                                                                                
                                                                                
                                                                                
                                                                                
                                                                                
Agent the Rambler              St:11 Dx:9 Co:18 In:13 Wi:8 Ch:16 Neutral S:1    
Dlvl:1 $:709 HP:10(10) Pw:2(2) AC:10 Xp:1/0 T:66                                

",0.0,False
274,west,,"message:
It's a wall.

language observation:
gold piece far east
doorway far east
tame kitten near east
gold piece near eastsoutheast
stairs up near eastsoutheast
horizontal wall near southeast
horizontal closed door near south
dark area near south
horizontal wall adjacent north and northeast
vertical wall adjacent southwest and west
northwest room corner adjacent northwest

cursor:
Yourself a tourist
(x=11, y=3)

map:
                                                                                
          ---------                                                             
          |@...f...###$                                                         
          |.......|   #                                                         
          |....$<..                                                             
          -+-------                                                             
                                                                                
                                                                                
                                                                                
                                                                                
                                                                                
                                                                                
                                                                                
                                                                                
                                                                                
                                                                                
                                                                                
                                                                                
                                                                                
                                                                                
                                                                                
Agent the Rambler              St:11 Dx:9 Co:18 In:13 Wi:8 Ch:16 Neutral S:1    
Dlvl:1 $:709 HP:10(10) Pw:2(2) AC:10 Xp:1/0 T:66                                

",0.0,False
275,west,,"message:
It's a wall.

language observation:
gold piece far east
doorway far east
tame kitten near east
gold piece near eastsoutheast
stairs up near eastsoutheast
horizontal wall near southeast
horizontal closed door near south
dark area near south
horizontal wall adjacent north and northeast
vertical wall adjacent southwest and west
northwest room corner adjacent northwest

cursor:
Yourself a tourist
(x=11, y=3)

map:
                                                                                
          ---------                                                             
          |@...f...###$                                                         
          |.......|   #                                                         
          |....$<..                                                             
          -+-------                                                             
                                                                                
                                                                                
                                                                                
                                                                                
                                                                                
                                                                                
                                                                                
                                                                                
                                                                                
                                                                                
                                                                                
                                                                                
                                                                                
                                                                                
                                                                                
Agent the Rambler              St:11 Dx:9 Co:18 In:13 Wi:8 Ch:16 Neutral S:1    
Dlvl:1 $:709 HP:10(10) Pw:2(2) AC:10 Xp:1/0 T:66                                

",0.0,False
276,west,,"message:
It's a wall.

language observation:
gold piece far east
doorway far east
tame kitten near east
gold piece near eastsoutheast
stairs up near eastsoutheast
horizontal wall near southeast
horizontal closed door near south
dark area near south
horizontal wall adjacent north and northeast
vertical wall adjacent southwest and west
northwest room corner adjacent northwest

cursor:
Yourself a tourist
(x=11, y=3)

map:
                                                                                
          ---------                                                             
          |@...f...###$                                                         
          |.......|   #                                                         
          |....$<..                                                             
          -+-------                                                             
                                                                                
                                                                                
                                                                                
                                                                                
                                                                                
                                                                                
                                                                                
                                                                                
                                                                                
                                                                                
                                                                                
                                                                                
                                                                                
                                                                                
                                                                                
Agent the Rambler              St:11 Dx:9 Co:18 In:13 Wi:8 Ch:16 Neutral S:1    
Dlvl:1 $:709 HP:10(10) Pw:2(2) AC:10 Xp:1/0 T:66                                

",0.0,False
277,west,,"message:
It's a wall.

language observation:
gold piece far east
doorway far east
tame kitten near east
gold piece near eastsoutheast
stairs up near eastsoutheast
horizontal wall near southeast
horizontal closed door near south
dark area near south
horizontal wall adjacent north and northeast
vertical wall adjacent southwest and west
northwest room corner adjacent northwest

cursor:
Yourself a tourist
(x=11, y=3)

map:
                                                                                
          ---------                                                             
          |@...f...###$                                                         
          |.......|   #                                                         
          |....$<..                                                             
          -+-------                                                             
                                                                                
                                                                                
                                                                                
                                                                                
                                                                                
                                                                                
                                                                                
                                                                                
                                                                                
                                                                                
                                                                                
                                                                                
                                                                                
                                                                                
                                                                                
Agent the Rambler              St:11 Dx:9 Co:18 In:13 Wi:8 Ch:16 Neutral S:1    
Dlvl:1 $:709 HP:10(10) Pw:2(2) AC:10 Xp:1/0 T:66                                

",0.0,False
278,west,,"message:
It's a wall.

language observation:
gold piece far east
doorway far east
tame kitten near east
gold piece near eastsoutheast
stairs up near eastsoutheast
horizontal wall near southeast
horizontal closed door near south
dark area near south
horizontal wall adjacent north and northeast
vertical wall adjacent southwest and west
northwest room corner adjacent northwest

cursor:
Yourself a tourist
(x=11, y=3)

map:
                                                                                
          ---------                                                             
          |@...f...###$                                                         
          |.......|   #                                                         
          |....$<..                                                             
          -+-------                                                             
                                                                                
                                                                                
                                                                                
                                                                                
                                                                                
                                                                                
                                                                                
                                                                                
                                                                                
                                                                                
                                                                                
                                                                                
                                                                                
                                                                                
                                                                                
Agent the Rambler              St:11 Dx:9 Co:18 In:13 Wi:8 Ch:16 Neutral S:1    
Dlvl:1 $:709 HP:10(10) Pw:2(2) AC:10 Xp:1/0 T:66                                

",0.0,False
279,west,,"message:
It's a wall.

language observation:
gold piece far east
doorway far east
tame kitten near east
gold piece near eastsoutheast
stairs up near eastsoutheast
horizontal wall near southeast
horizontal closed door near south
dark area near south
horizontal wall adjacent north and northeast
vertical wall adjacent southwest and west
northwest room corner adjacent northwest

cursor:
Yourself a tourist
(x=11, y=3)

map:
                                                                                
          ---------                                                             
          |@...f...###$                                                         
          |.......|   #                                                         
          |....$<..                                                             
          -+-------                                                             
                                                                                
                                                                                
                                                                                
                                                                                
                                                                                
                                                                                
                                                                                
                                                                                
                                                                                
                                                                                
                                                                                
                                                                                
                                                                                
                                                                                
                                                                                
Agent the Rambler              St:11 Dx:9 Co:18 In:13 Wi:8 Ch:16 Neutral S:1    
Dlvl:1 $:709 HP:10(10) Pw:2(2) AC:10 Xp:1/0 T:66                                

",0.0,False
280,west,,"message:
It's a wall.

language observation:
gold piece far east
doorway far east
tame kitten near east
gold piece near eastsoutheast
stairs up near eastsoutheast
horizontal wall near southeast
horizontal closed door near south
dark area near south
horizontal wall adjacent north and northeast
vertical wall adjacent southwest and west
northwest room corner adjacent northwest

cursor:
Yourself a tourist
(x=11, y=3)

map:
                                                                                
          ---------                                                             
          |@...f...###$                                                         
          |.......|   #                                                         
          |....$<..                                                             
          -+-------                                                             
                                                                                
                                                                                
                                                                                
                                                                                
                                                                                
                                                                                
                                                                                
                                                                                
                                                                                
                                                                                
                                                                                
                                                                                
                                                                                
                                                                                
                                                                                
Agent the Rambler              St:11 Dx:9 Co:18 In:13 Wi:8 Ch:16 Neutral S:1    
Dlvl:1 $:709 HP:10(10) Pw:2(2) AC:10 Xp:1/0 T:66                                

",0.0,False
281,west,,"message:
It's a wall.

language observation:
gold piece far east
doorway far east
tame kitten near east
gold piece near eastsoutheast
stairs up near eastsoutheast
horizontal wall near southeast
horizontal closed door near south
dark area near south
horizontal wall adjacent north and northeast
vertical wall adjacent southwest and west
northwest room corner adjacent northwest

cursor:
Yourself a tourist
(x=11, y=3)

map:
                                                                                
          ---------                                                             
          |@...f...###$                                                         
          |.......|   #                                                         
          |....$<..                                                             
          -+-------                                                             
                                                                                
                                                                                
                                                                                
                                                                                
                                                                                
                                                                                
                                                                                
                                                                                
                                                                                
                                                                                
                                                                                
                                                                                
                                                                                
                                                                                
                                                                                
Agent the Rambler              St:11 Dx:9 Co:18 In:13 Wi:8 Ch:16 Neutral S:1    
Dlvl:1 $:709 HP:10(10) Pw:2(2) AC:10 Xp:1/0 T:66                                

",0.0,False
282,west,,"message:
It's a wall.

language observation:
gold piece far east
doorway far east
tame kitten near east
gold piece near eastsoutheast
stairs up near eastsoutheast
horizontal wall near southeast
horizontal closed door near south
dark area near south
horizontal wall adjacent north and northeast
vertical wall adjacent southwest and west
northwest room corner adjacent northwest

cursor:
Yourself a tourist
(x=11, y=3)

map:
                                                                                
          ---------                                                             
          |@...f...###$                                                         
          |.......|   #                                                         
          |....$<..                                                             
          -+-------                                                             
                                                                                
                                                                                
                                                                                
                                                                                
                                                                                
                                                                                
                                                                                
                                                                                
                                                                                
                                                                                
                                                                                
                                                                                
                                                                                
                                                                                
                                                                                
Agent the Rambler              St:11 Dx:9 Co:18 In:13 Wi:8 Ch:16 Neutral S:1    
Dlvl:1 $:709 HP:10(10) Pw:2(2) AC:10 Xp:1/0 T:66                                

",0.0,False
283,west,,"message:
It's a wall.

language observation:
gold piece far east
doorway far east
tame kitten near east
gold piece near eastsoutheast
stairs up near eastsoutheast
horizontal wall near southeast
horizontal closed door near south
dark area near south
horizontal wall adjacent north and northeast
vertical wall adjacent southwest and west
northwest room corner adjacent northwest

cursor:
Yourself a tourist
(x=11, y=3)

map:
                                                                                
          ---------                                                             
          |@...f...###$                                                         
          |.......|   #                                                         
          |....$<..                                                             
          -+-------                                                             
                                                                                
                                                                                
                                                                                
                                                                                
                                                                                
                                                                                
                                                                                
                                                                                
                                                                                
                                                                                
                                                                                
                                                                                
                                                                                
                                                                                
                                                                                
Agent the Rambler              St:11 Dx:9 Co:18 In:13 Wi:8 Ch:16 Neutral S:1    
Dlvl:1 $:709 HP:10(10) Pw:2(2) AC:10 Xp:1/0 T:66                                

",0.0,False
284,west,,"message:
It's a wall.

language observation:
gold piece far east
doorway far east
tame kitten near east
gold piece near eastsoutheast
stairs up near eastsoutheast
horizontal wall near southeast
horizontal closed door near south
dark area near south
horizontal wall adjacent north and northeast
vertical wall adjacent southwest and west
northwest room corner adjacent northwest

cursor:
Yourself a tourist
(x=11, y=3)

map:
                                                                                
          ---------                                                             
          |@...f...###$                                                         
          |.......|   #                                                         
          |....$<..                                                             
          -+-------                                                             
                                                                                
                                                                                
                                                                                
                                                                                
                                                                                
                                                                                
                                                                                
                                                                                
                                                                                
                                                                                
                                                                                
                                                                                
                                                                                
                                                                                
                                                                                
Agent the Rambler              St:11 Dx:9 Co:18 In:13 Wi:8 Ch:16 Neutral S:1    
Dlvl:1 $:709 HP:10(10) Pw:2(2) AC:10 Xp:1/0 T:66                                

",0.0,False
285,west,,"message:
It's a wall.

language observation:
gold piece far east
doorway far east
tame kitten near east
gold piece near eastsoutheast
stairs up near eastsoutheast
horizontal wall near southeast
horizontal closed door near south
dark area near south
horizontal wall adjacent north and northeast
vertical wall adjacent southwest and west
northwest room corner adjacent northwest

cursor:
Yourself a tourist
(x=11, y=3)

map:
                                                                                
          ---------                                                             
          |@...f...###$                                                         
          |.......|   #                                                         
          |....$<..                                                             
          -+-------                                                             
                                                                                
                                                                                
                                                                                
                                                                                
                                                                                
                                                                                
                                                                                
                                                                                
                                                                                
                                                                                
                                                                                
                                                                                
                                                                                
                                                                                
                                                                                
Agent the Rambler              St:11 Dx:9 Co:18 In:13 Wi:8 Ch:16 Neutral S:1    
Dlvl:1 $:709 HP:10(10) Pw:2(2) AC:10 Xp:1/0 T:66                                

",0.0,False
286,west,,"message:
It's a wall.

language observation:
gold piece far east
doorway far east
tame kitten near east
gold piece near eastsoutheast
stairs up near eastsoutheast
horizontal wall near southeast
horizontal closed door near south
dark area near south
horizontal wall adjacent north and northeast
vertical wall adjacent southwest and west
northwest room corner adjacent northwest

cursor:
Yourself a tourist
(x=11, y=3)

map:
                                                                                
          ---------                                                             
          |@...f...###$                                                         
          |.......|   #                                                         
          |....$<..                                                             
          -+-------                                                             
                                                                                
                                                                                
                                                                                
                                                                                
                                                                                
                                                                                
                                                                                
                                                                                
                                                                                
                                                                                
                                                                                
                                                                                
                                                                                
                                                                                
                                                                                
Agent the Rambler              St:11 Dx:9 Co:18 In:13 Wi:8 Ch:16 Neutral S:1    
Dlvl:1 $:709 HP:10(10) Pw:2(2) AC:10 Xp:1/0 T:66                                

",0.0,False
287,west,,"message:
It's a wall.

language observation:
gold piece far east
doorway far east
tame kitten near east
gold piece near eastsoutheast
stairs up near eastsoutheast
horizontal wall near southeast
horizontal closed door near south
dark area near south
horizontal wall adjacent north and northeast
vertical wall adjacent southwest and west
northwest room corner adjacent northwest

cursor:
Yourself a tourist
(x=11, y=3)

map:
                                                                                
          ---------                                                             
          |@...f...###$                                                         
          |.......|   #                                                         
          |....$<..                                                             
          -+-------                                                             
                                                                                
                                                                                
                                                                                
                                                                                
                                                                                
                                                                                
                                                                                
                                                                                
                                                                                
                                                                                
                                                                                
                                                                                
                                                                                
                                                                                
                                                                                
Agent the Rambler              St:11 Dx:9 Co:18 In:13 Wi:8 Ch:16 Neutral S:1    
Dlvl:1 $:709 HP:10(10) Pw:2(2) AC:10 Xp:1/0 T:66                                

",0.0,False
288,west,,"message:
It's a wall.

language observation:
gold piece far east
doorway far east
tame kitten near east
gold piece near eastsoutheast
stairs up near eastsoutheast
horizontal wall near southeast
horizontal closed door near south
dark area near south
horizontal wall adjacent north and northeast
vertical wall adjacent southwest and west
northwest room corner adjacent northwest

cursor:
Yourself a tourist
(x=11, y=3)

map:
                                                                                
          ---------                                                             
          |@...f...###$                                                         
          |.......|   #                                                         
          |....$<..                                                             
          -+-------                                                             
                                                                                
                                                                                
                                                                                
                                                                                
                                                                                
                                                                                
                                                                                
                                                                                
                                                                                
                                                                                
                                                                                
                                                                                
                                                                                
                                                                                
                                                                                
Agent the Rambler              St:11 Dx:9 Co:18 In:13 Wi:8 Ch:16 Neutral S:1    
Dlvl:1 $:709 HP:10(10) Pw:2(2) AC:10 Xp:1/0 T:66                                

",0.0,False
289,west,,"message:
It's a wall.

language observation:
gold piece far east
doorway far east
tame kitten near east
gold piece near eastsoutheast
stairs up near eastsoutheast
horizontal wall near southeast
horizontal closed door near south
dark area near south
horizontal wall adjacent north and northeast
vertical wall adjacent southwest and west
northwest room corner adjacent northwest

cursor:
Yourself a tourist
(x=11, y=3)

map:
                                                                                
          ---------                                                             
          |@...f...###$                                                         
          |.......|   #                                                         
          |....$<..                                                             
          -+-------                                                             
                                                                                
                                                                                
                                                                                
                                                                                
                                                                                
                                                                                
                                                                                
                                                                                
                                                                                
                                                                                
                                                                                
                                                                                
                                                                                
                                                                                
                                                                                
Agent the Rambler              St:11 Dx:9 Co:18 In:13 Wi:8 Ch:16 Neutral S:1    
Dlvl:1 $:709 HP:10(10) Pw:2(2) AC:10 Xp:1/0 T:66                                

",0.0,False
290,west,,"message:
It's a wall.

language observation:
gold piece far east
doorway far east
tame kitten near east
gold piece near eastsoutheast
stairs up near eastsoutheast
horizontal wall near southeast
horizontal closed door near south
dark area near south
horizontal wall adjacent north and northeast
vertical wall adjacent southwest and west
northwest room corner adjacent northwest

cursor:
Yourself a tourist
(x=11, y=3)

map:
                                                                                
          ---------                                                             
          |@...f...###$                                                         
          |.......|   #                                                         
          |....$<..                                                             
          -+-------                                                             
                                                                                
                                                                                
                                                                                
                                                                                
                                                                                
                                                                                
                                                                                
                                                                                
                                                                                
                                                                                
                                                                                
                                                                                
                                                                                
                                                                                
                                                                                
Agent the Rambler              St:11 Dx:9 Co:18 In:13 Wi:8 Ch:16 Neutral S:1    
Dlvl:1 $:709 HP:10(10) Pw:2(2) AC:10 Xp:1/0 T:66                                

",0.0,False
291,west,,"message:
It's a wall.

language observation:
gold piece far east
doorway far east
tame kitten near east
gold piece near eastsoutheast
stairs up near eastsoutheast
horizontal wall near southeast
horizontal closed door near south
dark area near south
horizontal wall adjacent north and northeast
vertical wall adjacent southwest and west
northwest room corner adjacent northwest

cursor:
Yourself a tourist
(x=11, y=3)

map:
                                                                                
          ---------                                                             
          |@...f...###$                                                         
          |.......|   #                                                         
          |....$<..                                                             
          -+-------                                                             
                                                                                
                                                                                
                                                                                
                                                                                
                                                                                
                                                                                
                                                                                
                                                                                
                                                                                
                                                                                
                                                                                
                                                                                
                                                                                
                                                                                
                                                                                
Agent the Rambler              St:11 Dx:9 Co:18 In:13 Wi:8 Ch:16 Neutral S:1    
Dlvl:1 $:709 HP:10(10) Pw:2(2) AC:10 Xp:1/0 T:66                                

",0.0,False
292,west,,"message:
It's a wall.

language observation:
gold piece far east
doorway far east
tame kitten near east
gold piece near eastsoutheast
stairs up near eastsoutheast
horizontal wall near southeast
horizontal closed door near south
dark area near south
horizontal wall adjacent north and northeast
vertical wall adjacent southwest and west
northwest room corner adjacent northwest

cursor:
Yourself a tourist
(x=11, y=3)

map:
                                                                                
          ---------                                                             
          |@...f...###$                                                         
          |.......|   #                                                         
          |....$<..                                                             
          -+-------                                                             
                                                                                
                                                                                
                                                                                
                                                                                
                                                                                
                                                                                
                                                                                
                                                                                
                                                                                
                                                                                
                                                                                
                                                                                
                                                                                
                                                                                
                                                                                
Agent the Rambler              St:11 Dx:9 Co:18 In:13 Wi:8 Ch:16 Neutral S:1    
Dlvl:1 $:709 HP:10(10) Pw:2(2) AC:10 Xp:1/0 T:66                                

",0.0,False
293,west,,"message:
It's a wall.

language observation:
gold piece far east
doorway far east
tame kitten near east
gold piece near eastsoutheast
stairs up near eastsoutheast
horizontal wall near southeast
horizontal closed door near south
dark area near south
horizontal wall adjacent north and northeast
vertical wall adjacent southwest and west
northwest room corner adjacent northwest

cursor:
Yourself a tourist
(x=11, y=3)

map:
                                                                                
          ---------                                                             
          |@...f...###$                                                         
          |.......|   #                                                         
          |....$<..                                                             
          -+-------                                                             
                                                                                
                                                                                
                                                                                
                                                                                
                                                                                
                                                                                
                                                                                
                                                                                
                                                                                
                                                                                
                                                                                
                                                                                
                                                                                
                                                                                
                                                                                
Agent the Rambler              St:11 Dx:9 Co:18 In:13 Wi:8 Ch:16 Neutral S:1    
Dlvl:1 $:709 HP:10(10) Pw:2(2) AC:10 Xp:1/0 T:66                                

",0.0,False
294,west,,"message:
It's a wall.

language observation:
gold piece far east
doorway far east
tame kitten near east
gold piece near eastsoutheast
stairs up near eastsoutheast
horizontal wall near southeast
horizontal closed door near south
dark area near south
horizontal wall adjacent north and northeast
vertical wall adjacent southwest and west
northwest room corner adjacent northwest

cursor:
Yourself a tourist
(x=11, y=3)

map:
                                                                                
          ---------                                                             
          |@...f...###$                                                         
          |.......|   #                                                         
          |....$<..                                                             
          -+-------                                                             
                                                                                
                                                                                
                                                                                
                                                                                
                                                                                
                                                                                
                                                                                
                                                                                
                                                                                
                                                                                
                                                                                
                                                                                
                                                                                
                                                                                
                                                                                
Agent the Rambler              St:11 Dx:9 Co:18 In:13 Wi:8 Ch:16 Neutral S:1    
Dlvl:1 $:709 HP:10(10) Pw:2(2) AC:10 Xp:1/0 T:66                                

",0.0,False
295,west,,"message:
It's a wall.

language observation:
gold piece far east
doorway far east
tame kitten near east
gold piece near eastsoutheast
stairs up near eastsoutheast
horizontal wall near southeast
horizontal closed door near south
dark area near south
horizontal wall adjacent north and northeast
vertical wall adjacent southwest and west
northwest room corner adjacent northwest

cursor:
Yourself a tourist
(x=11, y=3)

map:
                                                                                
          ---------                                                             
          |@...f...###$                                                         
          |.......|   #                                                         
          |....$<..                                                             
          -+-------                                                             
                                                                                
                                                                                
                                                                                
                                                                                
                                                                                
                                                                                
                                                                                
                                                                                
                                                                                
                                                                                
                                                                                
                                                                                
                                                                                
                                                                                
                                                                                
Agent the Rambler              St:11 Dx:9 Co:18 In:13 Wi:8 Ch:16 Neutral S:1    
Dlvl:1 $:709 HP:10(10) Pw:2(2) AC:10 Xp:1/0 T:66                                

",0.0,False
296,west,,"message:
It's a wall.

language observation:
gold piece far east
doorway far east
tame kitten near east
gold piece near eastsoutheast
stairs up near eastsoutheast
horizontal wall near southeast
horizontal closed door near south
dark area near south
horizontal wall adjacent north and northeast
vertical wall adjacent southwest and west
northwest room corner adjacent northwest

cursor:
Yourself a tourist
(x=11, y=3)

map:
                                                                                
          ---------                                                             
          |@...f...###$                                                         
          |.......|   #                                                         
          |....$<..                                                             
          -+-------                                                             
                                                                                
                                                                                
                                                                                
                                                                                
                                                                                
                                                                                
                                                                                
                                                                                
                                                                                
                                                                                
                                                                                
                                                                                
                                                                                
                                                                                
                                                                                
Agent the Rambler              St:11 Dx:9 Co:18 In:13 Wi:8 Ch:16 Neutral S:1    
Dlvl:1 $:709 HP:10(10) Pw:2(2) AC:10 Xp:1/0 T:66                                

",0.0,False
297,west,,"message:
It's a wall.

language observation:
gold piece far east
doorway far east
tame kitten near east
gold piece near eastsoutheast
stairs up near eastsoutheast
horizontal wall near southeast
horizontal closed door near south
dark area near south
horizontal wall adjacent north and northeast
vertical wall adjacent southwest and west
northwest room corner adjacent northwest

cursor:
Yourself a tourist
(x=11, y=3)

map:
                                                                                
          ---------                                                             
          |@...f...###$                                                         
          |.......|   #                                                         
          |....$<..                                                             
          -+-------                                                             
                                                                                
                                                                                
                                                                                
                                                                                
                                                                                
                                                                                
                                                                                
                                                                                
                                                                                
                                                                                
                                                                                
                                                                                
                                                                                
                                                                                
                                                                                
Agent the Rambler              St:11 Dx:9 Co:18 In:13 Wi:8 Ch:16 Neutral S:1    
Dlvl:1 $:709 HP:10(10) Pw:2(2) AC:10 Xp:1/0 T:66                                

",0.0,False
298,west,,"message:
It's a wall.

language observation:
gold piece far east
doorway far east
tame kitten near east
gold piece near eastsoutheast
stairs up near eastsoutheast
horizontal wall near southeast
horizontal closed door near south
dark area near south
horizontal wall adjacent north and northeast
vertical wall adjacent southwest and west
northwest room corner adjacent northwest

cursor:
Yourself a tourist
(x=11, y=3)

map:
                                                                                
          ---------                                                             
          |@...f...###$                                                         
          |.......|   #                                                         
          |....$<..                                                             
          -+-------                                                             
                                                                                
                                                                                
                                                                                
                                                                                
                                                                                
                                                                                
                                                                                
                                                                                
                                                                                
                                                                                
                                                                                
                                                                                
                                                                                
                                                                                
                                                                                
Agent the Rambler              St:11 Dx:9 Co:18 In:13 Wi:8 Ch:16 Neutral S:1    
Dlvl:1 $:709 HP:10(10) Pw:2(2) AC:10 Xp:1/0 T:66                                

",0.0,False
299,west,,"message:
It's a wall.

language observation:
gold piece far east
doorway far east
tame kitten near east
gold piece near eastsoutheast
stairs up near eastsoutheast
horizontal wall near southeast
horizontal closed door near south
dark area near south
horizontal wall adjacent north and northeast
vertical wall adjacent southwest and west
northwest room corner adjacent northwest

cursor:
Yourself a tourist
(x=11, y=3)

map:
                                                                                
          ---------                                                             
          |@...f...###$                                                         
          |.......|   #                                                         
          |....$<..                                                             
          -+-------                                                             
                                                                                
                                                                                
                                                                                
                                                                                
                                                                                
                                                                                
                                                                                
                                                                                
                                                                                
                                                                                
                                                                                
                                                                                
                                                                                
                                                                                
                                                                                
Agent the Rambler              St:11 Dx:9 Co:18 In:13 Wi:8 Ch:16 Neutral S:1    
Dlvl:1 $:709 HP:10(10) Pw:2(2) AC:10 Xp:1/0 T:66                                

",0.0,False
300,west,,"message:
It's a wall.

language observation:
gold piece far east
doorway far east
tame kitten near east
gold piece near eastsoutheast
stairs up near eastsoutheast
horizontal wall near southeast
horizontal closed door near south
dark area near south
horizontal wall adjacent north and northeast
vertical wall adjacent southwest and west
northwest room corner adjacent northwest

cursor:
Yourself a tourist
(x=11, y=3)

map:
                                                                                
          ---------                                                             
          |@...f...###$                                                         
          |.......|   #                                                         
          |....$<..                                                             
          -+-------                                                             
                                                                                
                                                                                
                                                                                
                                                                                
                                                                                
                                                                                
                                                                                
                                                                                
                                                                                
                                                                                
                                                                                
                                                                                
                                                                                
                                                                                
                                                                                
Agent the Rambler              St:11 Dx:9 Co:18 In:13 Wi:8 Ch:16 Neutral S:1    
Dlvl:1 $:709 HP:10(10) Pw:2(2) AC:10 Xp:1/0 T:66                                

",0.0,False
301,west,,"message:
It's a wall.

language observation:
gold piece far east
doorway far east
tame kitten near east
gold piece near eastsoutheast
stairs up near eastsoutheast
horizontal wall near southeast
horizontal closed door near south
dark area near south
horizontal wall adjacent north and northeast
vertical wall adjacent southwest and west
northwest room corner adjacent northwest

cursor:
Yourself a tourist
(x=11, y=3)

map:
                                                                                
          ---------                                                             
          |@...f...###$                                                         
          |.......|   #                                                         
          |....$<..                                                             
          -+-------                                                             
                                                                                
                                                                                
                                                                                
                                                                                
                                                                                
                                                                                
                                                                                
                                                                                
                                                                                
                                                                                
                                                                                
                                                                                
                                                                                
                                                                                
                                                                                
Agent the Rambler              St:11 Dx:9 Co:18 In:13 Wi:8 Ch:16 Neutral S:1    
Dlvl:1 $:709 HP:10(10) Pw:2(2) AC:10 Xp:1/0 T:66                                

",0.0,False
302,west,,"message:
It's a wall.

language observation:
gold piece far east
doorway far east
tame kitten near east
gold piece near eastsoutheast
stairs up near eastsoutheast
horizontal wall near southeast
horizontal closed door near south
dark area near south
horizontal wall adjacent north and northeast
vertical wall adjacent southwest and west
northwest room corner adjacent northwest

cursor:
Yourself a tourist
(x=11, y=3)

map:
                                                                                
          ---------                                                             
          |@...f...###$                                                         
          |.......|   #                                                         
          |....$<..                                                             
          -+-------                                                             
                                                                                
                                                                                
                                                                                
                                                                                
                                                                                
                                                                                
                                                                                
                                                                                
                                                                                
                                                                                
                                                                                
                                                                                
                                                                                
                                                                                
                                                                                
Agent the Rambler              St:11 Dx:9 Co:18 In:13 Wi:8 Ch:16 Neutral S:1    
Dlvl:1 $:709 HP:10(10) Pw:2(2) AC:10 Xp:1/0 T:66                                

",0.0,False
303,west,,"message:
It's a wall.

language observation:
gold piece far east
doorway far east
tame kitten near east
gold piece near eastsoutheast
stairs up near eastsoutheast
horizontal wall near southeast
horizontal closed door near south
dark area near south
horizontal wall adjacent north and northeast
vertical wall adjacent southwest and west
northwest room corner adjacent northwest

cursor:
Yourself a tourist
(x=11, y=3)

map:
                                                                                
          ---------                                                             
          |@...f...###$                                                         
          |.......|   #                                                         
          |....$<..                                                             
          -+-------                                                             
                                                                                
                                                                                
                                                                                
                                                                                
                                                                                
                                                                                
                                                                                
                                                                                
                                                                                
                                                                                
                                                                                
                                                                                
                                                                                
                                                                                
                                                                                
Agent the Rambler              St:11 Dx:9 Co:18 In:13 Wi:8 Ch:16 Neutral S:1    
Dlvl:1 $:709 HP:10(10) Pw:2(2) AC:10 Xp:1/0 T:66                                

",0.0,False
304,west,,"message:
It's a wall.

language observation:
gold piece far east
doorway far east
tame kitten near east
gold piece near eastsoutheast
stairs up near eastsoutheast
horizontal wall near southeast
horizontal closed door near south
dark area near south
horizontal wall adjacent north and northeast
vertical wall adjacent southwest and west
northwest room corner adjacent northwest

cursor:
Yourself a tourist
(x=11, y=3)

map:
                                                                                
          ---------                                                             
          |@...f...###$                                                         
          |.......|   #                                                         
          |....$<..                                                             
          -+-------                                                             
                                                                                
                                                                                
                                                                                
                                                                                
                                                                                
                                                                                
                                                                                
                                                                                
                                                                                
                                                                                
                                                                                
                                                                                
                                                                                
                                                                                
                                                                                
Agent the Rambler              St:11 Dx:9 Co:18 In:13 Wi:8 Ch:16 Neutral S:1    
Dlvl:1 $:709 HP:10(10) Pw:2(2) AC:10 Xp:1/0 T:66                                

",0.0,False
305,west,,"message:
It's a wall.

language observation:
gold piece far east
doorway far east
tame kitten near east
gold piece near eastsoutheast
stairs up near eastsoutheast
horizontal wall near southeast
horizontal closed door near south
dark area near south
horizontal wall adjacent north and northeast
vertical wall adjacent southwest and west
northwest room corner adjacent northwest

cursor:
Yourself a tourist
(x=11, y=3)

map:
                                                                                
          ---------                                                             
          |@...f...###$                                                         
          |.......|   #                                                         
          |....$<..                                                             
          -+-------                                                             
                                                                                
                                                                                
                                                                                
                                                                                
                                                                                
                                                                                
                                                                                
                                                                                
                                                                                
                                                                                
                                                                                
                                                                                
                                                                                
                                                                                
                                                                                
Agent the Rambler              St:11 Dx:9 Co:18 In:13 Wi:8 Ch:16 Neutral S:1    
Dlvl:1 $:709 HP:10(10) Pw:2(2) AC:10 Xp:1/0 T:66                                

",0.0,False
306,west,,"message:
It's a wall.

language observation:
gold piece far east
doorway far east
tame kitten near east
gold piece near eastsoutheast
stairs up near eastsoutheast
horizontal wall near southeast
horizontal closed door near south
dark area near south
horizontal wall adjacent north and northeast
vertical wall adjacent southwest and west
northwest room corner adjacent northwest

cursor:
Yourself a tourist
(x=11, y=3)

map:
                                                                                
          ---------                                                             
          |@...f...###$                                                         
          |.......|   #                                                         
          |....$<..                                                             
          -+-------                                                             
                                                                                
                                                                                
                                                                                
                                                                                
                                                                                
                                                                                
                                                                                
                                                                                
                                                                                
                                                                                
                                                                                
                                                                                
                                                                                
                                                                                
                                                                                
Agent the Rambler              St:11 Dx:9 Co:18 In:13 Wi:8 Ch:16 Neutral S:1    
Dlvl:1 $:709 HP:10(10) Pw:2(2) AC:10 Xp:1/0 T:66                                

",0.0,False
307,west,,"message:
It's a wall.

language observation:
gold piece far east
doorway far east
tame kitten near east
gold piece near eastsoutheast
stairs up near eastsoutheast
horizontal wall near southeast
horizontal closed door near south
dark area near south
horizontal wall adjacent north and northeast
vertical wall adjacent southwest and west
northwest room corner adjacent northwest

cursor:
Yourself a tourist
(x=11, y=3)

map:
                                                                                
          ---------                                                             
          |@...f...###$                                                         
          |.......|   #                                                         
          |....$<..                                                             
          -+-------                                                             
                                                                                
                                                                                
                                                                                
                                                                                
                                                                                
                                                                                
                                                                                
                                                                                
                                                                                
                                                                                
                                                                                
                                                                                
                                                                                
                                                                                
                                                                                
Agent the Rambler              St:11 Dx:9 Co:18 In:13 Wi:8 Ch:16 Neutral S:1    
Dlvl:1 $:709 HP:10(10) Pw:2(2) AC:10 Xp:1/0 T:66                                

",0.0,False
308,west,,"message:
It's a wall.

language observation:
gold piece far east
doorway far east
tame kitten near east
gold piece near eastsoutheast
stairs up near eastsoutheast
horizontal wall near southeast
horizontal closed door near south
dark area near south
horizontal wall adjacent north and northeast
vertical wall adjacent southwest and west
northwest room corner adjacent northwest

cursor:
Yourself a tourist
(x=11, y=3)

map:
                                                                                
          ---------                                                             
          |@...f...###$                                                         
          |.......|   #                                                         
          |....$<..                                                             
          -+-------                                                             
                                                                                
                                                                                
                                                                                
                                                                                
                                                                                
                                                                                
                                                                                
                                                                                
                                                                                
                                                                                
                                                                                
                                                                                
                                                                                
                                                                                
                                                                                
Agent the Rambler              St:11 Dx:9 Co:18 In:13 Wi:8 Ch:16 Neutral S:1    
Dlvl:1 $:709 HP:10(10) Pw:2(2) AC:10 Xp:1/0 T:66                                

",0.0,False
309,west,,"message:
It's a wall.

language observation:
gold piece far east
doorway far east
tame kitten near east
gold piece near eastsoutheast
stairs up near eastsoutheast
horizontal wall near southeast
horizontal closed door near south
dark area near south
horizontal wall adjacent north and northeast
vertical wall adjacent southwest and west
northwest room corner adjacent northwest

cursor:
Yourself a tourist
(x=11, y=3)

map:
                                                                                
          ---------                                                             
          |@...f...###$                                                         
          |.......|   #                                                         
          |....$<..                                                             
          -+-------                                                             
                                                                                
                                                                                
                                                                                
                                                                                
                                                                                
                                                                                
                                                                                
                                                                                
                                                                                
                                                                                
                                                                                
                                                                                
                                                                                
                                                                                
                                                                                
Agent the Rambler              St:11 Dx:9 Co:18 In:13 Wi:8 Ch:16 Neutral S:1    
Dlvl:1 $:709 HP:10(10) Pw:2(2) AC:10 Xp:1/0 T:66                                

",0.0,False
310,west,,"message:
It's a wall.

language observation:
gold piece far east
doorway far east
tame kitten near east
gold piece near eastsoutheast
stairs up near eastsoutheast
horizontal wall near southeast
horizontal closed door near south
dark area near south
horizontal wall adjacent north and northeast
vertical wall adjacent southwest and west
northwest room corner adjacent northwest

cursor:
Yourself a tourist
(x=11, y=3)

map:
                                                                                
          ---------                                                             
          |@...f...###$                                                         
          |.......|   #                                                         
          |....$<..                                                             
          -+-------                                                             
                                                                                
                                                                                
                                                                                
                                                                                
                                                                                
                                                                                
                                                                                
                                                                                
                                                                                
                                                                                
                                                                                
                                                                                
                                                                                
                                                                                
                                                                                
Agent the Rambler              St:11 Dx:9 Co:18 In:13 Wi:8 Ch:16 Neutral S:1    
Dlvl:1 $:709 HP:10(10) Pw:2(2) AC:10 Xp:1/0 T:66                                

",0.0,False
311,west,,"message:
It's a wall.

language observation:
gold piece far east
doorway far east
tame kitten near east
gold piece near eastsoutheast
stairs up near eastsoutheast
horizontal wall near southeast
horizontal closed door near south
dark area near south
horizontal wall adjacent north and northeast
vertical wall adjacent southwest and west
northwest room corner adjacent northwest

cursor:
Yourself a tourist
(x=11, y=3)

map:
                                                                                
          ---------                                                             
          |@...f...###$                                                         
          |.......|   #                                                         
          |....$<..                                                             
          -+-------                                                             
                                                                                
                                                                                
                                                                                
                                                                                
                                                                                
                                                                                
                                                                                
                                                                                
                                                                                
                                                                                
                                                                                
                                                                                
                                                                                
                                                                                
                                                                                
Agent the Rambler              St:11 Dx:9 Co:18 In:13 Wi:8 Ch:16 Neutral S:1    
Dlvl:1 $:709 HP:10(10) Pw:2(2) AC:10 Xp:1/0 T:66                                

",0.0,False
312,west,,"message:
It's a wall.

language observation:
gold piece far east
doorway far east
tame kitten near east
gold piece near eastsoutheast
stairs up near eastsoutheast
horizontal wall near southeast
horizontal closed door near south
dark area near south
horizontal wall adjacent north and northeast
vertical wall adjacent southwest and west
northwest room corner adjacent northwest

cursor:
Yourself a tourist
(x=11, y=3)

map:
                                                                                
          ---------                                                             
          |@...f...###$                                                         
          |.......|   #                                                         
          |....$<..                                                             
          -+-------                                                             
                                                                                
                                                                                
                                                                                
                                                                                
                                                                                
                                                                                
                                                                                
                                                                                
                                                                                
                                                                                
                                                                                
                                                                                
                                                                                
                                                                                
                                                                                
Agent the Rambler              St:11 Dx:9 Co:18 In:13 Wi:8 Ch:16 Neutral S:1    
Dlvl:1 $:709 HP:10(10) Pw:2(2) AC:10 Xp:1/0 T:66                                

",0.0,False
313,west,,"message:
It's a wall.

language observation:
gold piece far east
doorway far east
tame kitten near east
gold piece near eastsoutheast
stairs up near eastsoutheast
horizontal wall near southeast
horizontal closed door near south
dark area near south
horizontal wall adjacent north and northeast
vertical wall adjacent southwest and west
northwest room corner adjacent northwest

cursor:
Yourself a tourist
(x=11, y=3)

map:
                                                                                
          ---------                                                             
          |@...f...###$                                                         
          |.......|   #                                                         
          |....$<..                                                             
          -+-------                                                             
                                                                                
                                                                                
                                                                                
                                                                                
                                                                                
                                                                                
                                                                                
                                                                                
                                                                                
                                                                                
                                                                                
                                                                                
                                                                                
                                                                                
                                                                                
Agent the Rambler              St:11 Dx:9 Co:18 In:13 Wi:8 Ch:16 Neutral S:1    
Dlvl:1 $:709 HP:10(10) Pw:2(2) AC:10 Xp:1/0 T:66                                

",0.0,False
314,west,,"message:
It's a wall.

language observation:
gold piece far east
doorway far east
tame kitten near east
gold piece near eastsoutheast
stairs up near eastsoutheast
horizontal wall near southeast
horizontal closed door near south
dark area near south
horizontal wall adjacent north and northeast
vertical wall adjacent southwest and west
northwest room corner adjacent northwest

cursor:
Yourself a tourist
(x=11, y=3)

map:
                                                                                
          ---------                                                             
          |@...f...###$                                                         
          |.......|   #                                                         
          |....$<..                                                             
          -+-------                                                             
                                                                                
                                                                                
                                                                                
                                                                                
                                                                                
                                                                                
                                                                                
                                                                                
                                                                                
                                                                                
                                                                                
                                                                                
                                                                                
                                                                                
                                                                                
Agent the Rambler              St:11 Dx:9 Co:18 In:13 Wi:8 Ch:16 Neutral S:1    
Dlvl:1 $:709 HP:10(10) Pw:2(2) AC:10 Xp:1/0 T:66                                

",0.0,False
315,west,,"message:
It's a wall.

language observation:
gold piece far east
doorway far east
tame kitten near east
gold piece near eastsoutheast
stairs up near eastsoutheast
horizontal wall near southeast
horizontal closed door near south
dark area near south
horizontal wall adjacent north and northeast
vertical wall adjacent southwest and west
northwest room corner adjacent northwest

cursor:
Yourself a tourist
(x=11, y=3)

map:
                                                                                
          ---------                                                             
          |@...f...###$                                                         
          |.......|   #                                                         
          |....$<..                                                             
          -+-------                                                             
                                                                                
                                                                                
                                                                                
                                                                                
                                                                                
                                                                                
                                                                                
                                                                                
                                                                                
                                                                                
                                                                                
                                                                                
                                                                                
                                                                                
                                                                                
Agent the Rambler              St:11 Dx:9 Co:18 In:13 Wi:8 Ch:16 Neutral S:1    
Dlvl:1 $:709 HP:10(10) Pw:2(2) AC:10 Xp:1/0 T:66                                

",0.0,False
316,west,,"message:
It's a wall.

language observation:
gold piece far east
doorway far east
tame kitten near east
gold piece near eastsoutheast
stairs up near eastsoutheast
horizontal wall near southeast
horizontal closed door near south
dark area near south
horizontal wall adjacent north and northeast
vertical wall adjacent southwest and west
northwest room corner adjacent northwest

cursor:
Yourself a tourist
(x=11, y=3)

map:
                                                                                
          ---------                                                             
          |@...f...###$                                                         
          |.......|   #                                                         
          |....$<..                                                             
          -+-------                                                             
                                                                                
                                                                                
                                                                                
                                                                                
                                                                                
                                                                                
                                                                                
                                                                                
                                                                                
                                                                                
                                                                                
                                                                                
                                                                                
                                                                                
                                                                                
Agent the Rambler              St:11 Dx:9 Co:18 In:13 Wi:8 Ch:16 Neutral S:1    
Dlvl:1 $:709 HP:10(10) Pw:2(2) AC:10 Xp:1/0 T:66                                

",0.0,False
317,west,,"message:
It's a wall.

language observation:
gold piece far east
doorway far east
tame kitten near east
gold piece near eastsoutheast
stairs up near eastsoutheast
horizontal wall near southeast
horizontal closed door near south
dark area near south
horizontal wall adjacent north and northeast
vertical wall adjacent southwest and west
northwest room corner adjacent northwest

cursor:
Yourself a tourist
(x=11, y=3)

map:
                                                                                
          ---------                                                             
          |@...f...###$                                                         
          |.......|   #                                                         
          |....$<..                                                             
          -+-------                                                             
                                                                                
                                                                                
                                                                                
                                                                                
                                                                                
                                                                                
                                                                                
                                                                                
                                                                                
                                                                                
                                                                                
                                                                                
                                                                                
                                                                                
                                                                                
Agent the Rambler              St:11 Dx:9 Co:18 In:13 Wi:8 Ch:16 Neutral S:1    
Dlvl:1 $:709 HP:10(10) Pw:2(2) AC:10 Xp:1/0 T:66                                

",0.0,False
318,west,,"message:
It's a wall.

language observation:
gold piece far east
doorway far east
tame kitten near east
gold piece near eastsoutheast
stairs up near eastsoutheast
horizontal wall near southeast
horizontal closed door near south
dark area near south
horizontal wall adjacent north and northeast
vertical wall adjacent southwest and west
northwest room corner adjacent northwest

cursor:
Yourself a tourist
(x=11, y=3)

map:
                                                                                
          ---------                                                             
          |@...f...###$                                                         
          |.......|   #                                                         
          |....$<..                                                             
          -+-------                                                             
                                                                                
                                                                                
                                                                                
                                                                                
                                                                                
                                                                                
                                                                                
                                                                                
                                                                                
                                                                                
                                                                                
                                                                                
                                                                                
                                                                                
                                                                                
Agent the Rambler              St:11 Dx:9 Co:18 In:13 Wi:8 Ch:16 Neutral S:1    
Dlvl:1 $:709 HP:10(10) Pw:2(2) AC:10 Xp:1/0 T:66                                

",0.0,False
319,west,,"message:
It's a wall.

language observation:
gold piece far east
doorway far east
tame kitten near east
gold piece near eastsoutheast
stairs up near eastsoutheast
horizontal wall near southeast
horizontal closed door near south
dark area near south
horizontal wall adjacent north and northeast
vertical wall adjacent southwest and west
northwest room corner adjacent northwest

cursor:
Yourself a tourist
(x=11, y=3)

map:
                                                                                
          ---------                                                             
          |@...f...###$                                                         
          |.......|   #                                                         
          |....$<..                                                             
          -+-------                                                             
                                                                                
                                                                                
                                                                                
                                                                                
                                                                                
                                                                                
                                                                                
                                                                                
                                                                                
                                                                                
                                                                                
                                                                                
                                                                                
                                                                                
                                                                                
Agent the Rambler              St:11 Dx:9 Co:18 In:13 Wi:8 Ch:16 Neutral S:1    
Dlvl:1 $:709 HP:10(10) Pw:2(2) AC:10 Xp:1/0 T:66                                

",0.0,False
320,west,,"message:
It's a wall.

language observation:
gold piece far east
doorway far east
tame kitten near east
gold piece near eastsoutheast
stairs up near eastsoutheast
horizontal wall near southeast
horizontal closed door near south
dark area near south
horizontal wall adjacent north and northeast
vertical wall adjacent southwest and west
northwest room corner adjacent northwest

cursor:
Yourself a tourist
(x=11, y=3)

map:
                                                                                
          ---------                                                             
          |@...f...###$                                                         
          |.......|   #                                                         
          |....$<..                                                             
          -+-------                                                             
                                                                                
                                                                                
                                                                                
                                                                                
                                                                                
                                                                                
                                                                                
                                                                                
                                                                                
                                                                                
                                                                                
                                                                                
                                                                                
                                                                                
                                                                                
Agent the Rambler              St:11 Dx:9 Co:18 In:13 Wi:8 Ch:16 Neutral S:1    
Dlvl:1 $:709 HP:10(10) Pw:2(2) AC:10 Xp:1/0 T:66                                

",0.0,False
321,west,,"message:
It's a wall.

language observation:
gold piece far east
doorway far east
tame kitten near east
gold piece near eastsoutheast
stairs up near eastsoutheast
horizontal wall near southeast
horizontal closed door near south
dark area near south
horizontal wall adjacent north and northeast
vertical wall adjacent southwest and west
northwest room corner adjacent northwest

cursor:
Yourself a tourist
(x=11, y=3)

map:
                                                                                
          ---------                                                             
          |@...f...###$                                                         
          |.......|   #                                                         
          |....$<..                                                             
          -+-------                                                             
                                                                                
                                                                                
                                                                                
                                                                                
                                                                                
                                                                                
                                                                                
                                                                                
                                                                                
                                                                                
                                                                                
                                                                                
                                                                                
                                                                                
                                                                                
Agent the Rambler              St:11 Dx:9 Co:18 In:13 Wi:8 Ch:16 Neutral S:1    
Dlvl:1 $:709 HP:10(10) Pw:2(2) AC:10 Xp:1/0 T:66                                

",0.0,False
322,west,,"message:
It's a wall.

language observation:
gold piece far east
doorway far east
tame kitten near east
gold piece near eastsoutheast
stairs up near eastsoutheast
horizontal wall near southeast
horizontal closed door near south
dark area near south
horizontal wall adjacent north and northeast
vertical wall adjacent southwest and west
northwest room corner adjacent northwest

cursor:
Yourself a tourist
(x=11, y=3)

map:
                                                                                
          ---------                                                             
          |@...f...###$                                                         
          |.......|   #                                                         
          |....$<..                                                             
          -+-------                                                             
                                                                                
                                                                                
                                                                                
                                                                                
                                                                                
                                                                                
                                                                                
                                                                                
                                                                                
                                                                                
                                                                                
                                                                                
                                                                                
                                                                                
                                                                                
Agent the Rambler              St:11 Dx:9 Co:18 In:13 Wi:8 Ch:16 Neutral S:1    
Dlvl:1 $:709 HP:10(10) Pw:2(2) AC:10 Xp:1/0 T:66                                

",0.0,False
323,west,,"message:
It's a wall.

language observation:
gold piece far east
doorway far east
tame kitten near east
gold piece near eastsoutheast
stairs up near eastsoutheast
horizontal wall near southeast
horizontal closed door near south
dark area near south
horizontal wall adjacent north and northeast
vertical wall adjacent southwest and west
northwest room corner adjacent northwest

cursor:
Yourself a tourist
(x=11, y=3)

map:
                                                                                
          ---------                                                             
          |@...f...###$                                                         
          |.......|   #                                                         
          |....$<..                                                             
          -+-------                                                             
                                                                                
                                                                                
                                                                                
                                                                                
                                                                                
                                                                                
                                                                                
                                                                                
                                                                                
                                                                                
                                                                                
                                                                                
                                                                                
                                                                                
                                                                                
Agent the Rambler              St:11 Dx:9 Co:18 In:13 Wi:8 Ch:16 Neutral S:1    
Dlvl:1 $:709 HP:10(10) Pw:2(2) AC:10 Xp:1/0 T:66                                

",0.0,False
324,west,,"message:
It's a wall.

language observation:
gold piece far east
doorway far east
tame kitten near east
gold piece near eastsoutheast
stairs up near eastsoutheast
horizontal wall near southeast
horizontal closed door near south
dark area near south
horizontal wall adjacent north and northeast
vertical wall adjacent southwest and west
northwest room corner adjacent northwest

cursor:
Yourself a tourist
(x=11, y=3)

map:
                                                                                
          ---------                                                             
          |@...f...###$                                                         
          |.......|   #                                                         
          |....$<..                                                             
          -+-------                                                             
                                                                                
                                                                                
                                                                                
                                                                                
                                                                                
                                                                                
                                                                                
                                                                                
                                                                                
                                                                                
                                                                                
                                                                                
                                                                                
                                                                                
                                                                                
Agent the Rambler              St:11 Dx:9 Co:18 In:13 Wi:8 Ch:16 Neutral S:1    
Dlvl:1 $:709 HP:10(10) Pw:2(2) AC:10 Xp:1/0 T:66                                

",0.0,False
325,west,,"message:
It's a wall.

language observation:
gold piece far east
doorway far east
tame kitten near east
gold piece near eastsoutheast
stairs up near eastsoutheast
horizontal wall near southeast
horizontal closed door near south
dark area near south
horizontal wall adjacent north and northeast
vertical wall adjacent southwest and west
northwest room corner adjacent northwest

cursor:
Yourself a tourist
(x=11, y=3)

map:
                                                                                
          ---------                                                             
          |@...f...###$                                                         
          |.......|   #                                                         
          |....$<..                                                             
          -+-------                                                             
                                                                                
                                                                                
                                                                                
                                                                                
                                                                                
                                                                                
                                                                                
                                                                                
                                                                                
                                                                                
                                                                                
                                                                                
                                                                                
                                                                                
                                                                                
Agent the Rambler              St:11 Dx:9 Co:18 In:13 Wi:8 Ch:16 Neutral S:1    
Dlvl:1 $:709 HP:10(10) Pw:2(2) AC:10 Xp:1/0 T:66                                

",0.0,False
326,west,,"message:
It's a wall.

language observation:
gold piece far east
doorway far east
tame kitten near east
gold piece near eastsoutheast
stairs up near eastsoutheast
horizontal wall near southeast
horizontal closed door near south
dark area near south
horizontal wall adjacent north and northeast
vertical wall adjacent southwest and west
northwest room corner adjacent northwest

cursor:
Yourself a tourist
(x=11, y=3)

map:
                                                                                
          ---------                                                             
          |@...f...###$                                                         
          |.......|   #                                                         
          |....$<..                                                             
          -+-------                                                             
                                                                                
                                                                                
                                                                                
                                                                                
                                                                                
                                                                                
                                                                                
                                                                                
                                                                                
                                                                                
                                                                                
                                                                                
                                                                                
                                                                                
                                                                                
Agent the Rambler              St:11 Dx:9 Co:18 In:13 Wi:8 Ch:16 Neutral S:1    
Dlvl:1 $:709 HP:10(10) Pw:2(2) AC:10 Xp:1/0 T:66                                

",0.0,False
327,west,,"message:
It's a wall.

language observation:
gold piece far east
doorway far east
tame kitten near east
gold piece near eastsoutheast
stairs up near eastsoutheast
horizontal wall near southeast
horizontal closed door near south
dark area near south
horizontal wall adjacent north and northeast
vertical wall adjacent southwest and west
northwest room corner adjacent northwest

cursor:
Yourself a tourist
(x=11, y=3)

map:
                                                                                
          ---------                                                             
          |@...f...###$                                                         
          |.......|   #                                                         
          |....$<..                                                             
          -+-------                                                             
                                                                                
                                                                                
                                                                                
                                                                                
                                                                                
                                                                                
                                                                                
                                                                                
                                                                                
                                                                                
                                                                                
                                                                                
                                                                                
                                                                                
                                                                                
Agent the Rambler              St:11 Dx:9 Co:18 In:13 Wi:8 Ch:16 Neutral S:1    
Dlvl:1 $:709 HP:10(10) Pw:2(2) AC:10 Xp:1/0 T:66                                

",0.0,False
328,west,,"message:
It's a wall.

language observation:
gold piece far east
doorway far east
tame kitten near east
gold piece near eastsoutheast
stairs up near eastsoutheast
horizontal wall near southeast
horizontal closed door near south
dark area near south
horizontal wall adjacent north and northeast
vertical wall adjacent southwest and west
northwest room corner adjacent northwest

cursor:
Yourself a tourist
(x=11, y=3)

map:
                                                                                
          ---------                                                             
          |@...f...###$                                                         
          |.......|   #                                                         
          |....$<..                                                             
          -+-------                                                             
                                                                                
                                                                                
                                                                                
                                                                                
                                                                                
                                                                                
                                                                                
                                                                                
                                                                                
                                                                                
                                                                                
                                                                                
                                                                                
                                                                                
                                                                                
Agent the Rambler              St:11 Dx:9 Co:18 In:13 Wi:8 Ch:16 Neutral S:1    
Dlvl:1 $:709 HP:10(10) Pw:2(2) AC:10 Xp:1/0 T:66                                

",0.0,False
329,west,,"message:
It's a wall.

language observation:
gold piece far east
doorway far east
tame kitten near east
gold piece near eastsoutheast
stairs up near eastsoutheast
horizontal wall near southeast
horizontal closed door near south
dark area near south
horizontal wall adjacent north and northeast
vertical wall adjacent southwest and west
northwest room corner adjacent northwest

cursor:
Yourself a tourist
(x=11, y=3)

map:
                                                                                
          ---------                                                             
          |@...f...###$                                                         
          |.......|   #                                                         
          |....$<..                                                             
          -+-------                                                             
                                                                                
                                                                                
                                                                                
                                                                                
                                                                                
                                                                                
                                                                                
                                                                                
                                                                                
                                                                                
                                                                                
                                                                                
                                                                                
                                                                                
                                                                                
Agent the Rambler              St:11 Dx:9 Co:18 In:13 Wi:8 Ch:16 Neutral S:1    
Dlvl:1 $:709 HP:10(10) Pw:2(2) AC:10 Xp:1/0 T:66                                

",0.0,False
330,west,,"message:
It's a wall.

language observation:
gold piece far east
doorway far east
tame kitten near east
gold piece near eastsoutheast
stairs up near eastsoutheast
horizontal wall near southeast
horizontal closed door near south
dark area near south
horizontal wall adjacent north and northeast
vertical wall adjacent southwest and west
northwest room corner adjacent northwest

cursor:
Yourself a tourist
(x=11, y=3)

map:
                                                                                
          ---------                                                             
          |@...f...###$                                                         
          |.......|   #                                                         
          |....$<..                                                             
          -+-------                                                             
                                                                                
                                                                                
                                                                                
                                                                                
                                                                                
                                                                                
                                                                                
                                                                                
                                                                                
                                                                                
                                                                                
                                                                                
                                                                                
                                                                                
                                                                                
Agent the Rambler              St:11 Dx:9 Co:18 In:13 Wi:8 Ch:16 Neutral S:1    
Dlvl:1 $:709 HP:10(10) Pw:2(2) AC:10 Xp:1/0 T:66                                

",0.0,False
331,west,,"message:
It's a wall.

language observation:
gold piece far east
doorway far east
tame kitten near east
gold piece near eastsoutheast
stairs up near eastsoutheast
horizontal wall near southeast
horizontal closed door near south
dark area near south
horizontal wall adjacent north and northeast
vertical wall adjacent southwest and west
northwest room corner adjacent northwest

cursor:
Yourself a tourist
(x=11, y=3)

map:
                                                                                
          ---------                                                             
          |@...f...###$                                                         
          |.......|   #                                                         
          |....$<..                                                             
          -+-------                                                             
                                                                                
                                                                                
                                                                                
                                                                                
                                                                                
                                                                                
                                                                                
                                                                                
                                                                                
                                                                                
                                                                                
                                                                                
                                                                                
                                                                                
                                                                                
Agent the Rambler              St:11 Dx:9 Co:18 In:13 Wi:8 Ch:16 Neutral S:1    
Dlvl:1 $:709 HP:10(10) Pw:2(2) AC:10 Xp:1/0 T:66                                

",0.0,False
332,west,,"message:
It's a wall.

language observation:
gold piece far east
doorway far east
tame kitten near east
gold piece near eastsoutheast
stairs up near eastsoutheast
horizontal wall near southeast
horizontal closed door near south
dark area near south
horizontal wall adjacent north and northeast
vertical wall adjacent southwest and west
northwest room corner adjacent northwest

cursor:
Yourself a tourist
(x=11, y=3)

map:
                                                                                
          ---------                                                             
          |@...f...###$                                                         
          |.......|   #                                                         
          |....$<..                                                             
          -+-------                                                             
                                                                                
                                                                                
                                                                                
                                                                                
                                                                                
                                                                                
                                                                                
                                                                                
                                                                                
                                                                                
                                                                                
                                                                                
                                                                                
                                                                                
                                                                                
Agent the Rambler              St:11 Dx:9 Co:18 In:13 Wi:8 Ch:16 Neutral S:1    
Dlvl:1 $:709 HP:10(10) Pw:2(2) AC:10 Xp:1/0 T:66                                

",0.0,False
333,west,,"message:
It's a wall.

language observation:
gold piece far east
doorway far east
tame kitten near east
gold piece near eastsoutheast
stairs up near eastsoutheast
horizontal wall near southeast
horizontal closed door near south
dark area near south
horizontal wall adjacent north and northeast
vertical wall adjacent southwest and west
northwest room corner adjacent northwest

cursor:
Yourself a tourist
(x=11, y=3)

map:
                                                                                
          ---------                                                             
          |@...f...###$                                                         
          |.......|   #                                                         
          |....$<..                                                             
          -+-------                                                             
                                                                                
                                                                                
                                                                                
                                                                                
                                                                                
                                                                                
                                                                                
                                                                                
                                                                                
                                                                                
                                                                                
                                                                                
                                                                                
                                                                                
                                                                                
Agent the Rambler              St:11 Dx:9 Co:18 In:13 Wi:8 Ch:16 Neutral S:1    
Dlvl:1 $:709 HP:10(10) Pw:2(2) AC:10 Xp:1/0 T:66                                

",0.0,False
334,west,,"message:
It's a wall.

language observation:
gold piece far east
doorway far east
tame kitten near east
gold piece near eastsoutheast
stairs up near eastsoutheast
horizontal wall near southeast
horizontal closed door near south
dark area near south
horizontal wall adjacent north and northeast
vertical wall adjacent southwest and west
northwest room corner adjacent northwest

cursor:
Yourself a tourist
(x=11, y=3)

map:
                                                                                
          ---------                                                             
          |@...f...###$                                                         
          |.......|   #                                                         
          |....$<..                                                             
          -+-------                                                             
                                                                                
                                                                                
                                                                                
                                                                                
                                                                                
                                                                                
                                                                                
                                                                                
                                                                                
                                                                                
                                                                                
                                                                                
                                                                                
                                                                                
                                                                                
Agent the Rambler              St:11 Dx:9 Co:18 In:13 Wi:8 Ch:16 Neutral S:1    
Dlvl:1 $:709 HP:10(10) Pw:2(2) AC:10 Xp:1/0 T:66                                

",0.0,False
335,west,,"message:
It's a wall.

language observation:
gold piece far east
doorway far east
tame kitten near east
gold piece near eastsoutheast
stairs up near eastsoutheast
horizontal wall near southeast
horizontal closed door near south
dark area near south
horizontal wall adjacent north and northeast
vertical wall adjacent southwest and west
northwest room corner adjacent northwest

cursor:
Yourself a tourist
(x=11, y=3)

map:
                                                                                
          ---------                                                             
          |@...f...###$                                                         
          |.......|   #                                                         
          |....$<..                                                             
          -+-------                                                             
                                                                                
                                                                                
                                                                                
                                                                                
                                                                                
                                                                                
                                                                                
                                                                                
                                                                                
                                                                                
                                                                                
                                                                                
                                                                                
                                                                                
                                                                                
Agent the Rambler              St:11 Dx:9 Co:18 In:13 Wi:8 Ch:16 Neutral S:1    
Dlvl:1 $:709 HP:10(10) Pw:2(2) AC:10 Xp:1/0 T:66                                

",0.0,False
336,west,,"message:
It's a wall.

language observation:
gold piece far east
doorway far east
tame kitten near east
gold piece near eastsoutheast
stairs up near eastsoutheast
horizontal wall near southeast
horizontal closed door near south
dark area near south
horizontal wall adjacent north and northeast
vertical wall adjacent southwest and west
northwest room corner adjacent northwest

cursor:
Yourself a tourist
(x=11, y=3)

map:
                                                                                
          ---------                                                             
          |@...f...###$                                                         
          |.......|   #                                                         
          |....$<..                                                             
          -+-------                                                             
                                                                                
                                                                                
                                                                                
                                                                                
                                                                                
                                                                                
                                                                                
                                                                                
                                                                                
                                                                                
                                                                                
                                                                                
                                                                                
                                                                                
                                                                                
Agent the Rambler              St:11 Dx:9 Co:18 In:13 Wi:8 Ch:16 Neutral S:1    
Dlvl:1 $:709 HP:10(10) Pw:2(2) AC:10 Xp:1/0 T:66                                

",0.0,False
337,west,,"message:
It's a wall.

language observation:
gold piece far east
doorway far east
tame kitten near east
gold piece near eastsoutheast
stairs up near eastsoutheast
horizontal wall near southeast
horizontal closed door near south
dark area near south
horizontal wall adjacent north and northeast
vertical wall adjacent southwest and west
northwest room corner adjacent northwest

cursor:
Yourself a tourist
(x=11, y=3)

map:
                                                                                
          ---------                                                             
          |@...f...###$                                                         
          |.......|   #                                                         
          |....$<..                                                             
          -+-------                                                             
                                                                                
                                                                                
                                                                                
                                                                                
                                                                                
                                                                                
                                                                                
                                                                                
                                                                                
                                                                                
                                                                                
                                                                                
                                                                                
                                                                                
                                                                                
Agent the Rambler              St:11 Dx:9 Co:18 In:13 Wi:8 Ch:16 Neutral S:1    
Dlvl:1 $:709 HP:10(10) Pw:2(2) AC:10 Xp:1/0 T:66                                

",0.0,False
338,west,,"message:
It's a wall.

language observation:
gold piece far east
doorway far east
tame kitten near east
gold piece near eastsoutheast
stairs up near eastsoutheast
horizontal wall near southeast
horizontal closed door near south
dark area near south
horizontal wall adjacent north and northeast
vertical wall adjacent southwest and west
northwest room corner adjacent northwest

cursor:
Yourself a tourist
(x=11, y=3)

map:
                                                                                
          ---------                                                             
          |@...f...###$                                                         
          |.......|   #                                                         
          |....$<..                                                             
          -+-------                                                             
                                                                                
                                                                                
                                                                                
                                                                                
                                                                                
                                                                                
                                                                                
                                                                                
                                                                                
                                                                                
                                                                                
                                                                                
                                                                                
                                                                                
                                                                                
Agent the Rambler              St:11 Dx:9 Co:18 In:13 Wi:8 Ch:16 Neutral S:1    
Dlvl:1 $:709 HP:10(10) Pw:2(2) AC:10 Xp:1/0 T:66                                

",0.0,False
339,west,,"message:
It's a wall.

language observation:
gold piece far east
doorway far east
tame kitten near east
gold piece near eastsoutheast
stairs up near eastsoutheast
horizontal wall near southeast
horizontal closed door near south
dark area near south
horizontal wall adjacent north and northeast
vertical wall adjacent southwest and west
northwest room corner adjacent northwest

cursor:
Yourself a tourist
(x=11, y=3)

map:
                                                                                
          ---------                                                             
          |@...f...###$                                                         
          |.......|   #                                                         
          |....$<..                                                             
          -+-------                                                             
                                                                                
                                                                                
                                                                                
                                                                                
                                                                                
                                                                                
                                                                                
                                                                                
                                                                                
                                                                                
                                                                                
                                                                                
                                                                                
                                                                                
                                                                                
Agent the Rambler              St:11 Dx:9 Co:18 In:13 Wi:8 Ch:16 Neutral S:1    
Dlvl:1 $:709 HP:10(10) Pw:2(2) AC:10 Xp:1/0 T:66                                

",0.0,False
340,west,,"message:
It's a wall.

language observation:
gold piece far east
doorway far east
tame kitten near east
gold piece near eastsoutheast
stairs up near eastsoutheast
horizontal wall near southeast
horizontal closed door near south
dark area near south
horizontal wall adjacent north and northeast
vertical wall adjacent southwest and west
northwest room corner adjacent northwest

cursor:
Yourself a tourist
(x=11, y=3)

map:
                                                                                
          ---------                                                             
          |@...f...###$                                                         
          |.......|   #                                                         
          |....$<..                                                             
          -+-------                                                             
                                                                                
                                                                                
                                                                                
                                                                                
                                                                                
                                                                                
                                                                                
                                                                                
                                                                                
                                                                                
                                                                                
                                                                                
                                                                                
                                                                                
                                                                                
Agent the Rambler              St:11 Dx:9 Co:18 In:13 Wi:8 Ch:16 Neutral S:1    
Dlvl:1 $:709 HP:10(10) Pw:2(2) AC:10 Xp:1/0 T:66                                

",0.0,False
341,west,,"message:
It's a wall.

language observation:
gold piece far east
doorway far east
tame kitten near east
gold piece near eastsoutheast
stairs up near eastsoutheast
horizontal wall near southeast
horizontal closed door near south
dark area near south
horizontal wall adjacent north and northeast
vertical wall adjacent southwest and west
northwest room corner adjacent northwest

cursor:
Yourself a tourist
(x=11, y=3)

map:
                                                                                
          ---------                                                             
          |@...f...###$                                                         
          |.......|   #                                                         
          |....$<..                                                             
          -+-------                                                             
                                                                                
                                                                                
                                                                                
                                                                                
                                                                                
                                                                                
                                                                                
                                                                                
                                                                                
                                                                                
                                                                                
                                                                                
                                                                                
                                                                                
                                                                                
Agent the Rambler              St:11 Dx:9 Co:18 In:13 Wi:8 Ch:16 Neutral S:1    
Dlvl:1 $:709 HP:10(10) Pw:2(2) AC:10 Xp:1/0 T:66                                

",0.0,False
342,west,,"message:
It's a wall.

language observation:
gold piece far east
doorway far east
tame kitten near east
gold piece near eastsoutheast
stairs up near eastsoutheast
horizontal wall near southeast
horizontal closed door near south
dark area near south
horizontal wall adjacent north and northeast
vertical wall adjacent southwest and west
northwest room corner adjacent northwest

cursor:
Yourself a tourist
(x=11, y=3)

map:
                                                                                
          ---------                                                             
          |@...f...###$                                                         
          |.......|   #                                                         
          |....$<..                                                             
          -+-------                                                             
                                                                                
                                                                                
                                                                                
                                                                                
                                                                                
                                                                                
                                                                                
                                                                                
                                                                                
                                                                                
                                                                                
                                                                                
                                                                                
                                                                                
                                                                                
Agent the Rambler              St:11 Dx:9 Co:18 In:13 Wi:8 Ch:16 Neutral S:1    
Dlvl:1 $:709 HP:10(10) Pw:2(2) AC:10 Xp:1/0 T:66                                

",0.0,False
343,west,,"message:
It's a wall.

language observation:
gold piece far east
doorway far east
tame kitten near east
gold piece near eastsoutheast
stairs up near eastsoutheast
horizontal wall near southeast
horizontal closed door near south
dark area near south
horizontal wall adjacent north and northeast
vertical wall adjacent southwest and west
northwest room corner adjacent northwest

cursor:
Yourself a tourist
(x=11, y=3)

map:
                                                                                
          ---------                                                             
          |@...f...###$                                                         
          |.......|   #                                                         
          |....$<..                                                             
          -+-------                                                             
                                                                                
                                                                                
                                                                                
                                                                                
                                                                                
                                                                                
                                                                                
                                                                                
                                                                                
                                                                                
                                                                                
                                                                                
                                                                                
                                                                                
                                                                                
Agent the Rambler              St:11 Dx:9 Co:18 In:13 Wi:8 Ch:16 Neutral S:1    
Dlvl:1 $:709 HP:10(10) Pw:2(2) AC:10 Xp:1/0 T:66                                

",0.0,False
344,west,,"message:
It's a wall.

language observation:
gold piece far east
doorway far east
tame kitten near east
gold piece near eastsoutheast
stairs up near eastsoutheast
horizontal wall near southeast
horizontal closed door near south
dark area near south
horizontal wall adjacent north and northeast
vertical wall adjacent southwest and west
northwest room corner adjacent northwest

cursor:
Yourself a tourist
(x=11, y=3)

map:
                                                                                
          ---------                                                             
          |@...f...###$                                                         
          |.......|   #                                                         
          |....$<..                                                             
          -+-------                                                             
                                                                                
                                                                                
                                                                                
                                                                                
                                                                                
                                                                                
                                                                                
                                                                                
                                                                                
                                                                                
                                                                                
                                                                                
                                                                                
                                                                                
                                                                                
Agent the Rambler              St:11 Dx:9 Co:18 In:13 Wi:8 Ch:16 Neutral S:1    
Dlvl:1 $:709 HP:10(10) Pw:2(2) AC:10 Xp:1/0 T:66                                

",0.0,False
345,west,,"message:
It's a wall.

language observation:
gold piece far east
doorway far east
tame kitten near east
gold piece near eastsoutheast
stairs up near eastsoutheast
horizontal wall near southeast
horizontal closed door near south
dark area near south
horizontal wall adjacent north and northeast
vertical wall adjacent southwest and west
northwest room corner adjacent northwest

cursor:
Yourself a tourist
(x=11, y=3)

map:
                                                                                
          ---------                                                             
          |@...f...###$                                                         
          |.......|   #                                                         
          |....$<..                                                             
          -+-------                                                             
                                                                                
                                                                                
                                                                                
                                                                                
                                                                                
                                                                                
                                                                                
                                                                                
                                                                                
                                                                                
                                                                                
                                                                                
                                                                                
                                                                                
                                                                                
Agent the Rambler              St:11 Dx:9 Co:18 In:13 Wi:8 Ch:16 Neutral S:1    
Dlvl:1 $:709 HP:10(10) Pw:2(2) AC:10 Xp:1/0 T:66                                

",0.0,False
346,west,,"message:
It's a wall.

language observation:
gold piece far east
doorway far east
tame kitten near east
gold piece near eastsoutheast
stairs up near eastsoutheast
horizontal wall near southeast
horizontal closed door near south
dark area near south
horizontal wall adjacent north and northeast
vertical wall adjacent southwest and west
northwest room corner adjacent northwest

cursor:
Yourself a tourist
(x=11, y=3)

map:
                                                                                
          ---------                                                             
          |@...f...###$                                                         
          |.......|   #                                                         
          |....$<..                                                             
          -+-------                                                             
                                                                                
                                                                                
                                                                                
                                                                                
                                                                                
                                                                                
                                                                                
                                                                                
                                                                                
                                                                                
                                                                                
                                                                                
                                                                                
                                                                                
                                                                                
Agent the Rambler              St:11 Dx:9 Co:18 In:13 Wi:8 Ch:16 Neutral S:1    
Dlvl:1 $:709 HP:10(10) Pw:2(2) AC:10 Xp:1/0 T:66                                

",0.0,False
347,west,,"message:
It's a wall.

language observation:
gold piece far east
doorway far east
tame kitten near east
gold piece near eastsoutheast
stairs up near eastsoutheast
horizontal wall near southeast
horizontal closed door near south
dark area near south
horizontal wall adjacent north and northeast
vertical wall adjacent southwest and west
northwest room corner adjacent northwest

cursor:
Yourself a tourist
(x=11, y=3)

map:
                                                                                
          ---------                                                             
          |@...f...###$                                                         
          |.......|   #                                                         
          |....$<..                                                             
          -+-------                                                             
                                                                                
                                                                                
                                                                                
                                                                                
                                                                                
                                                                                
                                                                                
                                                                                
                                                                                
                                                                                
                                                                                
                                                                                
                                                                                
                                                                                
                                                                                
Agent the Rambler              St:11 Dx:9 Co:18 In:13 Wi:8 Ch:16 Neutral S:1    
Dlvl:1 $:709 HP:10(10) Pw:2(2) AC:10 Xp:1/0 T:66                                

",0.0,False
348,west,,"message:
It's a wall.

language observation:
gold piece far east
doorway far east
tame kitten near east
gold piece near eastsoutheast
stairs up near eastsoutheast
horizontal wall near southeast
horizontal closed door near south
dark area near south
horizontal wall adjacent north and northeast
vertical wall adjacent southwest and west
northwest room corner adjacent northwest

cursor:
Yourself a tourist
(x=11, y=3)

map:
                                                                                
          ---------                                                             
          |@...f...###$                                                         
          |.......|   #                                                         
          |....$<..                                                             
          -+-------                                                             
                                                                                
                                                                                
                                                                                
                                                                                
                                                                                
                                                                                
                                                                                
                                                                                
                                                                                
                                                                                
                                                                                
                                                                                
                                                                                
                                                                                
                                                                                
Agent the Rambler              St:11 Dx:9 Co:18 In:13 Wi:8 Ch:16 Neutral S:1    
Dlvl:1 $:709 HP:10(10) Pw:2(2) AC:10 Xp:1/0 T:66                                

",0.0,False
349,west,,"message:
It's a wall.

language observation:
gold piece far east
doorway far east
tame kitten near east
gold piece near eastsoutheast
stairs up near eastsoutheast
horizontal wall near southeast
horizontal closed door near south
dark area near south
horizontal wall adjacent north and northeast
vertical wall adjacent southwest and west
northwest room corner adjacent northwest

cursor:
Yourself a tourist
(x=11, y=3)

map:
                                                                                
          ---------                                                             
          |@...f...###$                                                         
          |.......|   #                                                         
          |....$<..                                                             
          -+-------                                                             
                                                                                
                                                                                
                                                                                
                                                                                
                                                                                
                                                                                
                                                                                
                                                                                
                                                                                
                                                                                
                                                                                
                                                                                
                                                                                
                                                                                
                                                                                
Agent the Rambler              St:11 Dx:9 Co:18 In:13 Wi:8 Ch:16 Neutral S:1    
Dlvl:1 $:709 HP:10(10) Pw:2(2) AC:10 Xp:1/0 T:66                                

",0.0,False
350,west,,"message:
It's a wall.

language observation:
gold piece far east
doorway far east
tame kitten near east
gold piece near eastsoutheast
stairs up near eastsoutheast
horizontal wall near southeast
horizontal closed door near south
dark area near south
horizontal wall adjacent north and northeast
vertical wall adjacent southwest and west
northwest room corner adjacent northwest

cursor:
Yourself a tourist
(x=11, y=3)

map:
                                                                                
          ---------                                                             
          |@...f...###$                                                         
          |.......|   #                                                         
          |....$<..                                                             
          -+-------                                                             
                                                                                
                                                                                
                                                                                
                                                                                
                                                                                
                                                                                
                                                                                
                                                                                
                                                                                
                                                                                
                                                                                
                                                                                
                                                                                
                                                                                
                                                                                
Agent the Rambler              St:11 Dx:9 Co:18 In:13 Wi:8 Ch:16 Neutral S:1    
Dlvl:1 $:709 HP:10(10) Pw:2(2) AC:10 Xp:1/0 T:66                                

",0.0,False
351,west,,"message:
It's a wall.

language observation:
gold piece far east
doorway far east
tame kitten near east
gold piece near eastsoutheast
stairs up near eastsoutheast
horizontal wall near southeast
horizontal closed door near south
dark area near south
horizontal wall adjacent north and northeast
vertical wall adjacent southwest and west
northwest room corner adjacent northwest

cursor:
Yourself a tourist
(x=11, y=3)

map:
                                                                                
          ---------                                                             
          |@...f...###$                                                         
          |.......|   #                                                         
          |....$<..                                                             
          -+-------                                                             
                                                                                
                                                                                
                                                                                
                                                                                
                                                                                
                                                                                
                                                                                
                                                                                
                                                                                
                                                                                
                                                                                
                                                                                
                                                                                
                                                                                
                                                                                
Agent the Rambler              St:11 Dx:9 Co:18 In:13 Wi:8 Ch:16 Neutral S:1    
Dlvl:1 $:709 HP:10(10) Pw:2(2) AC:10 Xp:1/0 T:66                                

",0.0,False
352,west,,"message:
It's a wall.

language observation:
gold piece far east
doorway far east
tame kitten near east
gold piece near eastsoutheast
stairs up near eastsoutheast
horizontal wall near southeast
horizontal closed door near south
dark area near south
horizontal wall adjacent north and northeast
vertical wall adjacent southwest and west
northwest room corner adjacent northwest

cursor:
Yourself a tourist
(x=11, y=3)

map:
                                                                                
          ---------                                                             
          |@...f...###$                                                         
          |.......|   #                                                         
          |....$<..                                                             
          -+-------                                                             
                                                                                
                                                                                
                                                                                
                                                                                
                                                                                
                                                                                
                                                                                
                                                                                
                                                                                
                                                                                
                                                                                
                                                                                
                                                                                
                                                                                
                                                                                
Agent the Rambler              St:11 Dx:9 Co:18 In:13 Wi:8 Ch:16 Neutral S:1    
Dlvl:1 $:709 HP:10(10) Pw:2(2) AC:10 Xp:1/0 T:66                                

",0.0,False
353,west,,"message:
It's a wall.

language observation:
gold piece far east
doorway far east
tame kitten near east
gold piece near eastsoutheast
stairs up near eastsoutheast
horizontal wall near southeast
horizontal closed door near south
dark area near south
horizontal wall adjacent north and northeast
vertical wall adjacent southwest and west
northwest room corner adjacent northwest

cursor:
Yourself a tourist
(x=11, y=3)

map:
                                                                                
          ---------                                                             
          |@...f...###$                                                         
          |.......|   #                                                         
          |....$<..                                                             
          -+-------                                                             
                                                                                
                                                                                
                                                                                
                                                                                
                                                                                
                                                                                
                                                                                
                                                                                
                                                                                
                                                                                
                                                                                
                                                                                
                                                                                
                                                                                
                                                                                
Agent the Rambler              St:11 Dx:9 Co:18 In:13 Wi:8 Ch:16 Neutral S:1    
Dlvl:1 $:709 HP:10(10) Pw:2(2) AC:10 Xp:1/0 T:66                                

",0.0,False
354,west,,"message:
It's a wall.

language observation:
gold piece far east
doorway far east
tame kitten near east
gold piece near eastsoutheast
stairs up near eastsoutheast
horizontal wall near southeast
horizontal closed door near south
dark area near south
horizontal wall adjacent north and northeast
vertical wall adjacent southwest and west
northwest room corner adjacent northwest

cursor:
Yourself a tourist
(x=11, y=3)

map:
                                                                                
          ---------                                                             
          |@...f...###$                                                         
          |.......|   #                                                         
          |....$<..                                                             
          -+-------                                                             
                                                                                
                                                                                
                                                                                
                                                                                
                                                                                
                                                                                
                                                                                
                                                                                
                                                                                
                                                                                
                                                                                
                                                                                
                                                                                
                                                                                
                                                                                
Agent the Rambler              St:11 Dx:9 Co:18 In:13 Wi:8 Ch:16 Neutral S:1    
Dlvl:1 $:709 HP:10(10) Pw:2(2) AC:10 Xp:1/0 T:66                                

",0.0,False
355,west,,"message:
It's a wall.

language observation:
gold piece far east
doorway far east
tame kitten near east
gold piece near eastsoutheast
stairs up near eastsoutheast
horizontal wall near southeast
horizontal closed door near south
dark area near south
horizontal wall adjacent north and northeast
vertical wall adjacent southwest and west
northwest room corner adjacent northwest

cursor:
Yourself a tourist
(x=11, y=3)

map:
                                                                                
          ---------                                                             
          |@...f...###$                                                         
          |.......|   #                                                         
          |....$<..                                                             
          -+-------                                                             
                                                                                
                                                                                
                                                                                
                                                                                
                                                                                
                                                                                
                                                                                
                                                                                
                                                                                
                                                                                
                                                                                
                                                                                
                                                                                
                                                                                
                                                                                
Agent the Rambler              St:11 Dx:9 Co:18 In:13 Wi:8 Ch:16 Neutral S:1    
Dlvl:1 $:709 HP:10(10) Pw:2(2) AC:10 Xp:1/0 T:66                                

",0.0,False
356,west,,"message:
It's a wall.

language observation:
gold piece far east
doorway far east
tame kitten near east
gold piece near eastsoutheast
stairs up near eastsoutheast
horizontal wall near southeast
horizontal closed door near south
dark area near south
horizontal wall adjacent north and northeast
vertical wall adjacent southwest and west
northwest room corner adjacent northwest

cursor:
Yourself a tourist
(x=11, y=3)

map:
                                                                                
          ---------                                                             
          |@...f...###$                                                         
          |.......|   #                                                         
          |....$<..                                                             
          -+-------                                                             
                                                                                
                                                                                
                                                                                
                                                                                
                                                                                
                                                                                
                                                                                
                                                                                
                                                                                
                                                                                
                                                                                
                                                                                
                                                                                
                                                                                
                                                                                
Agent the Rambler              St:11 Dx:9 Co:18 In:13 Wi:8 Ch:16 Neutral S:1    
Dlvl:1 $:709 HP:10(10) Pw:2(2) AC:10 Xp:1/0 T:66                                

",0.0,False
357,west,,"message:
It's a wall.

language observation:
gold piece far east
doorway far east
tame kitten near east
gold piece near eastsoutheast
stairs up near eastsoutheast
horizontal wall near southeast
horizontal closed door near south
dark area near south
horizontal wall adjacent north and northeast
vertical wall adjacent southwest and west
northwest room corner adjacent northwest

cursor:
Yourself a tourist
(x=11, y=3)

map:
                                                                                
          ---------                                                             
          |@...f...###$                                                         
          |.......|   #                                                         
          |....$<..                                                             
          -+-------                                                             
                                                                                
                                                                                
                                                                                
                                                                                
                                                                                
                                                                                
                                                                                
                                                                                
                                                                                
                                                                                
                                                                                
                                                                                
                                                                                
                                                                                
                                                                                
Agent the Rambler              St:11 Dx:9 Co:18 In:13 Wi:8 Ch:16 Neutral S:1    
Dlvl:1 $:709 HP:10(10) Pw:2(2) AC:10 Xp:1/0 T:66                                

",0.0,False
358,west,,"message:
It's a wall.

language observation:
gold piece far east
doorway far east
tame kitten near east
gold piece near eastsoutheast
stairs up near eastsoutheast
horizontal wall near southeast
horizontal closed door near south
dark area near south
horizontal wall adjacent north and northeast
vertical wall adjacent southwest and west
northwest room corner adjacent northwest

cursor:
Yourself a tourist
(x=11, y=3)

map:
                                                                                
          ---------                                                             
          |@...f...###$                                                         
          |.......|   #                                                         
          |....$<..                                                             
          -+-------                                                             
                                                                                
                                                                                
                                                                                
                                                                                
                                                                                
                                                                                
                                                                                
                                                                                
                                                                                
                                                                                
                                                                                
                                                                                
                                                                                
                                                                                
                                                                                
Agent the Rambler              St:11 Dx:9 Co:18 In:13 Wi:8 Ch:16 Neutral S:1    
Dlvl:1 $:709 HP:10(10) Pw:2(2) AC:10 Xp:1/0 T:66                                

",0.0,False
359,west,,"message:
It's a wall.

language observation:
gold piece far east
doorway far east
tame kitten near east
gold piece near eastsoutheast
stairs up near eastsoutheast
horizontal wall near southeast
horizontal closed door near south
dark area near south
horizontal wall adjacent north and northeast
vertical wall adjacent southwest and west
northwest room corner adjacent northwest

cursor:
Yourself a tourist
(x=11, y=3)

map:
                                                                                
          ---------                                                             
          |@...f...###$                                                         
          |.......|   #                                                         
          |....$<..                                                             
          -+-------                                                             
                                                                                
                                                                                
                                                                                
                                                                                
                                                                                
                                                                                
                                                                                
                                                                                
                                                                                
                                                                                
                                                                                
                                                                                
                                                                                
                                                                                
                                                                                
Agent the Rambler              St:11 Dx:9 Co:18 In:13 Wi:8 Ch:16 Neutral S:1    
Dlvl:1 $:709 HP:10(10) Pw:2(2) AC:10 Xp:1/0 T:66                                

",0.0,False
360,west,,"message:
It's a wall.

language observation:
gold piece far east
doorway far east
tame kitten near east
gold piece near eastsoutheast
stairs up near eastsoutheast
horizontal wall near southeast
horizontal closed door near south
dark area near south
horizontal wall adjacent north and northeast
vertical wall adjacent southwest and west
northwest room corner adjacent northwest

cursor:
Yourself a tourist
(x=11, y=3)

map:
                                                                                
          ---------                                                             
          |@...f...###$                                                         
          |.......|   #                                                         
          |....$<..                                                             
          -+-------                                                             
                                                                                
                                                                                
                                                                                
                                                                                
                                                                                
                                                                                
                                                                                
                                                                                
                                                                                
                                                                                
                                                                                
                                                                                
                                                                                
                                                                                
                                                                                
Agent the Rambler              St:11 Dx:9 Co:18 In:13 Wi:8 Ch:16 Neutral S:1    
Dlvl:1 $:709 HP:10(10) Pw:2(2) AC:10 Xp:1/0 T:66                                

",0.0,False
361,west,,"message:
It's a wall.

language observation:
gold piece far east
doorway far east
tame kitten near east
gold piece near eastsoutheast
stairs up near eastsoutheast
horizontal wall near southeast
horizontal closed door near south
dark area near south
horizontal wall adjacent north and northeast
vertical wall adjacent southwest and west
northwest room corner adjacent northwest

cursor:
Yourself a tourist
(x=11, y=3)

map:
                                                                                
          ---------                                                             
          |@...f...###$                                                         
          |.......|   #                                                         
          |....$<..                                                             
          -+-------                                                             
                                                                                
                                                                                
                                                                                
                                                                                
                                                                                
                                                                                
                                                                                
                                                                                
                                                                                
                                                                                
                                                                                
                                                                                
                                                                                
                                                                                
                                                                                
Agent the Rambler              St:11 Dx:9 Co:18 In:13 Wi:8 Ch:16 Neutral S:1    
Dlvl:1 $:709 HP:10(10) Pw:2(2) AC:10 Xp:1/0 T:66                                

",0.0,False
362,west,,"message:
It's a wall.

language observation:
gold piece far east
doorway far east
tame kitten near east
gold piece near eastsoutheast
stairs up near eastsoutheast
horizontal wall near southeast
horizontal closed door near south
dark area near south
horizontal wall adjacent north and northeast
vertical wall adjacent southwest and west
northwest room corner adjacent northwest

cursor:
Yourself a tourist
(x=11, y=3)

map:
                                                                                
          ---------                                                             
          |@...f...###$                                                         
          |.......|   #                                                         
          |....$<..                                                             
          -+-------                                                             
                                                                                
                                                                                
                                                                                
                                                                                
                                                                                
                                                                                
                                                                                
                                                                                
                                                                                
                                                                                
                                                                                
                                                                                
                                                                                
                                                                                
                                                                                
Agent the Rambler              St:11 Dx:9 Co:18 In:13 Wi:8 Ch:16 Neutral S:1    
Dlvl:1 $:709 HP:10(10) Pw:2(2) AC:10 Xp:1/0 T:66                                

",0.0,False
363,west,,"message:
It's a wall.

language observation:
gold piece far east
doorway far east
tame kitten near east
gold piece near eastsoutheast
stairs up near eastsoutheast
horizontal wall near southeast
horizontal closed door near south
dark area near south
horizontal wall adjacent north and northeast
vertical wall adjacent southwest and west
northwest room corner adjacent northwest

cursor:
Yourself a tourist
(x=11, y=3)

map:
                                                                                
          ---------                                                             
          |@...f...###$                                                         
          |.......|   #                                                         
          |....$<..                                                             
          -+-------                                                             
                                                                                
                                                                                
                                                                                
                                                                                
                                                                                
                                                                                
                                                                                
                                                                                
                                                                                
                                                                                
                                                                                
                                                                                
                                                                                
                                                                                
                                                                                
Agent the Rambler              St:11 Dx:9 Co:18 In:13 Wi:8 Ch:16 Neutral S:1    
Dlvl:1 $:709 HP:10(10) Pw:2(2) AC:10 Xp:1/0 T:66                                

",0.0,False
364,west,,"message:
It's a wall.

language observation:
gold piece far east
doorway far east
tame kitten near east
gold piece near eastsoutheast
stairs up near eastsoutheast
horizontal wall near southeast
horizontal closed door near south
dark area near south
horizontal wall adjacent north and northeast
vertical wall adjacent southwest and west
northwest room corner adjacent northwest

cursor:
Yourself a tourist
(x=11, y=3)

map:
                                                                                
          ---------                                                             
          |@...f...###$                                                         
          |.......|   #                                                         
          |....$<..                                                             
          -+-------                                                             
                                                                                
                                                                                
                                                                                
                                                                                
                                                                                
                                                                                
                                                                                
                                                                                
                                                                                
                                                                                
                                                                                
                                                                                
                                                                                
                                                                                
                                                                                
Agent the Rambler              St:11 Dx:9 Co:18 In:13 Wi:8 Ch:16 Neutral S:1    
Dlvl:1 $:709 HP:10(10) Pw:2(2) AC:10 Xp:1/0 T:66                                

",0.0,False
365,west,,"message:
It's a wall.

language observation:
gold piece far east
doorway far east
tame kitten near east
gold piece near eastsoutheast
stairs up near eastsoutheast
horizontal wall near southeast
horizontal closed door near south
dark area near south
horizontal wall adjacent north and northeast
vertical wall adjacent southwest and west
northwest room corner adjacent northwest

cursor:
Yourself a tourist
(x=11, y=3)

map:
                                                                                
          ---------                                                             
          |@...f...###$                                                         
          |.......|   #                                                         
          |....$<..                                                             
          -+-------                                                             
                                                                                
                                                                                
                                                                                
                                                                                
                                                                                
                                                                                
                                                                                
                                                                                
                                                                                
                                                                                
                                                                                
                                                                                
                                                                                
                                                                                
                                                                                
Agent the Rambler              St:11 Dx:9 Co:18 In:13 Wi:8 Ch:16 Neutral S:1    
Dlvl:1 $:709 HP:10(10) Pw:2(2) AC:10 Xp:1/0 T:66                                

",0.0,False
366,west,,"message:
It's a wall.

language observation:
gold piece far east
doorway far east
tame kitten near east
gold piece near eastsoutheast
stairs up near eastsoutheast
horizontal wall near southeast
horizontal closed door near south
dark area near south
horizontal wall adjacent north and northeast
vertical wall adjacent southwest and west
northwest room corner adjacent northwest

cursor:
Yourself a tourist
(x=11, y=3)

map:
                                                                                
          ---------                                                             
          |@...f...###$                                                         
          |.......|   #                                                         
          |....$<..                                                             
          -+-------                                                             
                                                                                
                                                                                
                                                                                
                                                                                
                                                                                
                                                                                
                                                                                
                                                                                
                                                                                
                                                                                
                                                                                
                                                                                
                                                                                
                                                                                
                                                                                
Agent the Rambler              St:11 Dx:9 Co:18 In:13 Wi:8 Ch:16 Neutral S:1    
Dlvl:1 $:709 HP:10(10) Pw:2(2) AC:10 Xp:1/0 T:66                                

",0.0,False
367,west,,"message:
It's a wall.

language observation:
gold piece far east
doorway far east
tame kitten near east
gold piece near eastsoutheast
stairs up near eastsoutheast
horizontal wall near southeast
horizontal closed door near south
dark area near south
horizontal wall adjacent north and northeast
vertical wall adjacent southwest and west
northwest room corner adjacent northwest

cursor:
Yourself a tourist
(x=11, y=3)

map:
                                                                                
          ---------                                                             
          |@...f...###$                                                         
          |.......|   #                                                         
          |....$<..                                                             
          -+-------                                                             
                                                                                
                                                                                
                                                                                
                                                                                
                                                                                
                                                                                
                                                                                
                                                                                
                                                                                
                                                                                
                                                                                
                                                                                
                                                                                
                                                                                
                                                                                
Agent the Rambler              St:11 Dx:9 Co:18 In:13 Wi:8 Ch:16 Neutral S:1    
Dlvl:1 $:709 HP:10(10) Pw:2(2) AC:10 Xp:1/0 T:66                                

",0.0,False
368,west,,"message:
It's a wall.

language observation:
gold piece far east
doorway far east
tame kitten near east
gold piece near eastsoutheast
stairs up near eastsoutheast
horizontal wall near southeast
horizontal closed door near south
dark area near south
horizontal wall adjacent north and northeast
vertical wall adjacent southwest and west
northwest room corner adjacent northwest

cursor:
Yourself a tourist
(x=11, y=3)

map:
                                                                                
          ---------                                                             
          |@...f...###$                                                         
          |.......|   #                                                         
          |....$<..                                                             
          -+-------                                                             
                                                                                
                                                                                
                                                                                
                                                                                
                                                                                
                                                                                
                                                                                
                                                                                
                                                                                
                                                                                
                                                                                
                                                                                
                                                                                
                                                                                
                                                                                
Agent the Rambler              St:11 Dx:9 Co:18 In:13 Wi:8 Ch:16 Neutral S:1    
Dlvl:1 $:709 HP:10(10) Pw:2(2) AC:10 Xp:1/0 T:66                                

",0.0,False
369,west,,"message:
It's a wall.

language observation:
gold piece far east
doorway far east
tame kitten near east
gold piece near eastsoutheast
stairs up near eastsoutheast
horizontal wall near southeast
horizontal closed door near south
dark area near south
horizontal wall adjacent north and northeast
vertical wall adjacent southwest and west
northwest room corner adjacent northwest

cursor:
Yourself a tourist
(x=11, y=3)

map:
                                                                                
          ---------                                                             
          |@...f...###$                                                         
          |.......|   #                                                         
          |....$<..                                                             
          -+-------                                                             
                                                                                
                                                                                
                                                                                
                                                                                
                                                                                
                                                                                
                                                                                
                                                                                
                                                                                
                                                                                
                                                                                
                                                                                
                                                                                
                                                                                
                                                                                
Agent the Rambler              St:11 Dx:9 Co:18 In:13 Wi:8 Ch:16 Neutral S:1    
Dlvl:1 $:709 HP:10(10) Pw:2(2) AC:10 Xp:1/0 T:66                                

",0.0,False
370,west,,"message:
It's a wall.

language observation:
gold piece far east
doorway far east
tame kitten near east
gold piece near eastsoutheast
stairs up near eastsoutheast
horizontal wall near southeast
horizontal closed door near south
dark area near south
horizontal wall adjacent north and northeast
vertical wall adjacent southwest and west
northwest room corner adjacent northwest

cursor:
Yourself a tourist
(x=11, y=3)

map:
                                                                                
          ---------                                                             
          |@...f...###$                                                         
          |.......|   #                                                         
          |....$<..                                                             
          -+-------                                                             
                                                                                
                                                                                
                                                                                
                                                                                
                                                                                
                                                                                
                                                                                
                                                                                
                                                                                
                                                                                
                                                                                
                                                                                
                                                                                
                                                                                
                                                                                
Agent the Rambler              St:11 Dx:9 Co:18 In:13 Wi:8 Ch:16 Neutral S:1    
Dlvl:1 $:709 HP:10(10) Pw:2(2) AC:10 Xp:1/0 T:66                                

",0.0,False
371,west,,"message:
 
You made the top ten list!
No  Points     Name
Hp [max]
1          1  Agent-Tou-Hum-Fem-Neu quit in The Dunge
eons of Doom on
level 1.
10  [10]


language observation:
dark area adjacent east, southeast, and south

cursor:
very far eastsoutheast 
(x=23, y=9)

map:
You made the top ten list!                                                      
                                                                                
                           No  Points     Name                                  
                 Hp [max]                                                       
                           1          1  Agent-Tou-Hum-Fem-Neu quit in The Dunge
ons of Doom on                                                                  
                                        level 1.                                
               10  [10]                                                         
                                                                                
                                                                                
                                                                                
                                                                                
                                                                                
                                                                                
                                                                                
                                                                                
                                                                                
                                                                                
                                                                                
                                                                                
                                                                                
                                                                                
                                                                                

",0.0,True
