Step,Action,Reasoning,Observation,Reward,Done
0,search,,"message:


language observation:
horizontal wall very near north, northeast, and south
vertical wall very near east and west
southeast corner very near southeast
southwest corner very near southwest
northwest room corner very near northwest

cursor:
Yourself a knight
(x=22, y=12)

map:
                                                                                
                                                                                
                                                                                
                                                                                
                                                                                
                                                                                
                                                                                
                                                                                
                                                                                
                    -----                                                       
                    |....##                                                     
                    |.@.|                                                       
                    |...|                                                       
                    -----                                                       
                                                                                
                                                                                
                                                                                
                                                                                
                                                                                
                                                                                
                                                                                
Agent the Gallant              St:15 Dx:8 Co:12 In:12 Wi:14 Ch:18 Lawful S:0    
Dlvl:1 $:0 HP:16(16) Pw:5(5) AC:3 Xp:1/0                                        

",0.0,False
1,north,,"message:


language observation:
dark area near east
horizontal wall near south
vertical wall very near southeast, southwest, and west
horizontal wall adjacent north, northeast, and northwest
horn adjacent south

cursor:
Yourself a knight
(x=22, y=11)

map:
                                                                                
                                                                                
                                                                                
                                                                                
                                                                                
                                                                                
                                                                                
                                                                                
                                                                                
                    -----                                                       
                    |.@..##                                                     
                    |.(.|                                                       
                    |...|                                                       
                    -----                                                       
                                                                                
                                                                                
                                                                                
                                                                                
                                                                                
                                                                                
                                                                                
Agent the Gallant              St:15 Dx:8 Co:12 In:12 Wi:14 Ch:18 Lawful S:0    
Dlvl:1 $:0 HP:16(16) Pw:5(5) AC:3 Xp:1/0                                        

",0.0,False
2,south,,"message:


language observation:
horizontal wall very near north, northeast, and south
vertical wall very near east and west
southeast corner very near southeast
southwest corner very near southwest
northwest room corner very near northwest

cursor:
Yourself a knight
(x=22, y=12)

map:
                                                                                
                                                                                
                                                                                
                                                                                
                                                                                
                                                                                
                                                                                
                                                                                
                                                                                
                    -----                                                       
                    |....##                                                     
                    |.@.|                                                       
                    |...|                                                       
                    -----                                                       
                                                                                
                                                                                
                                                                                
                                                                                
                                                                                
                                                                                
                                                                                
Agent the Gallant              St:15 Dx:8 Co:12 In:12 Wi:14 Ch:18 Lawful S:0    
Dlvl:1 $:0 HP:16(16) Pw:5(5) AC:3 Xp:1/0                                        

",0.0,False
3,north,,"message:


language observation:
dark area near east
horizontal wall near south
vertical wall very near southeast, southwest, and west
horizontal wall adjacent north, northeast, and northwest
horn adjacent south

cursor:
Yourself a knight
(x=22, y=11)

map:
                                                                                
                                                                                
                                                                                
                                                                                
                                                                                
                                                                                
                                                                                
                                                                                
                                                                                
                    -----                                                       
                    |.@..##                                                     
                    |.(.|                                                       
                    |...|                                                       
                    -----                                                       
                                                                                
                                                                                
                                                                                
                                                                                
                                                                                
                                                                                
                                                                                
Agent the Gallant              St:15 Dx:8 Co:12 In:12 Wi:14 Ch:18 Lawful S:0    
Dlvl:1 $:0 HP:16(16) Pw:5(5) AC:3 Xp:1/0                                        

",0.0,False
4,northeast,,"message:
It's a wall.

language observation:
dark area near east
horizontal wall near south
vertical wall very near southeast, southwest, and west
horizontal wall adjacent north, northeast, and northwest
horn adjacent south

cursor:
Yourself a knight
(x=22, y=11)

map:
                                                                                
                                                                                
                                                                                
                                                                                
                                                                                
                                                                                
                                                                                
                                                                                
                                                                                
                    -----                                                       
                    |.@..##                                                     
                    |.(.|                                                       
                    |...|                                                       
                    -----                                                       
                                                                                
                                                                                
                                                                                
                                                                                
                                                                                
                                                                                
                                                                                
Agent the Gallant              St:15 Dx:8 Co:12 In:12 Wi:14 Ch:18 Lawful S:0    
Dlvl:1 $:0 HP:16(16) Pw:5(5) AC:3 Xp:1/0                                        

",-0.01,False
5,east,,"message:


language observation:
dark area near east
horizontal wall near south
southwest corner near southwest
vertical wall near west
horizontal wall adjacent north, northeast, and northwest
vertical wall adjacent southeast
horn adjacent southwest

cursor:
Yourself a knight
(x=23, y=11)

map:
                                                                                
                                                                                
                                                                                
                                                                                
                                                                                
                                                                                
                                                                                
                                                                                
                                                                                
                    -----                                                       
                    |..@.##                                                     
                    |.(.|                                                       
                    |...|                                                       
                    -----                                                       
                                                                                
                                                                                
                                                                                
                                                                                
                                                                                
                                                                                
                                                                                
Agent the Gallant              St:15 Dx:8 Co:12 In:12 Wi:14 Ch:18 Lawful S:0    
Dlvl:1 $:0 HP:16(16) Pw:5(5) AC:3 Xp:1/0                                        

",0.0,False
6,east,,"message:


language observation:
dark area near east
horizontal wall near southwest
vertical wall near west
horn very near westsouthwest
horizontal wall adjacent north and northwest
dark area adjacent northeast and southeast
vertical wall adjacent south

cursor:
Yourself a knight
(x=24, y=11)

map:
                                                                                
                                                                                
                                                                                
                                                                                
                                                                                
                                                                                
                                                                                
                                                                                
                                                                                
                    -----                                                       
                    |...@##                                                     
                    |.(.|                                                       
                    |...|                                                       
                    -----                                                       
                                                                                
                                                                                
                                                                                
                                                                                
                                                                                
                                                                                
                                                                                
Agent the Gallant              St:15 Dx:8 Co:12 In:12 Wi:14 Ch:18 Lawful S:0    
Dlvl:1 $:0 HP:16(16) Pw:5(5) AC:3 Xp:1/0                                        

",0.0,False
7,east,,"message:


language observation:
dark area near southeast
horn near westsouthwest
vertical wall near west
dark area very near east
dark area adjacent north, northeast, and south
vertical wall adjacent southwest
horizontal wall adjacent northwest

cursor:
Yourself a knight
(x=25, y=11)

map:
                                                                                
                                                                                
                                                                                
                                                                                
                                                                                
                                                                                
                                                                                
                                                                                
                                                                                
                    -----                                                       
                    |....@#                                                     
                    |.(.| #                                                     
                    |...| ##                                                    
                    -----                                                       
                                                                                
                                                                                
                                                                                
                                                                                
                                                                                
                                                                                
                                                                                
Agent the Gallant              St:15 Dx:8 Co:12 In:12 Wi:14 Ch:18 Lawful S:0    
Dlvl:1 $:0 HP:16(16) Pw:5(5) AC:3 Xp:1/0                                        

",0.0,False
8,east,,"message:


language observation:
vertical wall far west
dark area near south
horn near westsouthwest
dark area adjacent north, northeast, east, southeast, southwest, and northwest

cursor:
Yourself a knight
(x=26, y=11)

map:
                                                                                
                                                                                
                                                                                
                                                                                
                                                                                
                                                                                
                                                                                
                                                                                
                                                                                
                    -----                                                       
                    |....#@                                                     
                    |.(.| #                                                     
                    |...| ##                                                    
                    -----                                                       
                                                                                
                                                                                
                                                                                
                                                                                
                                                                                
                                                                                
                                                                                
Agent the Gallant              St:15 Dx:8 Co:12 In:12 Wi:14 Ch:18 Lawful S:0    
Dlvl:1 $:0 HP:16(16) Pw:5(5) AC:3 Xp:1/0                                        

",0.0,False
9,search,,"message:


language observation:
vertical wall far west
dark area near south
horn near westsouthwest
dark area adjacent north, northeast, east, southeast, southwest, and northwest

cursor:
Yourself a knight
(x=26, y=11)

map:
                                                                                
                                                                                
                                                                                
                                                                                
                                                                                
                                                                                
                                                                                
                                                                                
                                                                                
                    -----                                                       
                    |....#@                                                     
                    |.(.| #                                                     
                    |...| ##                                                    
                    -----                                                       
                                                                                
                                                                                
                                                                                
                                                                                
                                                                                
                                                                                
                                                                                
Agent the Gallant              St:15 Dx:8 Co:12 In:12 Wi:14 Ch:18 Lawful S:0    
Dlvl:1 $:0 HP:16(16) Pw:5(5) AC:3 Xp:1/0                                        

",0.0,False
10,north,,"message:
It's solid stone.

language observation:
vertical wall far west
dark area near south
horn near westsouthwest
dark area adjacent north, northeast, east, southeast, southwest, and northwest

cursor:
Yourself a knight
(x=26, y=11)

map:
                                                                                
                                                                                
                                                                                
                                                                                
                                                                                
                                                                                
                                                                                
                                                                                
                                                                                
                    -----                                                       
                    |....#@                                                     
                    |.(.| #                                                     
                    |...| ##                                                    
                    -----                                                       
                                                                                
                                                                                
                                                                                
                                                                                
                                                                                
                                                                                
                                                                                
Agent the Gallant              St:15 Dx:8 Co:12 In:12 Wi:14 Ch:18 Lawful S:0    
Dlvl:1 $:0 HP:16(16) Pw:5(5) AC:3 Xp:1/0                                        

",-0.01,False
11,south,,"message:


language observation:
horn near west
dark area very near north, southeast, and south
horizontal wall very near northwest
dark area adjacent northeast, east, southwest, and west

cursor:
Yourself a knight
(x=26, y=12)

map:
                                                                                
                                                                                
                                                                                
                                                                                
                                                                                
                                                                                
                                                                                
                                                                                
                                                                                
                    -----                                                       
                    |....##                                                     
                    |.(.| @                                                     
                    |...| ##                                                    
                    -----                                                       
                                                                                
                                                                                
                                                                                
                                                                                
                                                                                
                                                                                
                                                                                
Agent the Gallant              St:15 Dx:8 Co:12 In:12 Wi:14 Ch:18 Lawful S:0    
Dlvl:1 $:0 HP:16(16) Pw:5(5) AC:3 Xp:1/0                                        

",0.0,False
12,west,,"message:
It's solid stone.

language observation:
horn near west
dark area very near north, southeast, and south
horizontal wall very near northwest
dark area adjacent northeast, east, southwest, and west

cursor:
Yourself a knight
(x=26, y=12)

map:
                                                                                
                                                                                
                                                                                
                                                                                
                                                                                
                                                                                
                                                                                
                                                                                
                                                                                
                    -----                                                       
                    |....##                                                     
                    |.(.| @                                                     
                    |...| ##                                                    
                    -----                                                       
                                                                                
                                                                                
                                                                                
                                                                                
                                                                                
                                                                                
                                                                                
Agent the Gallant              St:15 Dx:8 Co:12 In:12 Wi:14 Ch:18 Lawful S:0    
Dlvl:1 $:0 HP:16(16) Pw:5(5) AC:3 Xp:1/0                                        

",-0.01,False
13,west,,"message:
It's solid stone.

language observation:
horn near west
dark area very near north, southeast, and south
horizontal wall very near northwest
dark area adjacent northeast, east, southwest, and west

cursor:
Yourself a knight
(x=26, y=12)

map:
                                                                                
                                                                                
                                                                                
                                                                                
                                                                                
                                                                                
                                                                                
                                                                                
                                                                                
                    -----                                                       
                    |....##                                                     
                    |.(.| @                                                     
                    |...| ##                                                    
                    -----                                                       
                                                                                
                                                                                
                                                                                
                                                                                
                                                                                
                                                                                
                                                                                
Agent the Gallant              St:15 Dx:8 Co:12 In:12 Wi:14 Ch:18 Lawful S:0    
Dlvl:1 $:0 HP:16(16) Pw:5(5) AC:3 Xp:1/0                                        

",-0.01,False
14,north,,"message:


language observation:
vertical wall far west
dark area near south
horn near westsouthwest
dark area adjacent north, northeast, east, southeast, southwest, and northwest

cursor:
Yourself a knight
(x=26, y=11)

map:
                                                                                
                                                                                
                                                                                
                                                                                
                                                                                
                                                                                
                                                                                
                                                                                
                                                                                
                    -----                                                       
                    |....#@                                                     
                    |.(.| #                                                     
                    |...| ##                                                    
                    -----                                                       
                                                                                
                                                                                
                                                                                
                                                                                
                                                                                
                                                                                
                                                                                
Agent the Gallant              St:15 Dx:8 Co:12 In:12 Wi:14 Ch:18 Lawful S:0    
Dlvl:1 $:0 HP:16(16) Pw:5(5) AC:3 Xp:1/0                                        

",0.0,False
15,south,,"message:


language observation:
horn near west
dark area very near north, southeast, and south
horizontal wall very near northwest
dark area adjacent northeast, east, southwest, and west

cursor:
Yourself a knight
(x=26, y=12)

map:
                                                                                
                                                                                
                                                                                
                                                                                
                                                                                
                                                                                
                                                                                
                                                                                
                                                                                
                    -----                                                       
                    |....##                                                     
                    |.(.| @                                                     
                    |...| ##                                                    
                    -----                                                       
                                                                                
                                                                                
                                                                                
                                                                                
                                                                                
                                                                                
                                                                                
Agent the Gallant              St:15 Dx:8 Co:12 In:12 Wi:14 Ch:18 Lawful S:0    
Dlvl:1 $:0 HP:16(16) Pw:5(5) AC:3 Xp:1/0                                        

",0.0,False
16,west,,"message:
It's solid stone.

language observation:
horn near west
dark area very near north, southeast, and south
horizontal wall very near northwest
dark area adjacent northeast, east, southwest, and west

cursor:
Yourself a knight
(x=26, y=12)

map:
                                                                                
                                                                                
                                                                                
                                                                                
                                                                                
                                                                                
                                                                                
                                                                                
                                                                                
                    -----                                                       
                    |....##                                                     
                    |.(.| @                                                     
                    |...| ##                                                    
                    -----                                                       
                                                                                
                                                                                
                                                                                
                                                                                
                                                                                
                                                                                
                                                                                
Agent the Gallant              St:15 Dx:8 Co:12 In:12 Wi:14 Ch:18 Lawful S:0    
Dlvl:1 $:0 HP:16(16) Pw:5(5) AC:3 Xp:1/0                                        

",-0.01,False
17,west,,"message:
It's solid stone.

language observation:
horn near west
dark area very near north, southeast, and south
horizontal wall very near northwest
dark area adjacent northeast, east, southwest, and west

cursor:
Yourself a knight
(x=26, y=12)

map:
                                                                                
                                                                                
                                                                                
                                                                                
                                                                                
                                                                                
                                                                                
                                                                                
                                                                                
                    -----                                                       
                    |....##                                                     
                    |.(.| @                                                     
                    |...| ##                                                    
                    -----                                                       
                                                                                
                                                                                
                                                                                
                                                                                
                                                                                
                                                                                
                                                                                
Agent the Gallant              St:15 Dx:8 Co:12 In:12 Wi:14 Ch:18 Lawful S:0    
Dlvl:1 $:0 HP:16(16) Pw:5(5) AC:3 Xp:1/0                                        

",-0.01,False
18,northwest,,"message:


language observation:
dark area near southeast
horn near westsouthwest
vertical wall near west
dark area very near east
dark area adjacent north, northeast, and south
vertical wall adjacent southwest
horizontal wall adjacent northwest

cursor:
Yourself a knight
(x=25, y=11)

map:
                                                                                
                                                                                
                                                                                
                                                                                
                                                                                
                                                                                
                                                                                
                                                                                
                                                                                
                    -----                                                       
                    |....@#                                                     
                    |.(.| #                                                     
                    |...| ##                                                    
                    -----                                                       
                                                                                
                                                                                
                                                                                
                                                                                
                                                                                
                                                                                
                                                                                
Agent the Gallant              St:15 Dx:8 Co:12 In:12 Wi:14 Ch:18 Lawful S:0    
Dlvl:1 $:0 HP:16(16) Pw:5(5) AC:3 Xp:1/0                                        

",0.0,False
19,southwest,,"message:
It's a wall.

language observation:
dark area near southeast
horn near westsouthwest
vertical wall near west
dark area very near east
dark area adjacent north, northeast, and south
vertical wall adjacent southwest
horizontal wall adjacent northwest

cursor:
Yourself a knight
(x=25, y=11)

map:
                                                                                
                                                                                
                                                                                
                                                                                
                                                                                
                                                                                
                                                                                
                                                                                
                                                                                
                    -----                                                       
                    |....@#                                                     
                    |.(.| #                                                     
                    |...| ##                                                    
                    -----                                                       
                                                                                
                                                                                
                                                                                
                                                                                
                                                                                
                                                                                
                                                                                
Agent the Gallant              St:15 Dx:8 Co:12 In:12 Wi:14 Ch:18 Lawful S:0    
Dlvl:1 $:0 HP:16(16) Pw:5(5) AC:3 Xp:1/0                                        

",-0.01,False
20,west,,"message:


language observation:
dark area near east
horizontal wall near southwest
vertical wall near west
horn very near westsouthwest
horizontal wall adjacent north and northwest
dark area adjacent northeast and southeast
vertical wall adjacent south

cursor:
Yourself a knight
(x=24, y=11)

map:
                                                                                
                                                                                
                                                                                
                                                                                
                                                                                
                                                                                
                                                                                
                                                                                
                                                                                
                    -----                                                       
                    |...@##                                                     
                    |.(.| #                                                     
                    |...| ##                                                    
                    -----                                                       
                                                                                
                                                                                
                                                                                
                                                                                
                                                                                
                                                                                
                                                                                
Agent the Gallant              St:15 Dx:8 Co:12 In:12 Wi:14 Ch:18 Lawful S:0    
Dlvl:1 $:0 HP:16(16) Pw:5(5) AC:3 Xp:1/0                                        

",0.0,False
21,west,,"message:


language observation:
dark area near east
horizontal wall near south
southwest corner near southwest
vertical wall near west
horizontal wall adjacent north, northeast, and northwest
vertical wall adjacent southeast
horn adjacent southwest

cursor:
Yourself a knight
(x=23, y=11)

map:
                                                                                
                                                                                
                                                                                
                                                                                
                                                                                
                                                                                
                                                                                
                                                                                
                                                                                
                    -----                                                       
                    |..@.##                                                     
                    |.(.| #                                                     
                    |...| ##                                                    
                    -----                                                       
                                                                                
                                                                                
                                                                                
                                                                                
                                                                                
                                                                                
                                                                                
Agent the Gallant              St:15 Dx:8 Co:12 In:12 Wi:14 Ch:18 Lawful S:0    
Dlvl:1 $:0 HP:16(16) Pw:5(5) AC:3 Xp:1/0                                        

",0.0,False
22,west,,"message:


language observation:
dark area near east
horizontal wall near south
vertical wall very near southeast, southwest, and west
horizontal wall adjacent north, northeast, and northwest
horn adjacent south

cursor:
Yourself a knight
(x=22, y=11)

map:
                                                                                
                                                                                
                                                                                
                                                                                
                                                                                
                                                                                
                                                                                
                                                                                
                                                                                
                    -----                                                       
                    |.@..##                                                     
                    |.(.| #                                                     
                    |...| ##                                                    
                    -----                                                       
                                                                                
                                                                                
                                                                                
                                                                                
                                                                                
                                                                                
                                                                                
Agent the Gallant              St:15 Dx:8 Co:12 In:12 Wi:14 Ch:18 Lawful S:0    
Dlvl:1 $:0 HP:16(16) Pw:5(5) AC:3 Xp:1/0                                        

",0.0,False
23,west,,"message:


language observation:
dark area far east
southeast corner near southeast
horizontal wall near south
horizontal wall adjacent north and northeast
horn adjacent southeast
vertical wall adjacent southwest and west
northwest room corner adjacent northwest

cursor:
Yourself a knight
(x=21, y=11)

map:
                                                                                
                                                                                
                                                                                
                                                                                
                                                                                
                                                                                
                                                                                
                                                                                
                                                                                
                    -----                                                       
                    |@...##                                                     
                    |.(.| #                                                     
                    |...| ##                                                    
                    -----                                                       
                                                                                
                                                                                
                                                                                
                                                                                
                                                                                
                                                                                
                                                                                
Agent the Gallant              St:15 Dx:8 Co:12 In:12 Wi:14 Ch:18 Lawful S:0    
Dlvl:1 $:0 HP:16(16) Pw:5(5) AC:3 Xp:1/0                                        

",0.0,False
24,west,,"message:
It's a wall.

language observation:
dark area far east
southeast corner near southeast
horizontal wall near south
horizontal wall adjacent north and northeast
horn adjacent southeast
vertical wall adjacent southwest and west
northwest room corner adjacent northwest

cursor:
Yourself a knight
(x=21, y=11)

map:
                                                                                
                                                                                
                                                                                
                                                                                
                                                                                
                                                                                
                                                                                
                                                                                
                                                                                
                    -----                                                       
                    |@...##                                                     
                    |.(.| #                                                     
                    |...| ##                                                    
                    -----                                                       
                                                                                
                                                                                
                                                                                
                                                                                
                                                                                
                                                                                
                                                                                
Agent the Gallant              St:15 Dx:8 Co:12 In:12 Wi:14 Ch:18 Lawful S:0    
Dlvl:1 $:0 HP:16(16) Pw:5(5) AC:3 Xp:1/0                                        

",-0.01,False
25,south,,"message:


language observation:
vertical wall near east
horizontal wall very near north, northeast, southeast, and south
horn adjacent east
vertical wall adjacent southwest, west, and northwest

cursor:
Yourself a knight
(x=21, y=12)

map:
                                                                                
                                                                                
                                                                                
                                                                                
                                                                                
                                                                                
                                                                                
                                                                                
                                                                                
                    -----                                                       
                    |....##                                                     
                    |@(.| #                                                     
                    |...| ##                                                    
                    -----                                                       
                                                                                
                                                                                
                                                                                
                                                                                
                                                                                
                                                                                
                                                                                
Agent the Gallant              St:15 Dx:8 Co:12 In:12 Wi:14 Ch:18 Lawful S:0    
Dlvl:1 $:0 HP:16(16) Pw:5(5) AC:3 Xp:1/0                                        

",0.0,False
26,south,,"message:


language observation:
horizontal wall near north and northeast
vertical wall near east
horn adjacent northeast
horizontal wall adjacent southeast and south
southwest corner adjacent southwest
vertical wall adjacent west and northwest

cursor:
Yourself a knight
(x=21, y=13)

map:
                                                                                
                                                                                
                                                                                
                                                                                
                                                                                
                                                                                
                                                                                
                                                                                
                                                                                
                    -----                                                       
                    |....##                                                     
                    |.(.| #                                                     
                    |@..| ##                                                    
                    -----                                                       
                                                                                
                                                                                
                                                                                
                                                                                
                                                                                
                                                                                
                                                                                
Agent the Gallant              St:15 Dx:8 Co:12 In:12 Wi:14 Ch:18 Lawful S:0    
Dlvl:1 $:0 HP:16(16) Pw:5(5) AC:3 Xp:1/0                                        

",0.0,False
27,south,,"message:
It's a wall.

language observation:
horizontal wall near north and northeast
vertical wall near east
horn adjacent northeast
horizontal wall adjacent southeast and south
southwest corner adjacent southwest
vertical wall adjacent west and northwest

cursor:
Yourself a knight
(x=21, y=13)

map:
                                                                                
                                                                                
                                                                                
                                                                                
                                                                                
                                                                                
                                                                                
                                                                                
                                                                                
                    -----                                                       
                    |....##                                                     
                    |.(.| #                                                     
                    |@..| ##                                                    
                    -----                                                       
                                                                                
                                                                                
                                                                                
                                                                                
                                                                                
                                                                                
                                                                                
Agent the Gallant              St:15 Dx:8 Co:12 In:12 Wi:14 Ch:18 Lawful S:0    
Dlvl:1 $:0 HP:16(16) Pw:5(5) AC:3 Xp:1/0                                        

",-0.01,False
28,north,,"message:


language observation:
vertical wall near east
horizontal wall very near north, northeast, southeast, and south
horn adjacent east
vertical wall adjacent southwest, west, and northwest

cursor:
Yourself a knight
(x=21, y=12)

map:
                                                                                
                                                                                
                                                                                
                                                                                
                                                                                
                                                                                
                                                                                
                                                                                
                                                                                
                    -----                                                       
                    |....##                                                     
                    |@(.| #                                                     
                    |...| ##                                                    
                    -----                                                       
                                                                                
                                                                                
                                                                                
                                                                                
                                                                                
                                                                                
                                                                                
Agent the Gallant              St:15 Dx:8 Co:12 In:12 Wi:14 Ch:18 Lawful S:0    
Dlvl:1 $:0 HP:16(16) Pw:5(5) AC:3 Xp:1/0                                        

",0.0,False
29,east,,"message:


language observation:
horizontal wall very near north, northeast, and south
vertical wall very near east and west
southeast corner very near southeast
southwest corner very near southwest
northwest room corner very near northwest

cursor:
Yourself a knight
(x=22, y=12)

map:
                                                                                
                                                                                
                                                                                
                                                                                
                                                                                
                                                                                
                                                                                
                                                                                
                                                                                
                    -----                                                       
                    |....##                                                     
                    |.@.| #                                                     
                    |...| ##                                                    
                    -----                                                       
                                                                                
                                                                                
                                                                                
                                                                                
                                                                                
                                                                                
                                                                                
Agent the Gallant              St:15 Dx:8 Co:12 In:12 Wi:14 Ch:18 Lawful S:0    
Dlvl:1 $:0 HP:16(16) Pw:5(5) AC:3 Xp:1/0                                        

",0.0,False
30,east,,"message:


language observation:
vertical wall near west
horizontal wall very near north, south, southwest, and northwest
dark area very near northeast
vertical wall adjacent east and southeast
horn adjacent west

cursor:
Yourself a knight
(x=23, y=12)

map:
                                                                                
                                                                                
                                                                                
                                                                                
                                                                                
                                                                                
                                                                                
                                                                                
                                                                                
                    -----                                                       
                    |....##                                                     
                    |.(@| #                                                     
                    |...| ##                                                    
                    -----                                                       
                                                                                
                                                                                
                                                                                
                                                                                
                                                                                
                                                                                
                                                                                
Agent the Gallant              St:15 Dx:8 Co:12 In:12 Wi:14 Ch:18 Lawful S:0    
Dlvl:1 $:0 HP:16(16) Pw:5(5) AC:3 Xp:1/0                                        

",0.0,False
31,east,,"message:
It's a wall.

language observation:
vertical wall near west
horizontal wall very near north, south, southwest, and northwest
dark area very near northeast
vertical wall adjacent east and southeast
horn adjacent west

cursor:
Yourself a knight
(x=23, y=12)

map:
                                                                                
                                                                                
                                                                                
                                                                                
                                                                                
                                                                                
                                                                                
                                                                                
                                                                                
                    -----                                                       
                    |....##                                                     
                    |.(@| #                                                     
                    |...| ##                                                    
                    -----                                                       
                                                                                
                                                                                
                                                                                
                                                                                
                                                                                
                                                                                
                                                                                
Agent the Gallant              St:15 Dx:8 Co:12 In:12 Wi:14 Ch:18 Lawful S:0    
Dlvl:1 $:0 HP:16(16) Pw:5(5) AC:3 Xp:1/0                                        

",-0.01,False
32,north,,"message:


language observation:
dark area near east
horizontal wall near south
southwest corner near southwest
vertical wall near west
horizontal wall adjacent north, northeast, and northwest
vertical wall adjacent southeast
horn adjacent southwest

cursor:
Yourself a knight
(x=23, y=11)

map:
                                                                                
                                                                                
                                                                                
                                                                                
                                                                                
                                                                                
                                                                                
                                                                                
                                                                                
                    -----                                                       
                    |..@.##                                                     
                    |.(.| #                                                     
                    |...| ##                                                    
                    -----                                                       
                                                                                
                                                                                
                                                                                
                                                                                
                                                                                
                                                                                
                                                                                
Agent the Gallant              St:15 Dx:8 Co:12 In:12 Wi:14 Ch:18 Lawful S:0    
Dlvl:1 $:0 HP:16(16) Pw:5(5) AC:3 Xp:1/0                                        

",0.0,False
33,east,,"message:


language observation:
dark area near east
horizontal wall near southwest
vertical wall near west
horn very near westsouthwest
horizontal wall adjacent north and northwest
dark area adjacent northeast and southeast
vertical wall adjacent south

cursor:
Yourself a knight
(x=24, y=11)

map:
                                                                                
                                                                                
                                                                                
                                                                                
                                                                                
                                                                                
                                                                                
                                                                                
                                                                                
                    -----                                                       
                    |...@##                                                     
                    |.(.| #                                                     
                    |...| ##                                                    
                    -----                                                       
                                                                                
                                                                                
                                                                                
                                                                                
                                                                                
                                                                                
                                                                                
Agent the Gallant              St:15 Dx:8 Co:12 In:12 Wi:14 Ch:18 Lawful S:0    
Dlvl:1 $:0 HP:16(16) Pw:5(5) AC:3 Xp:1/0                                        

",0.0,False
34,east,,"message:


language observation:
dark area near southeast
horn near westsouthwest
vertical wall near west
dark area very near east
dark area adjacent north, northeast, and south
vertical wall adjacent southwest
horizontal wall adjacent northwest

cursor:
Yourself a knight
(x=25, y=11)

map:
                                                                                
                                                                                
                                                                                
                                                                                
                                                                                
                                                                                
                                                                                
                                                                                
                                                                                
                    -----                                                       
                    |....@#                                                     
                    |.(.| #                                                     
                    |...| ##                                                    
                    -----                                                       
                                                                                
                                                                                
                                                                                
                                                                                
                                                                                
                                                                                
                                                                                
Agent the Gallant              St:15 Dx:8 Co:12 In:12 Wi:14 Ch:18 Lawful S:0    
Dlvl:1 $:0 HP:16(16) Pw:5(5) AC:3 Xp:1/0                                        

",0.0,False
35,east,,"message:


language observation:
vertical wall far west
dark area near south
horn near westsouthwest
dark area adjacent north, northeast, east, southeast, southwest, and northwest

cursor:
Yourself a knight
(x=26, y=11)

map:
                                                                                
                                                                                
                                                                                
                                                                                
                                                                                
                                                                                
                                                                                
                                                                                
                                                                                
                    -----                                                       
                    |....#@                                                     
                    |.(.| #                                                     
                    |...| ##                                                    
                    -----                                                       
                                                                                
                                                                                
                                                                                
                                                                                
                                                                                
                                                                                
                                                                                
Agent the Gallant              St:15 Dx:8 Co:12 In:12 Wi:14 Ch:18 Lawful S:0    
Dlvl:1 $:0 HP:16(16) Pw:5(5) AC:3 Xp:1/0                                        

",0.0,False
36,east,,"message:
It's solid stone.

language observation:
vertical wall far west
dark area near south
horn near westsouthwest
dark area adjacent north, northeast, east, southeast, southwest, and northwest

cursor:
Yourself a knight
(x=26, y=11)

map:
                                                                                
                                                                                
                                                                                
                                                                                
                                                                                
                                                                                
                                                                                
                                                                                
                                                                                
                    -----                                                       
                    |....#@                                                     
                    |.(.| #                                                     
                    |...| ##                                                    
                    -----                                                       
                                                                                
                                                                                
                                                                                
                                                                                
                                                                                
                                                                                
                                                                                
Agent the Gallant              St:15 Dx:8 Co:12 In:12 Wi:14 Ch:18 Lawful S:0    
Dlvl:1 $:0 HP:16(16) Pw:5(5) AC:3 Xp:1/0                                        

",-0.01,False
37,north,,"message:
It's solid stone.

language observation:
vertical wall far west
dark area near south
horn near westsouthwest
dark area adjacent north, northeast, east, southeast, southwest, and northwest

cursor:
Yourself a knight
(x=26, y=11)

map:
                                                                                
                                                                                
                                                                                
                                                                                
                                                                                
                                                                                
                                                                                
                                                                                
                                                                                
                    -----                                                       
                    |....#@                                                     
                    |.(.| #                                                     
                    |...| ##                                                    
                    -----                                                       
                                                                                
                                                                                
                                                                                
                                                                                
                                                                                
                                                                                
                                                                                
Agent the Gallant              St:15 Dx:8 Co:12 In:12 Wi:14 Ch:18 Lawful S:0    
Dlvl:1 $:0 HP:16(16) Pw:5(5) AC:3 Xp:1/0                                        

",-0.01,False
38,north,,"message:
It's solid stone.

language observation:
vertical wall far west
dark area near south
horn near westsouthwest
dark area adjacent north, northeast, east, southeast, southwest, and northwest

cursor:
Yourself a knight
(x=26, y=11)

map:
                                                                                
                                                                                
                                                                                
                                                                                
                                                                                
                                                                                
                                                                                
                                                                                
                                                                                
                    -----                                                       
                    |....#@                                                     
                    |.(.| #                                                     
                    |...| ##                                                    
                    -----                                                       
                                                                                
                                                                                
                                                                                
                                                                                
                                                                                
                                                                                
                                                                                
Agent the Gallant              St:15 Dx:8 Co:12 In:12 Wi:14 Ch:18 Lawful S:0    
Dlvl:1 $:0 HP:16(16) Pw:5(5) AC:3 Xp:1/0                                        

",-0.01,False
39,south,,"message:


language observation:
horn near west
dark area very near north, southeast, and south
horizontal wall very near northwest
dark area adjacent northeast, east, southwest, and west

cursor:
Yourself a knight
(x=26, y=12)

map:
                                                                                
                                                                                
                                                                                
                                                                                
                                                                                
                                                                                
                                                                                
                                                                                
                                                                                
                    -----                                                       
                    |....##                                                     
                    |.(.| @                                                     
                    |...| ##                                                    
                    -----                                                       
                                                                                
                                                                                
                                                                                
                                                                                
                                                                                
                                                                                
                                                                                
Agent the Gallant              St:15 Dx:8 Co:12 In:12 Wi:14 Ch:18 Lawful S:0    
Dlvl:1 $:0 HP:16(16) Pw:5(5) AC:3 Xp:1/0                                        

",0.0,False
40,south,,"message:


language observation:
lava very far east
area of lava very far eastnortheast
stairs down very far eastnortheast
giant rats far east
dark area near north
horn near westnorthwest
dark area very near east
dark area adjacent northeast, southeast, south, southwest, west, and northwest

cursor:
Yourself a knight
(x=26, y=13)

map:
                                                                                
                                                                                
                                                                                
                                                                                
                                                                                
                                                                                
                                                                                
                                                                                
                                                                                
                    -----                          ------                       
                    |....##                        .}...|                       
                    |.(.| #            .............}.>.|                       
                    |...| @#    .rr.................}...|                       
                    -----        ------------------------                       
                                                                                
                                                                                
                                                                                
                                                                                
                                                                                
                                                                                
                                                                                
Agent the Gallant              St:15 Dx:8 Co:12 In:12 Wi:14 Ch:18 Lawful S:0    
Dlvl:1 $:0 HP:16(16) Pw:5(5) AC:3 Xp:1/0                                        

",0.0,False
41,east,,"message:


language observation:
lava very far east
area of lava very far eastnortheast
stairs down very far eastnortheast
giant rats far east
giant rat near east
horn near westnorthwest
horizontal wall near northwest
dark area very near east and west
dark area adjacent north, northeast, southeast, south, and southwest
giant rat adjacent east

cursor:
Yourself a knight
(x=27, y=13)

map:
                                                                                
                                                                                
                                                                                
                                                                                
                                                                                
                                                                                
                                                                                
                                                                                
                                                                                
                    -----                       ---------                       
                    |....##                     ....}...|                       
                    |.(.| #           ..............}.>.|                       
                    |...| #@r   rrr.................}...|                       
                    -----        ------------------------                       
                                                                                
                                                                                
                                                                                
                                                                                
                                                                                
                                                                                
                                                                                
Agent the Gallant              St:15 Dx:8 Co:12 In:12 Wi:14 Ch:18 Lawful S:0    
Dlvl:1 $:0 HP:16(16) Pw:5(5) AC:3 Xp:1/0                                        

",0.0,False
42,zap,,"message:
You don't have anything to zap.

language observation:
lava very far east
area of lava very far eastnortheast
stairs down very far eastnortheast
giant rats far east
giant rat near east
horn near westnorthwest
horizontal wall near northwest
dark area very near east and west
dark area adjacent north, northeast, southeast, south, and southwest
giant rat adjacent east

cursor:
Yourself a knight
(x=27, y=13)

map:
                                                                                
                                                                                
                                                                                
                                                                                
                                                                                
                                                                                
                                                                                
                                                                                
                                                                                
                    -----                       ---------                       
                    |....##                     ....}...|                       
                    |.(.| #           ..............}.>.|                       
                    |...| #@r   rrr.................}...|                       
                    -----        ------------------------                       
                                                                                
                                                                                
                                                                                
                                                                                
                                                                                
                                                                                
                                                                                
Agent the Gallant              St:15 Dx:8 Co:12 In:12 Wi:14 Ch:18 Lawful S:0    
Dlvl:1 $:0 HP:16(16) Pw:5(5) AC:3 Xp:1/0                                        

",-0.01,False
43,east,,"message:
You hit the giant rat.  The giant rat bites!

language observation:
lava very far east
area of lava very far eastnortheast
stairs down very far eastnortheast
giant rats far east
giant rat near east
horn near westnorthwest
horizontal wall near northwest
dark area very near east and west
dark area adjacent north, northeast, southeast, south, and southwest
giant rat adjacent east

cursor:
Yourself a knight
(x=27, y=13)

map:
                                                                                
                                                                                
                                                                                
                                                                                
                                                                                
                                                                                
                                                                                
                                                                                
                                                                                
                    -----                       ---------                       
                    |....##                     ....}...|                       
                    |.(.| #           ..............}.>.|                       
                    |...| #@r   rrr.................}...|                       
                    -----        ------------------------                       
                                                                                
                                                                                
                                                                                
                                                                                
                                                                                
                                                                                
                                                                                
Agent the Gallant              St:15 Dx:8 Co:12 In:12 Wi:14 Ch:18 Lawful S:0    
Dlvl:1 $:0 HP:15(16) Pw:5(5) AC:3 Xp:1/0                                        

",0.0,False
44,east,,"message:
You kill the giant rat!

language observation:
lava very far east
area of lava very far eastnortheast
stairs down very far eastnortheast
giant rat far east
giant rat near east
horn near westnorthwest
horizontal wall near northwest
dark area very near east and west
dark area adjacent north, northeast, southeast, south, and southwest
giant rat adjacent east

cursor:
Yourself a knight
(x=27, y=13)

map:
                                                                                
                                                                                
                                                                                
                                                                                
                                                                                
                                                                                
                                                                                
                                                                                
                                                                                
                    -----                       ---------                       
                    |....##                     ....}...|                       
                    |.(.| #           ..............}.>.|                       
                    |...| #@r   r.r.................}...|                       
                    -----        ------------------------                       
                                                                                
                                                                                
                                                                                
                                                                                
                                                                                
                                                                                
                                                                                
Agent the Gallant              St:15 Dx:8 Co:12 In:12 Wi:14 Ch:18 Lawful S:8    
Dlvl:1 $:0 HP:15(16) Pw:5(5) AC:3 Xp:1/2                                        

",0.0,False
45,east,,"message:
You miss the giant rat.  The giant rat bites!

language observation:
lava very far east
area of lava very far eastnortheast
stairs down very far eastnortheast
giant rat far east
giant rat near east
horn near westnorthwest
horizontal wall near northwest
dark area very near east and west
dark area adjacent north, northeast, southeast, south, and southwest
giant rat adjacent east

cursor:
Yourself a knight
(x=27, y=13)

map:
                                                                                
                                                                                
                                                                                
                                                                                
                                                                                
                                                                                
                                                                                
                                                                                
                                                                                
                    -----                       ---------                       
                    |....##                     ....}...|                       
                    |.(.| #           ..............}.>.|                       
                    |...| #@r   r.r.................}...|                       
                    -----        ------------------------                       
                                                                                
                                                                                
                                                                                
                                                                                
                                                                                
                                                                                
                                                                                
Agent the Gallant              St:15 Dx:8 Co:12 In:12 Wi:14 Ch:18 Lawful S:8    
Dlvl:1 $:0 HP:13(16) Pw:5(5) AC:3 Xp:1/2                                        

",0.0,False
46,zap,,"message:
You don't have anything to zap.

language observation:
lava very far east
area of lava very far eastnortheast
stairs down very far eastnortheast
giant rat far east
giant rat near east
horn near westnorthwest
horizontal wall near northwest
dark area very near east and west
dark area adjacent north, northeast, southeast, south, and southwest
giant rat adjacent east

cursor:
Yourself a knight
(x=27, y=13)

map:
                                                                                
                                                                                
                                                                                
                                                                                
                                                                                
                                                                                
                                                                                
                                                                                
                                                                                
                    -----                       ---------                       
                    |....##                     ....}...|                       
                    |.(.| #           ..............}.>.|                       
                    |...| #@r   r.r.................}...|                       
                    -----        ------------------------                       
                                                                                
                                                                                
                                                                                
                                                                                
                                                                                
                                                                                
                                                                                
Agent the Gallant              St:15 Dx:8 Co:12 In:12 Wi:14 Ch:18 Lawful S:8    
Dlvl:1 $:0 HP:13(16) Pw:5(5) AC:3 Xp:1/2                                        

",-0.01,False
47,east,,"message:
You miss the giant rat.  The giant rat misses!

language observation:
lava very far east
area of lava very far eastnortheast
stairs down very far eastnortheast
giant rat far east
giant rat near east
horn near westnorthwest
horizontal wall near northwest
dark area very near east and west
dark area adjacent north, northeast, southeast, south, and southwest
giant rat adjacent east

cursor:
Yourself a knight
(x=27, y=13)

map:
                                                                                
                                                                                
                                                                                
                                                                                
                                                                                
                                                                                
                                                                                
                                                                                
                                                                                
                    -----                       ---------                       
                    |....##                     ....}...|                       
                    |.(.| #           ..............}.>.|                       
                    |...| #@r   rr..................}...|                       
                    -----        ------------------------                       
                                                                                
                                                                                
                                                                                
                                                                                
                                                                                
                                                                                
                                                                                
Agent the Gallant              St:15 Dx:8 Co:12 In:12 Wi:14 Ch:18 Lawful S:8    
Dlvl:1 $:0 HP:13(16) Pw:5(5) AC:3 Xp:1/2                                        

",0.0,False
48,east,,"message:
You kill the giant rat!

language observation:
lava very far east
area of lava very far eastnortheast
stairs down very far eastnortheast
giant rat near east
horn near westnorthwest
horizontal wall near northwest
dark area very near east and west
dark area adjacent north, northeast, southeast, south, and southwest

cursor:
Yourself a knight
(x=27, y=13)

map:
                                                                                
                                                                                
                                                                                
                                                                                
                                                                                
                                                                                
                                                                                
                                                                                
                                                                                
                    -----                       ---------                       
                    |....##                     ....}...|                       
                    |.(.| #           ..............}.>.|                       
                    |...| #@#   r...................}...|                       
                    -----        ------------------------                       
                                                                                
                                                                                
                                                                                
                                                                                
                                                                                
                                                                                
                                                                                
Agent the Gallant              St:15 Dx:8 Co:12 In:12 Wi:14 Ch:18 Lawful S:16   
Dlvl:1 $:0 HP:13(16) Pw:5(5) AC:3 Xp:1/4                                        

",0.0,False
49,down,,"message:
You can't go down here.

language observation:
lava very far east
area of lava very far eastnortheast
stairs down very far eastnortheast
giant rat near east
horn near westnorthwest
horizontal wall near northwest
dark area very near east and west
dark area adjacent north, northeast, southeast, south, and southwest

cursor:
Yourself a knight
(x=27, y=13)

map:
                                                                                
                                                                                
                                                                                
                                                                                
                                                                                
                                                                                
                                                                                
                                                                                
                                                                                
                    -----                       ---------                       
                    |....##                     ....}...|                       
                    |.(.| #           ..............}.>.|                       
                    |...| #@#   r...................}...|                       
                    -----        ------------------------                       
                                                                                
                                                                                
                                                                                
                                                                                
                                                                                
                                                                                
                                                                                
Agent the Gallant              St:15 Dx:8 Co:12 In:12 Wi:14 Ch:18 Lawful S:16   
Dlvl:1 $:0 HP:13(16) Pw:5(5) AC:3 Xp:1/4                                        

",-0.01,False
50,east,,"message:


language observation:
lava very far east
area of lava very far eastnortheast
stairs down very far eastnortheast
horn far westnorthwest
giant rats near east
dark area near west
dark area very near east
dark area adjacent north, northeast, southeast, south, southwest, and northwest

cursor:
Yourself a knight
(x=28, y=13)

map:
                                                                                
                                                                                
                                                                                
                                                                                
                                                                                
                                                                                
                                                                                
                                                                                
                                                                                
                    -----                    ------------                       
                    |....##                  .......}...|                       
                    |.(.| #          ...............}.>.|                       
                    |...| ##@#  rr..................}...|                       
                    -----        ------------------------                       
                                                                                
                                                                                
                                                                                
                                                                                
                                                                                
                                                                                
                                                                                
Agent the Gallant              St:15 Dx:8 Co:12 In:12 Wi:14 Ch:18 Lawful S:16   
Dlvl:1 $:0 HP:13(16) Pw:5(5) AC:3 Xp:1/4                                        

",0.0,False
51,east,,"message:


language observation:
lava very far east
area of lava very far eastnortheast
stairs down very far eastnortheast
horn far westnorthwest
giant rat near east
dark area near west
dark area very near east
dark area adjacent north, northeast, southeast, south, southwest, and northwest
giant rat adjacent east

cursor:
Yourself a knight
(x=29, y=13)

map:
                                                                                
                                                                                
                                                                                
                                                                                
                                                                                
                                                                                
                                                                                
                                                                                
                                                                                
                    -----                 ---------------                       
                    |....##               ..........}...|                       
                    |.(.| #         ................}.>.|                       
                    |...| ###@r r...................}...|                       
                    -----        ------------------------                       
                                                                                
                                                                                
                                                                                
                                                                                
                                                                                
                                                                                
                                                                                
Agent the Gallant              St:15 Dx:8 Co:12 In:12 Wi:14 Ch:18 Lawful S:16   
Dlvl:1 $:0 HP:13(16) Pw:5(5) AC:3 Xp:1/4                                        

",0.0,False
52,kill east,,"

Your previous output did not contain a valid action. Defaulted to action: north

Observation:
message:
It's solid stone.

language observation:
lava very far east
area of lava very far eastnortheast
stairs down very far eastnortheast
horn far westnorthwest
giant rat near east
dark area near west
dark area very near east
dark area adjacent north, northeast, southeast, south, southwest, and northwest
giant rat adjacent east

cursor:
Yourself a knight
(x=29, y=13)

map:
                                                                                
                                                                                
                                                                                
                                                                                
                                                                                
                                                                                
                                                                                
                                                                                
                                                                                
                    -----                 ---------------                       
                    |....##               ..........}...|                       
                    |.(.| #         ................}.>.|                       
                    |...| ###@r r...................}...|                       
                    -----        ------------------------                       
                                                                                
                                                                                
                                                                                
                                                                                
                                                                                
                                                                                
                                                                                
Agent the Gallant              St:15 Dx:8 Co:12 In:12 Wi:14 Ch:18 Lawful S:16   
Dlvl:1 $:0 HP:13(16) Pw:5(5) AC:3 Xp:1/4                                        

",-0.01,False
53,east,,"message:
You miss the giant rat.  The giant rat misses!

language observation:
lava very far east
area of lava very far eastnortheast
stairs down very far eastnortheast
horn far westnorthwest
dark area near west
dark area very near east
dark area adjacent north, northeast, southeast, south, southwest, and northwest
giant rat adjacent east

cursor:
Yourself a knight
(x=29, y=13)

map:
                                                                                
                                                                                
                                                                                
                                                                                
                                                                                
                                                                                
                                                                                
                                                                                
                                                                                
                    -----                 ---------------                       
                    |....##               ..........}...|                       
                    |.(.| #         ................}.>.|                       
                    |...| ###@r ....................}...|                       
                    -----        ------------------------                       
                                                                                
                                                                                
                                                                                
                                                                                
                                                                                
                                                                                
                                                                                
Agent the Gallant              St:15 Dx:8 Co:12 In:12 Wi:14 Ch:18 Lawful S:16   
Dlvl:1 $:0 HP:13(16) Pw:5(5) AC:3 Xp:1/4                                        

",0.0,False
54,zap,,"message:
You don't have anything to zap.

language observation:
lava very far east
area of lava very far eastnortheast
stairs down very far eastnortheast
horn far westnorthwest
dark area near west
dark area very near east
dark area adjacent north, northeast, southeast, south, southwest, and northwest
giant rat adjacent east

cursor:
Yourself a knight
(x=29, y=13)

map:
                                                                                
                                                                                
                                                                                
                                                                                
                                                                                
                                                                                
                                                                                
                                                                                
                                                                                
                    -----                 ---------------                       
                    |....##               ..........}...|                       
                    |.(.| #         ................}.>.|                       
                    |...| ###@r ....................}...|                       
                    -----        ------------------------                       
                                                                                
                                                                                
                                                                                
                                                                                
                                                                                
                                                                                
                                                                                
Agent the Gallant              St:15 Dx:8 Co:12 In:12 Wi:14 Ch:18 Lawful S:16   
Dlvl:1 $:0 HP:13(16) Pw:5(5) AC:3 Xp:1/4                                        

",-0.01,False
55,east,,"message:
You kill the giant rat!

language observation:
lava very far east
area of lava very far eastnortheast
stairs down very far eastnortheast
giant rat far east
horn far westnorthwest
dark area near west
dark area very near east
dark area adjacent north, northeast, southeast, south, southwest, and northwest
giant rat adjacent east

cursor:
Yourself a knight
(x=29, y=13)

map:
                                                                                
                                                                                
                                                                                
                                                                                
                                                                                
                                                                                
                                                                                
                                                                                
                                                                                
                    -----                 ---------------                       
                    |....##               ..........}...|                       
                    |.(.| #         ................}.>.|                       
                    |...| ###@r ...r................}...|                       
                    -----        ------------------------                       
                                                                                
                                                                                
                                                                                
                                                                                
                                                                                
                                                                                
                                                                                
Agent the Gallant              St:15 Dx:8 Co:12 In:12 Wi:14 Ch:18 Lawful S:24   
Dlvl:1 $:0 HP:13(16) Pw:5(5) AC:3 Xp:1/6                                        

",0.0,False
56,east,,"message:
You kill the giant rat!

language observation:
lava very far east
area of lava very far eastnortheast
stairs down very far eastnortheast
horn far westnorthwest
giant rat near east
dark area near west
dark area very near east
dark area adjacent north, northeast, southeast, south, southwest, and northwest

cursor:
Yourself a knight
(x=29, y=13)

map:
                                                                                
                                                                                
                                                                                
                                                                                
                                                                                
                                                                                
                                                                                
                                                                                
                                                                                
                    -----                 ---------------                       
                    |....##               ..........}...|                       
                    |.(.| #         ................}.>.|                       
                    |...| ###@# ..r.................}...|                       
                    -----        ------------------------                       
                                                                                
                                                                                
                                                                                
                                                                                
                                                                                
                                                                                
                                                                                
Agent the Gallant              St:15 Dx:8 Co:12 In:12 Wi:14 Ch:18 Lawful S:32   
Dlvl:1 $:0 HP:13(16) Pw:5(5) AC:3 Xp:1/8                                        

",0.0,False
57,down,,"message:
You can't go down here.

language observation:
lava very far east
area of lava very far eastnortheast
stairs down very far eastnortheast
horn far westnorthwest
giant rat near east
dark area near west
dark area very near east
dark area adjacent north, northeast, southeast, south, southwest, and northwest

cursor:
Yourself a knight
(x=29, y=13)

map:
                                                                                
                                                                                
                                                                                
                                                                                
                                                                                
                                                                                
                                                                                
                                                                                
                                                                                
                    -----                 ---------------                       
                    |....##               ..........}...|                       
                    |.(.| #         ................}.>.|                       
                    |...| ###@# ..r.................}...|                       
                    -----        ------------------------                       
                                                                                
                                                                                
                                                                                
                                                                                
                                                                                
                                                                                
                                                                                
Agent the Gallant              St:15 Dx:8 Co:12 In:12 Wi:14 Ch:18 Lawful S:32   
Dlvl:1 $:0 HP:13(16) Pw:5(5) AC:3 Xp:1/8                                        

",-0.01,False
58,east,,"message:


language observation:
lava very far east
area of lava very far eastnortheast
stairs down very far eastnortheast
horn far westnorthwest
giant rat near east
dark area near west
dark area adjacent north, northeast, southeast, south, southwest, and northwest

cursor:
Yourself a knight
(x=30, y=13)

map:
                                                                                
                                                                                
                                                                                
                                                                                
                                                                                
                                                                                
                                                                                
                                                                                
                                                                                
                    -----              ------------------                       
                    |....##            .............}...|                       
                    |.(.| #        .................}.>.|                       
                    |...| ####@#.r..................}...|                       
                    -----        ------------------------                       
                                                                                
                                                                                
                                                                                
                                                                                
                                                                                
                                                                                
                                                                                
Agent the Gallant              St:15 Dx:8 Co:12 In:12 Wi:14 Ch:18 Lawful S:32   
Dlvl:1 $:0 HP:13(16) Pw:5(5) AC:3 Xp:1/8                                        

",0.0,False
59,east,,"message:


language observation:
lava very far east
area of lava very far eastnortheast
stairs down very far eastnortheast
dark area far west
horn far westnorthwest
dark area adjacent north, northeast, south, southwest, and northwest
giant rat adjacent east
horizontal wall adjacent southeast

cursor:
Yourself a knight
(x=31, y=13)

map:
                                                                                
                                                                                
                                                                                
                                                                                
                                                                                
                                                                                
                                                                                
                                                                                
                                                                                
                    -----           ---------------------                       
                    |....##         ................}...|                       
                    |.(.| #       ..................}.>.|                       
                    |...| #####@r...................}...|                       
                    -----       -------------------------                       
                                                                                
                                                                                
                                                                                
                                                                                
                                                                                
                                                                                
                                                                                
Agent the Gallant              St:15 Dx:8 Co:12 In:12 Wi:14 Ch:18 Lawful S:32   
Dlvl:1 $:0 HP:13(16) Pw:5(5) AC:3 Xp:1/8                                        

",0.0,False
60,kill east,,"

Your previous output did not contain a valid action. Defaulted to action: north

Observation:
message:
It's solid stone.

language observation:
lava very far east
area of lava very far eastnortheast
stairs down very far eastnortheast
dark area far west
horn far westnorthwest
dark area adjacent north, northeast, south, southwest, and northwest
giant rat adjacent east
horizontal wall adjacent southeast

cursor:
Yourself a knight
(x=31, y=13)

map:
                                                                                
                                                                                
                                                                                
                                                                                
                                                                                
                                                                                
                                                                                
                                                                                
                                                                                
                    -----           ---------------------                       
                    |....##         ................}...|                       
                    |.(.| #       ..................}.>.|                       
                    |...| #####@r...................}...|                       
                    -----       -------------------------                       
                                                                                
                                                                                
                                                                                
                                                                                
                                                                                
                                                                                
                                                                                
Agent the Gallant              St:15 Dx:8 Co:12 In:12 Wi:14 Ch:18 Lawful S:32   
Dlvl:1 $:0 HP:13(16) Pw:5(5) AC:3 Xp:1/8                                        

",-0.01,False
61,east,,"message:
You hit the giant rat.  The giant rat bites!

language observation:
lava very far east
area of lava very far eastnortheast
stairs down very far eastnortheast
dark area far west
horn far westnorthwest
dark area adjacent north, northeast, south, southwest, and northwest
giant rat adjacent east
horizontal wall adjacent southeast

cursor:
Yourself a knight
(x=31, y=13)

map:
                                                                                
                                                                                
                                                                                
                                                                                
                                                                                
                                                                                
                                                                                
                                                                                
                                                                                
                    -----           ---------------------                       
                    |....##         ................}...|                       
                    |.(.| #       ..................}.>.|                       
                    |...| #####@r...................}...|                       
                    -----       -------------------------                       
                                                                                
                                                                                
                                                                                
                                                                                
                                                                                
                                                                                
                                                                                
Agent the Gallant              St:15 Dx:8 Co:12 In:12 Wi:14 Ch:18 Lawful S:32   
Dlvl:1 $:0 HP:11(16) Pw:5(5) AC:3 Xp:1/8                                        

",0.0,False
62,east,,"message:
You miss the giant rat.

language observation:
lava very far east
area of lava very far eastnortheast
stairs down very far eastnortheast
dark area far west
horn far westnorthwest
giant rat near eastnortheast
dark area adjacent north, northeast, south, southwest, and northwest
giant rat adjacent east
horizontal wall adjacent southeast

cursor:
Yourself a knight
(x=31, y=13)

map:
                                                                                
                                                                                
                                                                                
                                                                                
                                                                                
                                                                                
                                                                                
                                                                                
                                                                                
                    -----           ---------------------                       
                    |....##         ................}...|                       
                    |.(.| #       r.................}.>.|                       
                    |...| #####@r...................}...|                       
                    -----       -------------------------                       
                                                                                
                                                                                
                                                                                
                                                                                
                                                                                
                                                                                
                                                                                
Agent the Gallant              St:15 Dx:8 Co:12 In:12 Wi:14 Ch:18 Lawful S:32   
Dlvl:1 $:0 HP:11(16) Pw:5(5) AC:3 Xp:1/8                                        

",0.0,False
63,kill east,,"

Your previous output did not contain a valid action. Defaulted to action: north

Observation:
message:
It's solid stone.

language observation:
lava very far east
area of lava very far eastnortheast
stairs down very far eastnortheast
dark area far west
horn far westnorthwest
giant rat near eastnortheast
dark area adjacent north, northeast, south, southwest, and northwest
giant rat adjacent east
horizontal wall adjacent southeast

cursor:
Yourself a knight
(x=31, y=13)

map:
                                                                                
                                                                                
                                                                                
                                                                                
                                                                                
                                                                                
                                                                                
                                                                                
                                                                                
                    -----           ---------------------                       
                    |....##         ................}...|                       
                    |.(.| #       r.................}.>.|                       
                    |...| #####@r...................}...|                       
                    -----       -------------------------                       
                                                                                
                                                                                
                                                                                
                                                                                
                                                                                
                                                                                
                                                                                
Agent the Gallant              St:15 Dx:8 Co:12 In:12 Wi:14 Ch:18 Lawful S:32   
Dlvl:1 $:0 HP:11(16) Pw:5(5) AC:3 Xp:1/8                                        

",-0.01,False
64,zap,,"message:
You don't have anything to zap.

language observation:
lava very far east
area of lava very far eastnortheast
stairs down very far eastnortheast
dark area far west
horn far westnorthwest
giant rat near eastnortheast
dark area adjacent north, northeast, south, southwest, and northwest
giant rat adjacent east
horizontal wall adjacent southeast

cursor:
Yourself a knight
(x=31, y=13)

map:
                                                                                
                                                                                
                                                                                
                                                                                
                                                                                
                                                                                
                                                                                
                                                                                
                                                                                
                    -----           ---------------------                       
                    |....##         ................}...|                       
                    |.(.| #       r.................}.>.|                       
                    |...| #####@r...................}...|                       
                    -----       -------------------------                       
                                                                                
                                                                                
                                                                                
                                                                                
                                                                                
                                                                                
                                                                                
Agent the Gallant              St:15 Dx:8 Co:12 In:12 Wi:14 Ch:18 Lawful S:32   
Dlvl:1 $:0 HP:11(16) Pw:5(5) AC:3 Xp:1/8                                        

",-0.01,False
65,east,,"message:
You miss the giant rat.  The giant rat bites!

language observation:
lava very far east
area of lava very far eastnortheast
stairs down very far eastnortheast
dark area far west
horn far westnorthwest
dark area adjacent north, northeast, south, southwest, and northwest
giant rat adjacent east
horizontal wall adjacent southeast

cursor:
Yourself a knight
(x=31, y=13)

map:
                                                                                
                                                                                
                                                                                
                                                                                
                                                                                
                                                                                
                                                                                
                                                                                
                                                                                
                    -----           ---------------------                       
                    |....##         ................}...|                       
                    |.(.| #       ..................}.>.|                       
                    |...| #####@r...................}...|                       
                    -----       -------------------------                       
                                                                                
                                                                                
                                                                                
                                                                                
                                                                                
                                                                                
                                                                                
Agent the Gallant              St:15 Dx:8 Co:12 In:12 Wi:14 Ch:18 Lawful S:32   
Dlvl:1 $:0 HP:11(16) Pw:5(5) AC:3 Xp:1/8                                        

",0.0,False
66,kill east,,"

Your previous output did not contain a valid action. Defaulted to action: north

Observation:
message:
It's solid stone.

language observation:
lava very far east
area of lava very far eastnortheast
stairs down very far eastnortheast
dark area far west
horn far westnorthwest
dark area adjacent north, northeast, south, southwest, and northwest
giant rat adjacent east
horizontal wall adjacent southeast

cursor:
Yourself a knight
(x=31, y=13)

map:
                                                                                
                                                                                
                                                                                
                                                                                
                                                                                
                                                                                
                                                                                
                                                                                
                                                                                
                    -----           ---------------------                       
                    |....##         ................}...|                       
                    |.(.| #       ..................}.>.|                       
                    |...| #####@r...................}...|                       
                    -----       -------------------------                       
                                                                                
                                                                                
                                                                                
                                                                                
                                                                                
                                                                                
                                                                                
Agent the Gallant              St:15 Dx:8 Co:12 In:12 Wi:14 Ch:18 Lawful S:32   
Dlvl:1 $:0 HP:11(16) Pw:5(5) AC:3 Xp:1/8                                        

",-0.01,False
67,east,,"message:
You kill the giant rat!

language observation:
lava very far east
area of lava very far eastnortheast
stairs down very far eastnortheast
dark area far west
horn far westnorthwest
giant rat near eastnortheast
dark area adjacent north, northeast, south, southwest, and northwest
horizontal wall adjacent southeast

cursor:
Yourself a knight
(x=31, y=13)

map:
                                                                                
                                                                                
                                                                                
                                                                                
                                                                                
                                                                                
                                                                                
                                                                                
                                                                                
                    -----           ---------------------                       
                    |....##         ................}...|                       
                    |.(.| #       .r................}.>.|                       
                    |...| #####@....................}...|                       
                    -----       -------------------------                       
                                                                                
                                                                                
                                                                                
                                                                                
                                                                                
                                                                                
                                                                                
Agent the Gallant              St:15 Dx:8 Co:12 In:12 Wi:14 Ch:18 Lawful S:40   
Dlvl:1 $:0 HP:11(16) Pw:5(5) AC:3 Xp:1/10                                       

",0.0,False
68,far east,,"message:
The giant rat bites!

language observation:
stairs down very far eastnortheast
lava far east
area of lava far eastnortheast
dark area far west
horn far westnorthwest
horizontal wall near north and northeast
giant rat adjacent east
horizontal wall adjacent southeast, south, and southwest
vertical wall adjacent northwest

cursor:
Yourself a knight
(x=33, y=13)

map:
                                                                                
                                                                                
                                                                                
                                                                                
                                                                                
                                                                                
                                                                                
                                                                                
                                                                                
                    -----       -------------------------                       
                    |....##     |...................}...|                       
                    |.(.| #     |...................}.>.|                       
                    |...| ######.@r.................}...|                       
                    -----       -------------------------                       
                                                                                
                                                                                
                                                                                
                                                                                
                                                                                
                                                                                
                                                                                
Agent the Gallant              St:15 Dx:8 Co:12 In:12 Wi:14 Ch:18 Lawful S:40   
Dlvl:1 $:0 HP:10(16) Pw:5(5) AC:3 Xp:1/10                                       

",0.0,False
69,kill east,,"

Your previous output did not contain a valid action. Defaulted to action: north

Observation:
message:
The giant rat bites!

language observation:
stairs down very far east
lava far eastnortheast, east, and eastsoutheast
horn far west
horizontal wall very near north, northeast, southeast, and south
dark area very near southwest
giant rat adjacent southeast
vertical wall adjacent west and northwest

cursor:
Yourself a knight
(x=33, y=12)

map:
                                                                                
                                                                                
                                                                                
                                                                                
                                                                                
                                                                                
                                                                                
                                                                                
                                                                                
                    -----       -------------------------                       
                    |....##     |...................}...|                       
                    |.(.| #     |@..................}.>.|                       
                    |...| ######..r.................}...|                       
                    -----       -------------------------                       
                                                                                
                                                                                
                                                                                
                                                                                
                                                                                
                                                                                
                                                                                
Agent the Gallant              St:15 Dx:8 Co:12 In:12 Wi:14 Ch:18 Lawful S:40   
Dlvl:1 $:0 HP:7(16) Pw:5(5) AC:3 Xp:1/10                                        

",0.0,False
70,kill southeast,,"

Your previous output did not contain a valid action. Defaulted to action: north

Observation:
message:


language observation:
stairs down very far eastsoutheast
lava far east
area of lava far eastsoutheast
horn far westsouthwest
horizontal wall near southeast and south
horizontal wall adjacent north and northeast
giant rat adjacent south
vertical wall adjacent southwest and west
northwest room corner adjacent northwest

cursor:
Yourself a knight
(x=33, y=11)

map:
                                                                                
                                                                                
                                                                                
                                                                                
                                                                                
                                                                                
                                                                                
                                                                                
                                                                                
                    -----       -------------------------                       
                    |....##     |@..................}...|                       
                    |.(.| #     |r..................}.>.|                       
                    |...| ######....................}...|                       
                    -----       -------------------------                       
                                                                                
                                                                                
                                                                                
                                                                                
                                                                                
                                                                                
                                                                                
Agent the Gallant              St:15 Dx:8 Co:12 In:12 Wi:14 Ch:18 Lawful S:40   
Dlvl:1 $:0 HP:7(16) Pw:5(5) AC:3 Xp:1/10                                        

",0.0,False
71,kill south,,"

Your previous output did not contain a valid action. Defaulted to action: north

Observation:
message:
It's a wall.

language observation:
stairs down very far eastsoutheast
lava far east
area of lava far eastsoutheast
horn far westsouthwest
horizontal wall near southeast and south
horizontal wall adjacent north and northeast
giant rat adjacent south
vertical wall adjacent southwest and west
northwest room corner adjacent northwest

cursor:
Yourself a knight
(x=33, y=11)

map:
                                                                                
                                                                                
                                                                                
                                                                                
                                                                                
                                                                                
                                                                                
                                                                                
                                                                                
                    -----       -------------------------                       
                    |....##     |@..................}...|                       
                    |.(.| #     |r..................}.>.|                       
                    |...| ######....................}...|                       
                    -----       -------------------------                       
                                                                                
                                                                                
                                                                                
                                                                                
                                                                                
                                                                                
                                                                                
Agent the Gallant              St:15 Dx:8 Co:12 In:12 Wi:14 Ch:18 Lawful S:40   
Dlvl:1 $:0 HP:7(16) Pw:5(5) AC:3 Xp:1/10                                        

",-0.01,False
72,kill south,,"

Your previous output did not contain a valid action. Defaulted to action: north

Observation:
message:
It's a wall.

language observation:
stairs down very far eastsoutheast
lava far east
area of lava far eastsoutheast
horn far westsouthwest
horizontal wall near southeast and south
horizontal wall adjacent north and northeast
giant rat adjacent south
vertical wall adjacent southwest and west
northwest room corner adjacent northwest

cursor:
Yourself a knight
(x=33, y=11)

map:
                                                                                
                                                                                
                                                                                
                                                                                
                                                                                
                                                                                
                                                                                
                                                                                
                                                                                
                    -----       -------------------------                       
                    |....##     |@..................}...|                       
                    |.(.| #     |r..................}.>.|                       
                    |...| ######....................}...|                       
                    -----       -------------------------                       
                                                                                
                                                                                
                                                                                
                                                                                
                                                                                
                                                                                
                                                                                
Agent the Gallant              St:15 Dx:8 Co:12 In:12 Wi:14 Ch:18 Lawful S:40   
Dlvl:1 $:0 HP:7(16) Pw:5(5) AC:3 Xp:1/10                                        

",-0.01,False
73,south,,"message:
You kill the giant rat!

language observation:
stairs down very far eastsoutheast
lava far east
area of lava far eastsoutheast
horn far westsouthwest
horizontal wall near southeast and south
horizontal wall adjacent north and northeast
giant rat corpse adjacent south
vertical wall adjacent southwest and west
northwest room corner adjacent northwest

cursor:
Yourself a knight
(x=33, y=11)

map:
                                                                                
                                                                                
                                                                                
                                                                                
                                                                                
                                                                                
                                                                                
                                                                                
                                                                                
                    -----       -------------------------                       
                    |....##     |@..................}...|                       
                    |.(.| #     |%..................}.>.|                       
                    |...| ######....................}...|                       
                    -----       -------------------------                       
                                                                                
                                                                                
                                                                                
                                                                                
                                                                                
                                                                                
                                                                                
Agent the Gallant              St:15 Dx:8 Co:12 In:12 Wi:14 Ch:18 Lawful S:48   
Dlvl:1 $:0 HP:7(16) Pw:5(5) AC:3 Xp:1/12                                        

",0.0,False
74,far east,,"message:
You stop at the edge of the lava.

language observation:
horn very far westsouthwest
giant rat corpse far westsouthwest
vertical wall near east
stairs down near eastsoutheast
horizontal wall near southeast, south, and southwest
lava very near southsoutheast
horizontal wall adjacent north, northeast, and northwest
lava adjacent east and southeast

cursor:
Yourself a knight
(x=51, y=11)

map:
                                                                                
                                                                                
                                                                                
                                                                                
                                                                                
                                                                                
                                                                                
                                                                                
                                                                                
                    -----       -------------------------                       
                    |....##     |..................@}...|                       
                    |.(.| #     |%..................}.>.|                       
                    |...| ######....................}...|                       
                    -----       -------------------------                       
                                                                                
                                                                                
                                                                                
                                                                                
                                                                                
                                                                                
                                                                                
Agent the Gallant              St:15 Dx:8 Co:12 In:12 Wi:14 Ch:18 Lawful S:48   
Dlvl:1 $:0 HP:8(16) Pw:5(5) AC:3 Xp:1/12                                        

",0.0,False
75,north,,"message:
It's a wall.

language observation:
horn very far westsouthwest
giant rat corpse far westsouthwest
vertical wall near east
stairs down near eastsoutheast
horizontal wall near southeast, south, and southwest
lava very near southsoutheast
horizontal wall adjacent north, northeast, and northwest
lava adjacent east and southeast

cursor:
Yourself a knight
(x=51, y=11)

map:
                                                                                
                                                                                
                                                                                
                                                                                
                                                                                
                                                                                
                                                                                
                                                                                
                                                                                
                    -----       -------------------------                       
                    |....##     |..................@}...|                       
                    |.(.| #     |%..................}.>.|                       
                    |...| ######....................}...|                       
                    -----       -------------------------                       
                                                                                
                                                                                
                                                                                
                                                                                
                                                                                
                                                                                
                                                                                
Agent the Gallant              St:15 Dx:8 Co:12 In:12 Wi:14 Ch:18 Lawful S:48   
Dlvl:1 $:0 HP:8(16) Pw:5(5) AC:3 Xp:1/12                                        

",-0.01,False
76,far southeast,,"message:
 
You made the top ten list!
No  Points     Name
Hp [max]
1         48  Agent-Kni-Hum-Fem-Law died in The Dunge
eons of Doom on
level 1.  Burned by molten lava, while h
helpless.        -  [16]


language observation:
dark area adjacent east, southeast, and south

cursor:
very far eastsoutheast 
(x=23, y=9)

map:
You made the top ten list!                                                      
                                                                                
                           No  Points     Name                                  
                 Hp [max]                                                       
                           1         48  Agent-Kni-Hum-Fem-Law died in The Dunge
ons of Doom on                                                                  
                                        level 1.  Burned by molten lava, while h
elpless.        -  [16]                                                         
                                                                                
                                                                                
                                                                                
                                                                                
                                                                                
                                                                                
                                                                                
                                                                                
                                                                                
                                                                                
                                                                                
                                                                                
                                                                                
                                                                                
                                                                                

",0.0,True
