Step,Action,Reasoning,Observation,Reward,Done
0,east,,"message:


language observation:
dark area very near east, southeast, south, and southwest
vertical wall very near west
horizontal wall adjacent north, northeast, and northwest
stairs up adjacent west

cursor:
Yourself a knight
(x=24, y=11)

map:
                                                                                
                                                                                
                                                                                
                                                                                
                                                                                
                                                                                
                                                                                
                                                                                
                                                                                
                      ----                                                      
                      |<@.                                                      
                      |...                                                      
                                                                                
                                                                                
                                                                                
                                                                                
                                                                                
                                                                                
                                                                                
                                                                                
                                                                                
Agent the Gallant              St:15 Dx:10 Co:11 In:8 Wi:14 Ch:17 Lawful S:0    
Dlvl:1 $:0 HP:16(16) Pw:6(6) AC:3 Xp:1/0                                        

",0.0,False
1,east,,"message:


language observation:
vertical wall near west
dark area very near southeast, south, and southwest
stairs up very near west
horizontal wall adjacent north and northwest
northeast room corner adjacent northeast
vertical wall adjacent east

cursor:
Yourself a knight
(x=25, y=11)

map:
                                                                                
                                                                                
                                                                                
                                                                                
                                                                                
                                                                                
                                                                                
                                                                                
                                                                                
                      -----                                                     
                      |<.@|                                                     
                      |....                                                     
                                                                                
                                                                                
                                                                                
                                                                                
                                                                                
                                                                                
                                                                                
                                                                                
                                                                                
Agent the Gallant              St:15 Dx:10 Co:11 In:8 Wi:14 Ch:17 Lawful S:0    
Dlvl:1 $:0 HP:16(16) Pw:6(6) AC:3 Xp:1/0                                        

",0.0,False
2,west,,"message:


language observation:
vertical wall very near east and west
dark area very near southeast, south, and southwest
horizontal wall adjacent north, northeast, and northwest
stairs up adjacent west

cursor:
Yourself a knight
(x=24, y=11)

map:
                                                                                
                                                                                
                                                                                
                                                                                
                                                                                
                                                                                
                                                                                
                                                                                
                                                                                
                      -----                                                     
                      |<@.|                                                     
                      |....                                                     
                                                                                
                                                                                
                                                                                
                                                                                
                                                                                
                                                                                
                                                                                
                                                                                
                                                                                
Agent the Gallant              St:15 Dx:10 Co:11 In:8 Wi:14 Ch:17 Lawful S:0    
Dlvl:1 $:0 HP:16(16) Pw:6(6) AC:3 Xp:1/0                                        

",0.0,False
3,south,,"message:


language observation:
dark area near east
horizontal wall very near north
northeast room corner very near northeast
dark area very near southeast, south, and southwest
vertical wall very near west
northwest room corner very near northwest
stairs up adjacent northwest

cursor:
Yourself a knight
(x=24, y=12)

map:
                                                                                
                                                                                
                                                                                
                                                                                
                                                                                
                                                                                
                                                                                
                                                                                
                                                                                
                      -----                                                     
                      |<..|                                                     
                      |.@..                                                     
                       ...                                                      
                                                                                
                                                                                
                                                                                
                                                                                
                                                                                
                                                                                
                                                                                
                                                                                
Agent the Gallant              St:15 Dx:10 Co:11 In:8 Wi:14 Ch:17 Lawful S:0    
Dlvl:1 $:0 HP:16(16) Pw:6(6) AC:3 Xp:1/0                                        

",0.0,False
4,west,,"message:


language observation:
dark area near east
horizontal wall very near north and northeast
dark area very near southeast and south
stairs up adjacent north
vertical wall adjacent southwest, west, and northwest

cursor:
Yourself a knight
(x=23, y=12)

map:
                                                                                
                                                                                
                                                                                
                                                                                
                                                                                
                                                                                
                                                                                
                                                                                
                                                                                
                      -----                                                     
                      |<..|                                                     
                      |@...                                                     
                      |...                                                      
                                                                                
                                                                                
                                                                                
                                                                                
                                                                                
                                                                                
                                                                                
                                                                                
Agent the Gallant              St:15 Dx:10 Co:11 In:8 Wi:14 Ch:17 Lawful S:0    
Dlvl:1 $:0 HP:16(16) Pw:6(6) AC:3 Xp:1/0                                        

",0.0,False
5,north,,"message:


language observation:
vertical wall near east
dark area near southeast and south
horizontal wall adjacent north and northeast
vertical wall adjacent southwest and west
northwest room corner adjacent northwest

cursor:
Yourself a knight
(x=23, y=11)

map:
                                                                                
                                                                                
                                                                                
                                                                                
                                                                                
                                                                                
                                                                                
                                                                                
                                                                                
                      -----                                                     
                      |@..|                                                     
                      |....                                                     
                      |...                                                      
                                                                                
                                                                                
                                                                                
                                                                                
                                                                                
                                                                                
                                                                                
                                                                                
Agent the Gallant              St:15 Dx:10 Co:11 In:8 Wi:14 Ch:17 Lawful S:0    
Dlvl:1 $:0 HP:16(16) Pw:6(6) AC:3 Xp:1/0                                        

",0.0,False
6,east,,"message:


language observation:
dark area near south
vertical wall very near east, southwest, and west
dark area very near southeast
horizontal wall adjacent north, northeast, and northwest
stairs up adjacent west

cursor:
Yourself a knight
(x=24, y=11)

map:
                                                                                
                                                                                
                                                                                
                                                                                
                                                                                
                                                                                
                                                                                
                                                                                
                                                                                
                      -----                                                     
                      |<@.|                                                     
                      |....                                                     
                      |...                                                      
                                                                                
                                                                                
                                                                                
                                                                                
                                                                                
                                                                                
                                                                                
                                                                                
Agent the Gallant              St:15 Dx:10 Co:11 In:8 Wi:14 Ch:17 Lawful S:0    
Dlvl:1 $:0 HP:16(16) Pw:6(6) AC:3 Xp:1/0                                        

",0.0,False
7,south,,"message:


language observation:
dark area near east
horizontal wall very near north
northeast room corner very near northeast
dark area very near southeast, south, and southwest
vertical wall very near west
northwest room corner very near northwest
stairs up adjacent northwest

cursor:
Yourself a knight
(x=24, y=12)

map:
                                                                                
                                                                                
                                                                                
                                                                                
                                                                                
                                                                                
                                                                                
                                                                                
                                                                                
                      -----                                                     
                      |<..|                                                     
                      |.@..                                                     
                      |...                                                      
                                                                                
                                                                                
                                                                                
                                                                                
                                                                                
                                                                                
                                                                                
                                                                                
Agent the Gallant              St:15 Dx:10 Co:11 In:8 Wi:14 Ch:17 Lawful S:0    
Dlvl:1 $:0 HP:16(16) Pw:6(6) AC:3 Xp:1/0                                        

",0.0,False
8,south,,"message:


language observation:
horizontal wall near north
vertical wall very near northeast, west, and northwest
dark area very near east
stairs up very near northnorthwest
horizontal wall adjacent southeast, south, and southwest

cursor:
Yourself a knight
(x=24, y=13)

map:
                                                                                
                                                                                
                                                                                
                                                                                
                                                                                
                                                                                
                                                                                
                                                                                
                                                                                
                      -----                                                     
                      |<..|                                                     
                      |....                                                     
                      |.@.                                                      
                       ---                                                      
                                                                                
                                                                                
                                                                                
                                                                                
                                                                                
                                                                                
                                                                                
Agent the Gallant              St:15 Dx:10 Co:11 In:8 Wi:14 Ch:17 Lawful S:0    
Dlvl:1 $:0 HP:16(16) Pw:6(6) AC:3 Xp:1/0                                        

",0.0,False
9,northwest,,"message:


language observation:
dark area near east
horizontal wall very near north, northeast, southeast, and south
stairs up adjacent north
vertical wall adjacent southwest, west, and northwest

cursor:
Yourself a knight
(x=23, y=12)

map:
                                                                                
                                                                                
                                                                                
                                                                                
                                                                                
                                                                                
                                                                                
                                                                                
                                                                                
                      -----                                                     
                      |<..|                                                     
                      |@...                                                     
                      |...                                                      
                       ---                                                      
                                                                                
                                                                                
                                                                                
                                                                                
                                                                                
                                                                                
                                                                                
Agent the Gallant              St:15 Dx:10 Co:11 In:8 Wi:14 Ch:17 Lawful S:0    
Dlvl:1 $:0 HP:16(16) Pw:6(6) AC:3 Xp:1/0                                        

",0.0,False
10,east,,"message:


language observation:
dark area near east
horizontal wall very near north and south
northeast room corner very near northeast
dark area very near southeast and southwest
vertical wall very near west
northwest room corner very near northwest
stairs up adjacent northwest

cursor:
Yourself a knight
(x=24, y=12)

map:
                                                                                
                                                                                
                                                                                
                                                                                
                                                                                
                                                                                
                                                                                
                                                                                
                                                                                
                      -----                                                     
                      |<..|                                                     
                      |.@..                                                     
                      |...                                                      
                       ---                                                      
                                                                                
                                                                                
                                                                                
                                                                                
                                                                                
                                                                                
                                                                                
Agent the Gallant              St:15 Dx:10 Co:11 In:8 Wi:14 Ch:17 Lawful S:0    
Dlvl:1 $:0 HP:16(16) Pw:6(6) AC:3 Xp:1/0                                        

",0.0,False
11,northwest,,"message:


language observation:
vertical wall near east
dark area near southeast
horizontal wall near south
horizontal wall adjacent north and northeast
vertical wall adjacent southwest and west
northwest room corner adjacent northwest

cursor:
Yourself a knight
(x=23, y=11)

map:
                                                                                
                                                                                
                                                                                
                                                                                
                                                                                
                                                                                
                                                                                
                                                                                
                                                                                
                      -----                                                     
                      |@..|                                                     
                      |....                                                     
                      |...                                                      
                       ---                                                      
                                                                                
                                                                                
                                                                                
                                                                                
                                                                                
                                                                                
                                                                                
Agent the Gallant              St:15 Dx:10 Co:11 In:8 Wi:14 Ch:17 Lawful S:0    
Dlvl:1 $:0 HP:16(16) Pw:6(6) AC:3 Xp:1/0                                        

",0.0,False
12,east,,"message:


language observation:
horizontal wall near south
vertical wall very near east, southwest, and west
dark area very near southeast
horizontal wall adjacent north, northeast, and northwest
stairs up adjacent west

cursor:
Yourself a knight
(x=24, y=11)

map:
                                                                                
                                                                                
                                                                                
                                                                                
                                                                                
                                                                                
                                                                                
                                                                                
                                                                                
                      -----                                                     
                      |<@.|                                                     
                      |....                                                     
                      |...                                                      
                       ---                                                      
                                                                                
                                                                                
                                                                                
                                                                                
                                                                                
                                                                                
                                                                                
Agent the Gallant              St:15 Dx:10 Co:11 In:8 Wi:14 Ch:17 Lawful S:0    
Dlvl:1 $:0 HP:16(16) Pw:6(6) AC:3 Xp:1/0                                        

",0.0,False
13,east,,"message:


language observation:
horizontal wall near south
dark area near southwest
vertical wall near west
dark area very near southeast
stairs up very near west
horizontal wall adjacent north and northwest
northeast room corner adjacent northeast
vertical wall adjacent east

cursor:
Yourself a knight
(x=25, y=11)

map:
                                                                                
                                                                                
                                                                                
                                                                                
                                                                                
                                                                                
                                                                                
                                                                                
                                                                                
                      -----                                                     
                      |<.@|                                                     
                      |....                                                     
                      |...                                                      
                       ---                                                      
                                                                                
                                                                                
                                                                                
                                                                                
                                                                                
                                                                                
                                                                                
Agent the Gallant              St:15 Dx:10 Co:11 In:8 Wi:14 Ch:17 Lawful S:0    
Dlvl:1 $:0 HP:16(16) Pw:6(6) AC:3 Xp:1/0                                        

",0.0,False
14,east,,"message:
It's a wall.

language observation:
horizontal wall near south
dark area near southwest
vertical wall near west
dark area very near southeast
stairs up very near west
horizontal wall adjacent north and northwest
northeast room corner adjacent northeast
vertical wall adjacent east

cursor:
Yourself a knight
(x=25, y=11)

map:
                                                                                
                                                                                
                                                                                
                                                                                
                                                                                
                                                                                
                                                                                
                                                                                
                                                                                
                      -----                                                     
                      |<.@|                                                     
                      |....                                                     
                      |...                                                      
                       ---                                                      
                                                                                
                                                                                
                                                                                
                                                                                
                                                                                
                                                                                
                                                                                
Agent the Gallant              St:15 Dx:10 Co:11 In:8 Wi:14 Ch:17 Lawful S:0    
Dlvl:1 $:0 HP:16(16) Pw:6(6) AC:3 Xp:1/0                                        

",-0.01,False
15,east,,"message:
It's a wall.

language observation:
horizontal wall near south
dark area near southwest
vertical wall near west
dark area very near southeast
stairs up very near west
horizontal wall adjacent north and northwest
northeast room corner adjacent northeast
vertical wall adjacent east

cursor:
Yourself a knight
(x=25, y=11)

map:
                                                                                
                                                                                
                                                                                
                                                                                
                                                                                
                                                                                
                                                                                
                                                                                
                                                                                
                      -----                                                     
                      |<.@|                                                     
                      |....                                                     
                      |...                                                      
                       ---                                                      
                                                                                
                                                                                
                                                                                
                                                                                
                                                                                
                                                                                
                                                                                
Agent the Gallant              St:15 Dx:10 Co:11 In:8 Wi:14 Ch:17 Lawful S:0    
Dlvl:1 $:0 HP:16(16) Pw:6(6) AC:3 Xp:1/0                                        

",-0.01,False
16,west,,"message:


language observation:
horizontal wall near south
vertical wall very near east, southwest, and west
dark area very near southeast
horizontal wall adjacent north, northeast, and northwest
stairs up adjacent west

cursor:
Yourself a knight
(x=24, y=11)

map:
                                                                                
                                                                                
                                                                                
                                                                                
                                                                                
                                                                                
                                                                                
                                                                                
                                                                                
                      -----                                                     
                      |<@.|                                                     
                      |....                                                     
                      |...                                                      
                       ---                                                      
                                                                                
                                                                                
                                                                                
                                                                                
                                                                                
                                                                                
                                                                                
Agent the Gallant              St:15 Dx:10 Co:11 In:8 Wi:14 Ch:17 Lawful S:0    
Dlvl:1 $:0 HP:16(16) Pw:6(6) AC:3 Xp:1/0                                        

",0.0,False
17,south,,"message:


language observation:
dark area near east
horizontal wall very near north and south
northeast room corner very near northeast
dark area very near southeast and southwest
vertical wall very near west
northwest room corner very near northwest
stairs up adjacent northwest

cursor:
Yourself a knight
(x=24, y=12)

map:
                                                                                
                                                                                
                                                                                
                                                                                
                                                                                
                                                                                
                                                                                
                                                                                
                                                                                
                      -----                                                     
                      |<..|                                                     
                      |.@..                                                     
                      |...                                                      
                       ---                                                      
                                                                                
                                                                                
                                                                                
                                                                                
                                                                                
                                                                                
                                                                                
Agent the Gallant              St:15 Dx:10 Co:11 In:8 Wi:14 Ch:17 Lawful S:0    
Dlvl:1 $:0 HP:16(16) Pw:6(6) AC:3 Xp:1/0                                        

",0.0,False
18,north,,"message:


language observation:
horizontal wall near south
vertical wall very near east, southwest, and west
dark area very near southeast
horizontal wall adjacent north, northeast, and northwest
stairs up adjacent west

cursor:
Yourself a knight
(x=24, y=11)

map:
                                                                                
                                                                                
                                                                                
                                                                                
                                                                                
                                                                                
                                                                                
                                                                                
                                                                                
                      -----                                                     
                      |<@.|                                                     
                      |....                                                     
                      |...                                                      
                       ---                                                      
                                                                                
                                                                                
                                                                                
                                                                                
                                                                                
                                                                                
                                                                                
Agent the Gallant              St:15 Dx:10 Co:11 In:8 Wi:14 Ch:17 Lawful S:0    
Dlvl:1 $:0 HP:16(16) Pw:6(6) AC:3 Xp:1/0                                        

",0.0,False
19,west,,"message:


language observation:
vertical wall near east
dark area near southeast
horizontal wall near south
horizontal wall adjacent north and northeast
vertical wall adjacent southwest and west
northwest room corner adjacent northwest

cursor:
Yourself a knight
(x=23, y=11)

map:
                                                                                
                                                                                
                                                                                
                                                                                
                                                                                
                                                                                
                                                                                
                                                                                
                                                                                
                      -----                                                     
                      |@..|                                                     
                      |....                                                     
                      |...                                                      
                       ---                                                      
                                                                                
                                                                                
                                                                                
                                                                                
                                                                                
                                                                                
                                                                                
Agent the Gallant              St:15 Dx:10 Co:11 In:8 Wi:14 Ch:17 Lawful S:0    
Dlvl:1 $:0 HP:16(16) Pw:6(6) AC:3 Xp:1/0                                        

",0.0,False
20,east,,"message:


language observation:
horizontal wall near south
vertical wall very near east, southwest, and west
dark area very near southeast
horizontal wall adjacent north, northeast, and northwest
stairs up adjacent west

cursor:
Yourself a knight
(x=24, y=11)

map:
                                                                                
                                                                                
                                                                                
                                                                                
                                                                                
                                                                                
                                                                                
                                                                                
                                                                                
                      -----                                                     
                      |<@.|                                                     
                      |....                                                     
                      |...                                                      
                       ---                                                      
                                                                                
                                                                                
                                                                                
                                                                                
                                                                                
                                                                                
                                                                                
Agent the Gallant              St:15 Dx:10 Co:11 In:8 Wi:14 Ch:17 Lawful S:0    
Dlvl:1 $:0 HP:16(16) Pw:6(6) AC:3 Xp:1/0                                        

",0.0,False
21,southeast,,"message:


language observation:
vertical wall near west
horizontal wall very near north, south, southwest, and northwest
dark area very near east
stairs up very near westnorthwest
vertical wall adjacent northeast and southeast

cursor:
Yourself a knight
(x=25, y=12)

map:
                                                                                
                                                                                
                                                                                
                                                                                
                                                                                
                                                                                
                                                                                
                                                                                
                                                                                
                      -----                                                     
                      |<..|                                                     
                      |..@.                                                     
                      |...|                                                     
                       ---                                                      
                                                                                
                                                                                
                                                                                
                                                                                
                                                                                
                                                                                
                                                                                
Agent the Gallant              St:15 Dx:10 Co:11 In:8 Wi:14 Ch:17 Lawful S:0    
Dlvl:1 $:0 HP:16(16) Pw:6(6) AC:3 Xp:1/0                                        

",0.0,False
22,north,,"message:


language observation:
horizontal wall near south
dark area near southwest
vertical wall near west
dark area very near southeast
stairs up very near west
horizontal wall adjacent north and northwest
northeast room corner adjacent northeast
vertical wall adjacent east

cursor:
Yourself a knight
(x=25, y=11)

map:
                                                                                
                                                                                
                                                                                
                                                                                
                                                                                
                                                                                
                                                                                
                                                                                
                                                                                
                      -----                                                     
                      |<.@|                                                     
                      |....                                                     
                      |...|                                                     
                       ---                                                      
                                                                                
                                                                                
                                                                                
                                                                                
                                                                                
                                                                                
                                                                                
Agent the Gallant              St:15 Dx:10 Co:11 In:8 Wi:14 Ch:17 Lawful S:0    
Dlvl:1 $:0 HP:16(16) Pw:6(6) AC:3 Xp:1/0                                        

",0.0,False
23,north,,"message:
It's a wall.

language observation:
horizontal wall near south
dark area near southwest
vertical wall near west
dark area very near southeast
stairs up very near west
horizontal wall adjacent north and northwest
northeast room corner adjacent northeast
vertical wall adjacent east

cursor:
Yourself a knight
(x=25, y=11)

map:
                                                                                
                                                                                
                                                                                
                                                                                
                                                                                
                                                                                
                                                                                
                                                                                
                                                                                
                      -----                                                     
                      |<.@|                                                     
                      |....                                                     
                      |...|                                                     
                       ---                                                      
                                                                                
                                                                                
                                                                                
                                                                                
                                                                                
                                                                                
                                                                                
Agent the Gallant              St:15 Dx:10 Co:11 In:8 Wi:14 Ch:17 Lawful S:0    
Dlvl:1 $:0 HP:16(16) Pw:6(6) AC:3 Xp:1/0                                        

",-0.01,False
24,north,,"message:
It's a wall.

language observation:
horizontal wall near south
dark area near southwest
vertical wall near west
dark area very near southeast
stairs up very near west
horizontal wall adjacent north and northwest
northeast room corner adjacent northeast
vertical wall adjacent east

cursor:
Yourself a knight
(x=25, y=11)

map:
                                                                                
                                                                                
                                                                                
                                                                                
                                                                                
                                                                                
                                                                                
                                                                                
                                                                                
                      -----                                                     
                      |<.@|                                                     
                      |....                                                     
                      |...|                                                     
                       ---                                                      
                                                                                
                                                                                
                                                                                
                                                                                
                                                                                
                                                                                
                                                                                
Agent the Gallant              St:15 Dx:10 Co:11 In:8 Wi:14 Ch:17 Lawful S:0    
Dlvl:1 $:0 HP:16(16) Pw:6(6) AC:3 Xp:1/0                                        

",-0.01,False
25,west,,"message:


language observation:
horizontal wall near south
vertical wall very near east, southeast, southwest, and west
horizontal wall adjacent north, northeast, and northwest
stairs up adjacent west

cursor:
Yourself a knight
(x=24, y=11)

map:
                                                                                
                                                                                
                                                                                
                                                                                
                                                                                
                                                                                
                                                                                
                                                                                
                                                                                
                      -----                                                     
                      |<@.|                                                     
                      |....                                                     
                      |...|                                                     
                       ---                                                      
                                                                                
                                                                                
                                                                                
                                                                                
                                                                                
                                                                                
                                                                                
Agent the Gallant              St:15 Dx:10 Co:11 In:8 Wi:14 Ch:17 Lawful S:0    
Dlvl:1 $:0 HP:16(16) Pw:6(6) AC:3 Xp:1/0                                        

",0.0,False
26,southeast,,"message:


language observation:
vertical wall near west
horizontal wall very near north, south, southwest, and northwest
dark area very near east
stairs up very near westnorthwest
vertical wall adjacent northeast and southeast

cursor:
Yourself a knight
(x=25, y=12)

map:
                                                                                
                                                                                
                                                                                
                                                                                
                                                                                
                                                                                
                                                                                
                                                                                
                                                                                
                      -----                                                     
                      |<..|                                                     
                      |..@.                                                     
                      |...|                                                     
                       ---                                                      
                                                                                
                                                                                
                                                                                
                                                                                
                                                                                
                                                                                
                                                                                
Agent the Gallant              St:15 Dx:10 Co:11 In:8 Wi:14 Ch:17 Lawful S:0    
Dlvl:1 $:0 HP:16(16) Pw:6(6) AC:3 Xp:1/0                                        

",0.0,False
27,east,,"message:


language observation:
vertical wall near west
stairs up near westnorthwest
dark area very near east
horizontal wall very near southwest and northwest
vertical wall adjacent north and south
dark area adjacent northeast and southeast

cursor:
Yourself a knight
(x=26, y=12)

map:
                                                                                
                                                                                
                                                                                
                                                                                
                                                                                
                                                                                
                                                                                
                                                                                
                                                                                
                      -----                                                     
                      |<..|                                                     
                      |...@#                                                    
                      |...|                                                     
                       ---                                                      
                                                                                
                                                                                
                                                                                
                                                                                
                                                                                
                                                                                
                                                                                
Agent the Gallant              St:15 Dx:10 Co:11 In:8 Wi:14 Ch:17 Lawful S:0    
Dlvl:1 $:0 HP:16(16) Pw:6(6) AC:3 Xp:1/0                                        

",0.0,False
28,north,,"message:
It's a wall.

language observation:
vertical wall near west
stairs up near westnorthwest
dark area very near east
horizontal wall very near southwest and northwest
vertical wall adjacent north and south
dark area adjacent northeast and southeast

cursor:
Yourself a knight
(x=26, y=12)

map:
                                                                                
                                                                                
                                                                                
                                                                                
                                                                                
                                                                                
                                                                                
                                                                                
                                                                                
                      -----                                                     
                      |<..|                                                     
                      |...@#                                                    
                      |...|                                                     
                       ---                                                      
                                                                                
                                                                                
                                                                                
                                                                                
                                                                                
                                                                                
                                                                                
Agent the Gallant              St:15 Dx:10 Co:11 In:8 Wi:14 Ch:17 Lawful S:0    
Dlvl:1 $:0 HP:16(16) Pw:6(6) AC:3 Xp:1/0                                        

",-0.01,False
29,east,,"message:


language observation:
vertical wall near west
stairs up near westnorthwest
dark area very near east
dark area adjacent north, northeast, southeast, and south
vertical wall adjacent southwest and northwest

cursor:
Yourself a knight
(x=27, y=12)

map:
                                                                                
                                                                                
                                                                                
                                                                                
                                                                                
                                                                                
                                                                                
                                                                                
                                                                                
                      -----                                                     
                      |<..|                                                     
                      |....@#                                                   
                      |...|                                                     
                       ---                                                      
                                                                                
                                                                                
                                                                                
                                                                                
                                                                                
                                                                                
                                                                                
Agent the Gallant              St:15 Dx:10 Co:11 In:8 Wi:14 Ch:17 Lawful S:0    
Dlvl:1 $:0 HP:16(16) Pw:6(6) AC:3 Xp:1/0                                        

",0.0,False
30,south,,"message:
It's solid stone.

language observation:
vertical wall near west
stairs up near westnorthwest
dark area very near east
dark area adjacent north, northeast, southeast, and south
vertical wall adjacent southwest and northwest

cursor:
Yourself a knight
(x=27, y=12)

map:
                                                                                
                                                                                
                                                                                
                                                                                
                                                                                
                                                                                
                                                                                
                                                                                
                                                                                
                      -----                                                     
                      |<..|                                                     
                      |....@#                                                   
                      |...|                                                     
                       ---                                                      
                                                                                
                                                                                
                                                                                
                                                                                
                                                                                
                                                                                
                                                                                
Agent the Gallant              St:15 Dx:10 Co:11 In:8 Wi:14 Ch:17 Lawful S:0    
Dlvl:1 $:0 HP:16(16) Pw:6(6) AC:3 Xp:1/0                                        

",-0.01,False
31,east,,"message:


language observation:
vertical wall far west
stairs up near westnorthwest
dark area very near east
dark area adjacent north, northeast, southeast, south, southwest, and northwest

cursor:
Yourself a knight
(x=28, y=12)

map:
                                                                                
                                                                                
                                                                                
                                                                                
                                                                                
                                                                                
                                                                                
                                                                                
                                                                                
                      -----                                                     
                      |<..|                                                     
                      |....#@#                                                  
                      |...|                                                     
                       ---                                                      
                                                                                
                                                                                
                                                                                
                                                                                
                                                                                
                                                                                
                                                                                
Agent the Gallant              St:15 Dx:10 Co:11 In:8 Wi:14 Ch:17 Lawful S:0    
Dlvl:1 $:0 HP:16(16) Pw:6(6) AC:3 Xp:1/0                                        

",0.0,False
32,north,,"message:
It's solid stone.

language observation:
vertical wall far west
stairs up near westnorthwest
dark area very near east
dark area adjacent north, northeast, southeast, south, southwest, and northwest

cursor:
Yourself a knight
(x=28, y=12)

map:
                                                                                
                                                                                
                                                                                
                                                                                
                                                                                
                                                                                
                                                                                
                                                                                
                                                                                
                      -----                                                     
                      |<..|                                                     
                      |....#@#                                                  
                      |...|                                                     
                       ---                                                      
                                                                                
                                                                                
                                                                                
                                                                                
                                                                                
                                                                                
                                                                                
Agent the Gallant              St:15 Dx:10 Co:11 In:8 Wi:14 Ch:17 Lawful S:0    
Dlvl:1 $:0 HP:16(16) Pw:6(6) AC:3 Xp:1/0                                        

",-0.01,False
33,east,,"message:
The giant rat misses!

language observation:
vertical wall far west
stairs up far westnorthwest
dark area very near east
dark area adjacent north, northeast, southeast, south, southwest, and northwest
giant rat adjacent east

cursor:
Yourself a knight
(x=29, y=12)

map:
                                                                                
                                                                                
                                                                                
                                                                                
                                                                                
                                                                                
                                                                                
                                                                                
                                                                                
                      -----                                                     
                      |<..|                                                     
                      |....##@r                                                 
                      |...|                                                     
                       ---                                                      
                                                                                
                                                                                
                                                                                
                                                                                
                                                                                
                                                                                
                                                                                
Agent the Gallant              St:15 Dx:10 Co:11 In:8 Wi:14 Ch:17 Lawful S:0    
Dlvl:1 $:0 HP:16(16) Pw:6(6) AC:3 Xp:1/0                                        

",0.0,False
34,west,,"message:


language observation:
vertical wall far west
dark area near east
stairs up near westnorthwest
dark area adjacent north, northeast, southeast, south, southwest, and northwest
giant rat adjacent east

cursor:
Yourself a knight
(x=28, y=12)

map:
                                                                                
                                                                                
                                                                                
                                                                                
                                                                                
                                                                                
                                                                                
                                                                                
                                                                                
                      -----                                                     
                      |<..|                                                     
                      |....#@r#                                                 
                      |...|                                                     
                       ---                                                      
                                                                                
                                                                                
                                                                                
                                                                                
                                                                                
                                                                                
                                                                                
Agent the Gallant              St:15 Dx:10 Co:11 In:8 Wi:14 Ch:17 Lawful S:0    
Dlvl:1 $:0 HP:16(16) Pw:6(6) AC:3 Xp:1/0                                        

",0.0,False
35,east,,"message:
You miss the giant rat.  The giant rat bites!

language observation:
vertical wall far west
dark area near east
stairs up near westnorthwest
dark area adjacent north, northeast, southeast, south, southwest, and northwest
giant rat adjacent east

cursor:
Yourself a knight
(x=28, y=12)

map:
                                                                                
                                                                                
                                                                                
                                                                                
                                                                                
                                                                                
                                                                                
                                                                                
                                                                                
                      -----                                                     
                      |<..|                                                     
                      |....#@r#                                                 
                      |...|                                                     
                       ---                                                      
                                                                                
                                                                                
                                                                                
                                                                                
                                                                                
                                                                                
                                                                                
Agent the Gallant              St:15 Dx:10 Co:11 In:8 Wi:14 Ch:17 Lawful S:0    
Dlvl:1 $:0 HP:15(16) Pw:6(6) AC:3 Xp:1/0                                        

",0.0,False
36,east,,"message:
You miss the giant rat.

language observation:
vertical wall far west
dark area near east
stairs up near westnorthwest
dark area adjacent north, northeast, southeast, south, southwest, and northwest
giant rat adjacent east

cursor:
Yourself a knight
(x=28, y=12)

map:
                                                                                
                                                                                
                                                                                
                                                                                
                                                                                
                                                                                
                                                                                
                                                                                
                                                                                
                      -----                                                     
                      |<..|                                                     
                      |....#@r#                                                 
                      |...|                                                     
                       ---                                                      
                                                                                
                                                                                
                                                                                
                                                                                
                                                                                
                                                                                
                                                                                
Agent the Gallant              St:15 Dx:10 Co:11 In:8 Wi:14 Ch:17 Lawful S:0    
Dlvl:1 $:0 HP:15(16) Pw:6(6) AC:3 Xp:1/0                                        

",0.0,False
37,west,,"message:


language observation:
dark area near east
vertical wall near west
stairs up near westnorthwest
dark area adjacent north, northeast, southeast, and south
vertical wall adjacent southwest and northwest

cursor:
Yourself a knight
(x=27, y=12)

map:
                                                                                
                                                                                
                                                                                
                                                                                
                                                                                
                                                                                
                                                                                
                                                                                
                                                                                
                      -----                                                     
                      |<..|                                                     
                      |....@###                                                 
                      |...|                                                     
                       ---                                                      
                                                                                
                                                                                
                                                                                
                                                                                
                                                                                
                                                                                
                                                                                
Agent the Gallant              St:15 Dx:10 Co:11 In:8 Wi:14 Ch:17 Lawful S:0    
Dlvl:1 $:0 HP:15(16) Pw:6(6) AC:3 Xp:1/0                                        

",0.0,False
38,north,,"message:
It's solid stone.

language observation:
dark area near east
vertical wall near west
stairs up near westnorthwest
dark area adjacent north, northeast, southeast, and south
vertical wall adjacent southwest and northwest

cursor:
Yourself a knight
(x=27, y=12)

map:
                                                                                
                                                                                
                                                                                
                                                                                
                                                                                
                                                                                
                                                                                
                                                                                
                                                                                
                      -----                                                     
                      |<..|                                                     
                      |....@###                                                 
                      |...|                                                     
                       ---                                                      
                                                                                
                                                                                
                                                                                
                                                                                
                                                                                
                                                                                
                                                                                
Agent the Gallant              St:15 Dx:10 Co:11 In:8 Wi:14 Ch:17 Lawful S:0    
Dlvl:1 $:0 HP:15(16) Pw:6(6) AC:3 Xp:1/0                                        

",-0.01,False
39,south,,"message:
It's solid stone.

language observation:
dark area near east
vertical wall near west
stairs up near westnorthwest
dark area adjacent north, northeast, southeast, and south
vertical wall adjacent southwest and northwest

cursor:
Yourself a knight
(x=27, y=12)

map:
                                                                                
                                                                                
                                                                                
                                                                                
                                                                                
                                                                                
                                                                                
                                                                                
                                                                                
                      -----                                                     
                      |<..|                                                     
                      |....@###                                                 
                      |...|                                                     
                       ---                                                      
                                                                                
                                                                                
                                                                                
                                                                                
                                                                                
                                                                                
                                                                                
Agent the Gallant              St:15 Dx:10 Co:11 In:8 Wi:14 Ch:17 Lawful S:0    
Dlvl:1 $:0 HP:15(16) Pw:6(6) AC:3 Xp:1/0                                        

",-0.01,False
40,south,,"message:
It's solid stone.

language observation:
dark area near east
vertical wall near west
stairs up near westnorthwest
dark area adjacent north, northeast, southeast, and south
vertical wall adjacent southwest and northwest

cursor:
Yourself a knight
(x=27, y=12)

map:
                                                                                
                                                                                
                                                                                
                                                                                
                                                                                
                                                                                
                                                                                
                                                                                
                                                                                
                      -----                                                     
                      |<..|                                                     
                      |....@###                                                 
                      |...|                                                     
                       ---                                                      
                                                                                
                                                                                
                                                                                
                                                                                
                                                                                
                                                                                
                                                                                
Agent the Gallant              St:15 Dx:10 Co:11 In:8 Wi:14 Ch:17 Lawful S:0    
Dlvl:1 $:0 HP:15(16) Pw:6(6) AC:3 Xp:1/0                                        

",-0.01,False
41,south,,"message:
It's solid stone.

language observation:
dark area near east
vertical wall near west
stairs up near westnorthwest
dark area adjacent north, northeast, southeast, and south
vertical wall adjacent southwest and northwest

cursor:
Yourself a knight
(x=27, y=12)

map:
                                                                                
                                                                                
                                                                                
                                                                                
                                                                                
                                                                                
                                                                                
                                                                                
                                                                                
                      -----                                                     
                      |<..|                                                     
                      |....@###                                                 
                      |...|                                                     
                       ---                                                      
                                                                                
                                                                                
                                                                                
                                                                                
                                                                                
                                                                                
                                                                                
Agent the Gallant              St:15 Dx:10 Co:11 In:8 Wi:14 Ch:17 Lawful S:0    
Dlvl:1 $:0 HP:15(16) Pw:6(6) AC:3 Xp:1/0                                        

",-0.01,False
42,south,,"message:
It's solid stone.

language observation:
dark area near east
vertical wall near west
stairs up near westnorthwest
dark area adjacent north, northeast, southeast, and south
vertical wall adjacent southwest and northwest

cursor:
Yourself a knight
(x=27, y=12)

map:
                                                                                
                                                                                
                                                                                
                                                                                
                                                                                
                                                                                
                                                                                
                                                                                
                                                                                
                      -----                                                     
                      |<..|                                                     
                      |....@###                                                 
                      |...|                                                     
                       ---                                                      
                                                                                
                                                                                
                                                                                
                                                                                
                                                                                
                                                                                
                                                                                
Agent the Gallant              St:15 Dx:10 Co:11 In:8 Wi:14 Ch:17 Lawful S:0    
Dlvl:1 $:0 HP:15(16) Pw:6(6) AC:3 Xp:1/0                                        

",-0.01,False
43,east,,"message:


language observation:
vertical wall far west
dark area near east
stairs up near westnorthwest
dark area adjacent north, northeast, southeast, south, southwest, and northwest
giant rat adjacent east

cursor:
Yourself a knight
(x=28, y=12)

map:
                                                                                
                                                                                
                                                                                
                                                                                
                                                                                
                                                                                
                                                                                
                                                                                
                                                                                
                      -----                                                     
                      |<..|                                                     
                      |....#@r#                                                 
                      |...|                                                     
                       ---                                                      
                                                                                
                                                                                
                                                                                
                                                                                
                                                                                
                                                                                
                                                                                
Agent the Gallant              St:15 Dx:10 Co:11 In:8 Wi:14 Ch:17 Lawful S:0    
Dlvl:1 $:0 HP:15(16) Pw:6(6) AC:3 Xp:1/0                                        

",0.0,False
44,east,,"message:
You kill the giant rat!

language observation:
vertical wall far west
dark area near east
stairs up near westnorthwest
dark area adjacent north, northeast, southeast, south, southwest, and northwest
giant rat adjacent east

cursor:
Yourself a knight
(x=28, y=12)

map:
                                                                                
                                                                                
                                                                                
                                                                                
                                                                                
                                                                                
                                                                                
                                                                                
                                                                                
                      -----                                                     
                      |<..|                                                     
                      |....#@r#                                                 
                      |...|                                                     
                       ---                                                      
                                                                                
                                                                                
                                                                                
                                                                                
                                                                                
                                                                                
                                                                                
Agent the Gallant              St:15 Dx:10 Co:11 In:8 Wi:14 Ch:17 Lawful S:8    
Dlvl:1 $:0 HP:15(16) Pw:6(6) AC:3 Xp:1/2                                        

",0.0,False
45,east,,"message:
You hit the giant rat.  The giant rat misses!

language observation:
vertical wall far west
dark area near east
stairs up near westnorthwest
dark area adjacent north, northeast, southeast, south, southwest, and northwest
giant rat adjacent east

cursor:
Yourself a knight
(x=28, y=12)

map:
                                                                                
                                                                                
                                                                                
                                                                                
                                                                                
                                                                                
                                                                                
                                                                                
                                                                                
                      -----                                                     
                      |<..|                                                     
                      |....#@r#                                                 
                      |...|                                                     
                       ---                                                      
                                                                                
                                                                                
                                                                                
                                                                                
                                                                                
                                                                                
                                                                                
Agent the Gallant              St:15 Dx:10 Co:11 In:8 Wi:14 Ch:17 Lawful S:8    
Dlvl:1 $:0 HP:15(16) Pw:6(6) AC:3 Xp:1/2                                        

",0.0,False
46,west,,"message:


language observation:
dark area near east
vertical wall near west
stairs up near westnorthwest
dark area adjacent north, northeast, southeast, and south
giant rat adjacent east
vertical wall adjacent southwest and northwest

cursor:
Yourself a knight
(x=27, y=12)

map:
                                                                                
                                                                                
                                                                                
                                                                                
                                                                                
                                                                                
                                                                                
                                                                                
                                                                                
                      -----                                                     
                      |<..|                                                     
                      |....@r##                                                 
                      |...|                                                     
                       ---                                                      
                                                                                
                                                                                
                                                                                
                                                                                
                                                                                
                                                                                
                                                                                
Agent the Gallant              St:15 Dx:10 Co:11 In:8 Wi:14 Ch:17 Lawful S:8    
Dlvl:1 $:0 HP:15(16) Pw:6(6) AC:3 Xp:1/2                                        

",0.0,False
47,north,,"message:
It's solid stone.

language observation:
dark area near east
vertical wall near west
stairs up near westnorthwest
dark area adjacent north, northeast, southeast, and south
giant rat adjacent east
vertical wall adjacent southwest and northwest

cursor:
Yourself a knight
(x=27, y=12)

map:
                                                                                
                                                                                
                                                                                
                                                                                
                                                                                
                                                                                
                                                                                
                                                                                
                                                                                
                      -----                                                     
                      |<..|                                                     
                      |....@r##                                                 
                      |...|                                                     
                       ---                                                      
                                                                                
                                                                                
                                                                                
                                                                                
                                                                                
                                                                                
                                                                                
Agent the Gallant              St:15 Dx:10 Co:11 In:8 Wi:14 Ch:17 Lawful S:8    
Dlvl:1 $:0 HP:15(16) Pw:6(6) AC:3 Xp:1/2                                        

",-0.01,False
48,east,,"message:
You kill the giant rat!

language observation:
dark area near east
vertical wall near west
stairs up near westnorthwest
dark area adjacent north, northeast, southeast, and south
vertical wall adjacent southwest and northwest

cursor:
Yourself a knight
(x=27, y=12)

map:
                                                                                
                                                                                
                                                                                
                                                                                
                                                                                
                                                                                
                                                                                
                                                                                
                                                                                
                      -----                                                     
                      |<..|                                                     
                      |....@###                                                 
                      |...|                                                     
                       ---                                                      
                                                                                
                                                                                
                                                                                
                                                                                
                                                                                
                                                                                
                                                                                
Agent the Gallant              St:15 Dx:10 Co:11 In:8 Wi:14 Ch:17 Lawful S:16   
Dlvl:1 $:0 HP:15(16) Pw:6(6) AC:3 Xp:1/4                                        

",0.0,False
49,north,,"message:
It's solid stone.

language observation:
dark area near east
vertical wall near west
stairs up near westnorthwest
dark area adjacent north, northeast, southeast, and south
vertical wall adjacent southwest and northwest

cursor:
Yourself a knight
(x=27, y=12)

map:
                                                                                
                                                                                
                                                                                
                                                                                
                                                                                
                                                                                
                                                                                
                                                                                
                                                                                
                      -----                                                     
                      |<..|                                                     
                      |....@###                                                 
                      |...|                                                     
                       ---                                                      
                                                                                
                                                                                
                                                                                
                                                                                
                                                                                
                                                                                
                                                                                
Agent the Gallant              St:15 Dx:10 Co:11 In:8 Wi:14 Ch:17 Lawful S:16   
Dlvl:1 $:0 HP:15(16) Pw:6(6) AC:3 Xp:1/4                                        

",-0.01,False
50,southeast,,"message:
It's solid stone.

language observation:
dark area near east
vertical wall near west
stairs up near westnorthwest
dark area adjacent north, northeast, southeast, and south
vertical wall adjacent southwest and northwest

cursor:
Yourself a knight
(x=27, y=12)

map:
                                                                                
                                                                                
                                                                                
                                                                                
                                                                                
                                                                                
                                                                                
                                                                                
                                                                                
                      -----                                                     
                      |<..|                                                     
                      |....@###                                                 
                      |...|                                                     
                       ---                                                      
                                                                                
                                                                                
                                                                                
                                                                                
                                                                                
                                                                                
                                                                                
Agent the Gallant              St:15 Dx:10 Co:11 In:8 Wi:14 Ch:17 Lawful S:16   
Dlvl:1 $:0 HP:15(16) Pw:6(6) AC:3 Xp:1/4                                        

",-0.01,False
51,west,,"message:


language observation:
dark area near east
vertical wall near west
stairs up near westnorthwest
horizontal wall very near southwest and northwest
vertical wall adjacent north and south
dark area adjacent northeast and southeast

cursor:
Yourself a knight
(x=26, y=12)

map:
                                                                                
                                                                                
                                                                                
                                                                                
                                                                                
                                                                                
                                                                                
                                                                                
                                                                                
                      -----                                                     
                      |<..|                                                     
                      |...@####                                                 
                      |...|                                                     
                       ---                                                      
                                                                                
                                                                                
                                                                                
                                                                                
                                                                                
                                                                                
                                                                                
Agent the Gallant              St:15 Dx:10 Co:11 In:8 Wi:14 Ch:17 Lawful S:16   
Dlvl:1 $:0 HP:15(16) Pw:6(6) AC:3 Xp:1/4                                        

",0.0,False
52,south,,"message:
It's a wall.

language observation:
dark area near east
vertical wall near west
stairs up near westnorthwest
horizontal wall very near southwest and northwest
vertical wall adjacent north and south
dark area adjacent northeast and southeast

cursor:
Yourself a knight
(x=26, y=12)

map:
                                                                                
                                                                                
                                                                                
                                                                                
                                                                                
                                                                                
                                                                                
                                                                                
                                                                                
                      -----                                                     
                      |<..|                                                     
                      |...@####                                                 
                      |...|                                                     
                       ---                                                      
                                                                                
                                                                                
                                                                                
                                                                                
                                                                                
                                                                                
                                                                                
Agent the Gallant              St:15 Dx:10 Co:11 In:8 Wi:14 Ch:17 Lawful S:16   
Dlvl:1 $:0 HP:15(16) Pw:6(6) AC:3 Xp:1/4                                        

",-0.01,False
53,west,,"message:


language observation:
dark area far east
vertical wall near west
horizontal wall very near north, south, southwest, and northwest
stairs up very near westnorthwest
vertical wall adjacent northeast and southeast

cursor:
Yourself a knight
(x=25, y=12)

map:
                                                                                
                                                                                
                                                                                
                                                                                
                                                                                
                                                                                
                                                                                
                                                                                
                                                                                
                      -----                                                     
                      |<..|                                                     
                      |..@.####                                                 
                      |...|                                                     
                       ---                                                      
                                                                                
                                                                                
                                                                                
                                                                                
                                                                                
                                                                                
                                                                                
Agent the Gallant              St:15 Dx:10 Co:11 In:8 Wi:14 Ch:17 Lawful S:16   
Dlvl:1 $:0 HP:15(16) Pw:6(6) AC:3 Xp:1/4                                        

",0.0,False
54,east,,"message:
The giant rat misses!

language observation:
dark area near east
vertical wall near west
stairs up near westnorthwest
horizontal wall very near southwest and northwest
vertical wall adjacent north and south
dark area adjacent northeast and southeast
giant rat adjacent east

cursor:
Yourself a knight
(x=26, y=12)

map:
                                                                                
                                                                                
                                                                                
                                                                                
                                                                                
                                                                                
                                                                                
                                                                                
                                                                                
                      -----                                                     
                      |<..|                                                     
                      |...@r###                                                 
                      |...|                                                     
                       ---                                                      
                                                                                
                                                                                
                                                                                
                                                                                
                                                                                
                                                                                
                                                                                
Agent the Gallant              St:15 Dx:10 Co:11 In:8 Wi:14 Ch:17 Lawful S:16   
Dlvl:1 $:0 HP:15(16) Pw:6(6) AC:3 Xp:1/4                                        

",0.0,False
55,north,,"message:
It's a wall.

language observation:
dark area near east
vertical wall near west
stairs up near westnorthwest
horizontal wall very near southwest and northwest
vertical wall adjacent north and south
dark area adjacent northeast and southeast
giant rat adjacent east

cursor:
Yourself a knight
(x=26, y=12)

map:
                                                                                
                                                                                
                                                                                
                                                                                
                                                                                
                                                                                
                                                                                
                                                                                
                                                                                
                      -----                                                     
                      |<..|                                                     
                      |...@r###                                                 
                      |...|                                                     
                       ---                                                      
                                                                                
                                                                                
                                                                                
                                                                                
                                                                                
                                                                                
                                                                                
Agent the Gallant              St:15 Dx:10 Co:11 In:8 Wi:14 Ch:17 Lawful S:16   
Dlvl:1 $:0 HP:15(16) Pw:6(6) AC:3 Xp:1/4                                        

",-0.01,False
56,east,,"message:
You kill the giant rat!

language observation:
dark area near east
vertical wall near west
stairs up near westnorthwest
horizontal wall very near southwest and northwest
vertical wall adjacent north and south
dark area adjacent northeast and southeast

cursor:
Yourself a knight
(x=26, y=12)

map:
                                                                                
                                                                                
                                                                                
                                                                                
                                                                                
                                                                                
                                                                                
                                                                                
                                                                                
                      -----                                                     
                      |<..|                                                     
                      |...@####                                                 
                      |...|                                                     
                       ---                                                      
                                                                                
                                                                                
                                                                                
                                                                                
                                                                                
                                                                                
                                                                                
Agent the Gallant              St:15 Dx:10 Co:11 In:8 Wi:14 Ch:17 Lawful S:24   
Dlvl:1 $:0 HP:15(16) Pw:6(6) AC:3 Xp:1/6                                        

",0.0,False
57,south,,"message:
It's a wall.

language observation:
dark area near east
vertical wall near west
stairs up near westnorthwest
horizontal wall very near southwest and northwest
vertical wall adjacent north and south
dark area adjacent northeast and southeast

cursor:
Yourself a knight
(x=26, y=12)

map:
                                                                                
                                                                                
                                                                                
                                                                                
                                                                                
                                                                                
                                                                                
                                                                                
                                                                                
                      -----                                                     
                      |<..|                                                     
                      |...@####                                                 
                      |...|                                                     
                       ---                                                      
                                                                                
                                                                                
                                                                                
                                                                                
                                                                                
                                                                                
                                                                                
Agent the Gallant              St:15 Dx:10 Co:11 In:8 Wi:14 Ch:17 Lawful S:24   
Dlvl:1 $:0 HP:15(16) Pw:6(6) AC:3 Xp:1/6                                        

",-0.01,False
58,west,,"message:


language observation:
dark area far east
vertical wall near west
horizontal wall very near north, south, southwest, and northwest
stairs up very near westnorthwest
vertical wall adjacent northeast and southeast

cursor:
Yourself a knight
(x=25, y=12)

map:
                                                                                
                                                                                
                                                                                
                                                                                
                                                                                
                                                                                
                                                                                
                                                                                
                                                                                
                      -----                                                     
                      |<..|                                                     
                      |..@.####                                                 
                      |...|                                                     
                       ---                                                      
                                                                                
                                                                                
                                                                                
                                                                                
                                                                                
                                                                                
                                                                                
Agent the Gallant              St:15 Dx:10 Co:11 In:8 Wi:14 Ch:17 Lawful S:24   
Dlvl:1 $:0 HP:15(16) Pw:6(6) AC:3 Xp:1/6                                        

",0.0,False
59,northwest,,"message:


language observation:
horizontal wall near south
vertical wall very near east, southeast, southwest, and west
horizontal wall adjacent north, northeast, and northwest
stairs up adjacent west

cursor:
Yourself a knight
(x=24, y=11)

map:
                                                                                
                                                                                
                                                                                
                                                                                
                                                                                
                                                                                
                                                                                
                                                                                
                                                                                
                      -----                                                     
                      |<@.|                                                     
                      |....####                                                 
                      |...|                                                     
                       ---                                                      
                                                                                
                                                                                
                                                                                
                                                                                
                                                                                
                                                                                
                                                                                
Agent the Gallant              St:15 Dx:10 Co:11 In:8 Wi:14 Ch:17 Lawful S:24   
Dlvl:1 $:0 HP:15(16) Pw:6(6) AC:3 Xp:1/6                                        

",0.0,False
60,west,,"message:


language observation:
vertical wall near east
dark area near southeast
horizontal wall near south
horizontal wall adjacent north and northeast
vertical wall adjacent southwest and west
northwest room corner adjacent northwest

cursor:
Yourself a knight
(x=23, y=11)

map:
                                                                                
                                                                                
                                                                                
                                                                                
                                                                                
                                                                                
                                                                                
                                                                                
                                                                                
                      -----                                                     
                      |@..|                                                     
                      |....####                                                 
                      |...|                                                     
                       ---                                                      
                                                                                
                                                                                
                                                                                
                                                                                
                                                                                
                                                                                
                                                                                
Agent the Gallant              St:15 Dx:10 Co:11 In:8 Wi:14 Ch:17 Lawful S:24   
Dlvl:1 $:0 HP:15(16) Pw:6(6) AC:3 Xp:1/6                                        

",0.0,False
61,north,,"message:
It's a wall.

language observation:
vertical wall near east
dark area near southeast
horizontal wall near south
horizontal wall adjacent north and northeast
vertical wall adjacent southwest and west
northwest room corner adjacent northwest

cursor:
Yourself a knight
(x=23, y=11)

map:
                                                                                
                                                                                
                                                                                
                                                                                
                                                                                
                                                                                
                                                                                
                                                                                
                                                                                
                      -----                                                     
                      |@..|                                                     
                      |....####                                                 
                      |...|                                                     
                       ---                                                      
                                                                                
                                                                                
                                                                                
                                                                                
                                                                                
                                                                                
                                                                                
Agent the Gallant              St:15 Dx:10 Co:11 In:8 Wi:14 Ch:17 Lawful S:24   
Dlvl:1 $:0 HP:15(16) Pw:6(6) AC:3 Xp:1/6                                        

",-0.01,False
62,south,,"message:


language observation:
dark area far east
horizontal wall very near north, northeast, southeast, and south
stairs up adjacent north
vertical wall adjacent southwest, west, and northwest

cursor:
Yourself a knight
(x=23, y=12)

map:
                                                                                
                                                                                
                                                                                
                                                                                
                                                                                
                                                                                
                                                                                
                                                                                
                                                                                
                      -----                                                     
                      |<..|                                                     
                      |@...####                                                 
                      |...|                                                     
                       ---                                                      
                                                                                
                                                                                
                                                                                
                                                                                
                                                                                
                                                                                
                                                                                
Agent the Gallant              St:15 Dx:10 Co:11 In:8 Wi:14 Ch:17 Lawful S:24   
Dlvl:1 $:0 HP:16(16) Pw:6(6) AC:3 Xp:1/6                                        

",0.0,False
63,south,,"message:


language observation:
horizontal wall near north
northeast room corner near northeast
vertical wall near east
stairs up very near north
horizontal wall adjacent southeast and south
southwest corner adjacent southwest
vertical wall adjacent west and northwest

cursor:
Yourself a knight
(x=23, y=13)

map:
                                                                                
                                                                                
                                                                                
                                                                                
                                                                                
                                                                                
                                                                                
                                                                                
                                                                                
                      -----                                                     
                      |<..|                                                     
                      |....####                                                 
                      |@..|                                                     
                      ----                                                      
                                                                                
                                                                                
                                                                                
                                                                                
                                                                                
                                                                                
                                                                                
Agent the Gallant              St:15 Dx:10 Co:11 In:8 Wi:14 Ch:17 Lawful S:24   
Dlvl:1 $:0 HP:16(16) Pw:6(6) AC:3 Xp:1/6                                        

",0.0,False
64,east,,"message:


language observation:
horizontal wall near north
vertical wall very near northeast, east, west, and northwest
stairs up very near northnorthwest
horizontal wall adjacent southeast, south, and southwest

cursor:
Yourself a knight
(x=24, y=13)

map:
                                                                                
                                                                                
                                                                                
                                                                                
                                                                                
                                                                                
                                                                                
                                                                                
                                                                                
                      -----                                                     
                      |<..|                                                     
                      |....####                                                 
                      |.@.|                                                     
                      ----                                                      
                                                                                
                                                                                
                                                                                
                                                                                
                                                                                
                                                                                
                                                                                
Agent the Gallant              St:15 Dx:10 Co:11 In:8 Wi:14 Ch:17 Lawful S:24   
Dlvl:1 $:0 HP:16(16) Pw:6(6) AC:3 Xp:1/6                                        

",0.0,False
65,south,,"message:
It's a wall.

language observation:
horizontal wall near north
vertical wall very near northeast, east, west, and northwest
stairs up very near northnorthwest
horizontal wall adjacent southeast, south, and southwest

cursor:
Yourself a knight
(x=24, y=13)

map:
                                                                                
                                                                                
                                                                                
                                                                                
                                                                                
                                                                                
                                                                                
                                                                                
                                                                                
                      -----                                                     
                      |<..|                                                     
                      |....####                                                 
                      |.@.|                                                     
                      ----                                                      
                                                                                
                                                                                
                                                                                
                                                                                
                                                                                
                                                                                
                                                                                
Agent the Gallant              St:15 Dx:10 Co:11 In:8 Wi:14 Ch:17 Lawful S:24   
Dlvl:1 $:0 HP:16(16) Pw:6(6) AC:3 Xp:1/6                                        

",-0.01,False
66,north,,"message:


language observation:
dark area far east
horizontal wall very near north and south
northeast room corner very near northeast
dark area very near southeast
southwest corner very near southwest
vertical wall very near west
northwest room corner very near northwest
giant rat adjacent east
stairs up adjacent northwest

cursor:
Yourself a knight
(x=24, y=12)

map:
                                                                                
                                                                                
                                                                                
                                                                                
                                                                                
                                                                                
                                                                                
                                                                                
                                                                                
                      -----                                                     
                      |<..|                                                     
                      |.@r.####                                                 
                      |...|                                                     
                      ----                                                      
                                                                                
                                                                                
                                                                                
                                                                                
                                                                                
                                                                                
                                                                                
Agent the Gallant              St:15 Dx:10 Co:11 In:8 Wi:14 Ch:17 Lawful S:24   
Dlvl:1 $:0 HP:16(16) Pw:6(6) AC:3 Xp:1/6                                        

",0.0,False
67,northwest,,"message:


language observation:
vertical wall near east
dark area near southeast
horizontal wall near south
horizontal wall adjacent north and northeast
giant rat adjacent east
vertical wall adjacent southwest and west
northwest room corner adjacent northwest

cursor:
Yourself a knight
(x=23, y=11)

map:
                                                                                
                                                                                
                                                                                
                                                                                
                                                                                
                                                                                
                                                                                
                                                                                
                                                                                
                      -----                                                     
                      |@r.|                                                     
                      |....####                                                 
                      |...|                                                     
                      ----                                                      
                                                                                
                                                                                
                                                                                
                                                                                
                                                                                
                                                                                
                                                                                
Agent the Gallant              St:15 Dx:10 Co:11 In:8 Wi:14 Ch:17 Lawful S:24   
Dlvl:1 $:0 HP:16(16) Pw:6(6) AC:3 Xp:1/6                                        

",0.0,False
68,south,,"message:
The giant rat bites!

language observation:
dark area far east
horizontal wall very near north, northeast, southeast, and south
stairs up adjacent north
giant rat adjacent northeast and east
vertical wall adjacent southwest, west, and northwest

cursor:
Yourself a knight
(x=23, y=12)

map:
                                                                                
                                                                                
                                                                                
                                                                                
                                                                                
                                                                                
                                                                                
                                                                                
                                                                                
                      -----                                                     
                      |<r.|                                                     
                      |@r..####                                                 
                      |...|                                                     
                      ----                                                      
                                                                                
                                                                                
                                                                                
                                                                                
                                                                                
                                                                                
                                                                                
Agent the Gallant              St:15 Dx:10 Co:11 In:8 Wi:14 Ch:17 Lawful S:24   
Dlvl:1 $:0 HP:15(16) Pw:6(6) AC:3 Xp:1/6                                        

",0.0,False
69,east,,"message:
You miss the giant rat.  The giant rat bites!

language observation:
dark area far east
horizontal wall very near north, northeast, southeast, and south
stairs up adjacent north
giant rat adjacent northeast and east
vertical wall adjacent southwest, west, and northwest

cursor:
Yourself a knight
(x=23, y=12)

map:
                                                                                
                                                                                
                                                                                
                                                                                
                                                                                
                                                                                
                                                                                
                                                                                
                                                                                
                      -----                                                     
                      |<r.|                                                     
                      |@r..####                                                 
                      |...|                                                     
                      ----                                                      
                                                                                
                                                                                
                                                                                
                                                                                
                                                                                
                                                                                
                                                                                
Agent the Gallant              St:15 Dx:10 Co:11 In:8 Wi:14 Ch:17 Lawful S:24   
Dlvl:1 $:0 HP:12(16) Pw:6(6) AC:3 Xp:1/6                                        

",0.0,False
70,east,,"message:
You miss the giant rat.  The giant rat bites!  The giant rat bites!

language observation:
dark area far east
horizontal wall very near north, northeast, southeast, and south
stairs up adjacent north
giant rat adjacent northeast and east
vertical wall adjacent southwest, west, and northwest

cursor:
Yourself a knight
(x=23, y=12)

map:
                                                                                
                                                                                
                                                                                
                                                                                
                                                                                
                                                                                
                                                                                
                                                                                
                                                                                
                      -----                                                     
                      |<r.|                                                     
                      |@r..####                                                 
                      |...|                                                     
                      ----                                                      
                                                                                
                                                                                
                                                                                
                                                                                
                                                                                
                                                                                
                                                                                
Agent the Gallant              St:15 Dx:10 Co:11 In:8 Wi:14 Ch:17 Lawful S:24   
Dlvl:1 $:0 HP:9(16) Pw:6(6) AC:3 Xp:1/6                                         

",0.0,False
71,east,,"message:
You miss the giant rat.  The giant rat misses!  The giant rat bites!

language observation:
dark area far east
horizontal wall very near north, northeast, southeast, and south
stairs up adjacent north
giant rat adjacent northeast and east
vertical wall adjacent southwest, west, and northwest

cursor:
Yourself a knight
(x=23, y=12)

map:
                                                                                
                                                                                
                                                                                
                                                                                
                                                                                
                                                                                
                                                                                
                                                                                
                                                                                
                      -----                                                     
                      |<r.|                                                     
                      |@r..####                                                 
                      |...|                                                     
                      ----                                                      
                                                                                
                                                                                
                                                                                
                                                                                
                                                                                
                                                                                
                                                                                
Agent the Gallant              St:15 Dx:10 Co:11 In:8 Wi:14 Ch:17 Lawful S:24   
Dlvl:1 $:0 HP:6(16) Pw:6(6) AC:3 Xp:1/6                                         

",0.0,False
72,north,,"message:
The giant rat bites!

language observation:
vertical wall near east
dark area near southeast
horizontal wall near south
horizontal wall adjacent north and northeast
giant rat adjacent east and southeast
vertical wall adjacent southwest and west
northwest room corner adjacent northwest

cursor:
Yourself a knight
(x=23, y=11)

map:
                                                                                
                                                                                
                                                                                
                                                                                
                                                                                
                                                                                
                                                                                
                                                                                
                                                                                
                      -----                                                     
                      |@r.|                                                     
                      |.r..####                                                 
                      |...|                                                     
                      ----                                                      
                                                                                
                                                                                
                                                                                
                                                                                
                                                                                
                                                                                
                                                                                
Agent the Gallant              St:15 Dx:10 Co:11 In:8 Wi:14 Ch:17 Lawful S:24   
Dlvl:1 $:0 HP:5(16) Pw:6(6) AC:3 Xp:1/6                                         

",0.0,False
73,north,,"message:
It's a wall.

language observation:
vertical wall near east
dark area near southeast
horizontal wall near south
horizontal wall adjacent north and northeast
giant rat adjacent east and southeast
vertical wall adjacent southwest and west
northwest room corner adjacent northwest

cursor:
Yourself a knight
(x=23, y=11)

map:
                                                                                
                                                                                
                                                                                
                                                                                
                                                                                
                                                                                
                                                                                
                                                                                
                                                                                
                      -----                                                     
                      |@r.|                                                     
                      |.r..####                                                 
                      |...|                                                     
                      ----                                                      
                                                                                
                                                                                
                                                                                
                                                                                
                                                                                
                                                                                
                                                                                
Agent the Gallant              St:15 Dx:10 Co:11 In:8 Wi:14 Ch:17 Lawful S:24   
Dlvl:1 $:0 HP:5(16) Pw:6(6) AC:3 Xp:1/6                                         

",-0.01,False
74,west,,"message:
It's a wall.

language observation:
vertical wall near east
dark area near southeast
horizontal wall near south
horizontal wall adjacent north and northeast
giant rat adjacent east and southeast
vertical wall adjacent southwest and west
northwest room corner adjacent northwest

cursor:
Yourself a knight
(x=23, y=11)

map:
                                                                                
                                                                                
                                                                                
                                                                                
                                                                                
                                                                                
                                                                                
                                                                                
                                                                                
                      -----                                                     
                      |@r.|                                                     
                      |.r..####                                                 
                      |...|                                                     
                      ----                                                      
                                                                                
                                                                                
                                                                                
                                                                                
                                                                                
                                                                                
                                                                                
Agent the Gallant              St:15 Dx:10 Co:11 In:8 Wi:14 Ch:17 Lawful S:24   
Dlvl:1 $:0 HP:5(16) Pw:6(6) AC:3 Xp:1/6                                         

",-0.01,False
75,south,,"message:
The giant rat bites!

language observation:
dark area far east
horizontal wall very near north, northeast, southeast, and south
stairs up adjacent north
giant rat adjacent northeast and east
vertical wall adjacent southwest, west, and northwest

cursor:
Yourself a knight
(x=23, y=12)

map:
                                                                                
                                                                                
                                                                                
                                                                                
                                                                                
                                                                                
                                                                                
                                                                                
                                                                                
                      -----                                                     
                      |<r.|                                                     
                      |@r..####                                                 
                      |...|                                                     
                      ----                                                      
                                                                                
                                                                                
                                                                                
                                                                                
                                                                                
                                                                                
                                                                                
Agent the Gallant              St:15 Dx:10 Co:11 In:8 Wi:14 Ch:17 Lawful S:24   
Dlvl:1 $:0 HP:4(16) Pw:6(6) AC:3 Xp:1/6                                         

",0.0,False
76,north,,"message:
The giant rat misses!  The giant rat bites!

language observation:
vertical wall near east
dark area near southeast
horizontal wall near south
horizontal wall adjacent north and northeast
giant rat adjacent east and southeast
vertical wall adjacent southwest and west
northwest room corner adjacent northwest

cursor:
Yourself a knight
(x=23, y=11)

map:
                                                                                
                                                                                
                                                                                
                                                                                
                                                                                
                                                                                
                                                                                
                                                                                
                                                                                
                      -----                                                     
                      |@r.|                                                     
                      |.r..####                                                 
                      |...|                                                     
                      ----                                                      
                                                                                
                                                                                
                                                                                
                                                                                
                                                                                
                                                                                
                                                                                
Agent the Gallant              St:15 Dx:10 Co:11 In:8 Wi:14 Ch:17 Lawful S:24   
Dlvl:1 $:0 HP:1(16) Pw:6(6) AC:3 Xp:1/6                                         

",0.0,False
77,south,,"message:
 
You made the top ten list!
No  Points     Name
Hp [max]
1         24  Agent-Kni-Hum-Fem-Law died in The Dunge
eons of Doom on
level 1.  Killed by a giant rat.
-  [16]


language observation:
dark area adjacent east, southeast, and south

cursor:
very far eastsoutheast 
(x=23, y=9)

map:
You made the top ten list!                                                      
                                                                                
                           No  Points     Name                                  
                 Hp [max]                                                       
                           1         24  Agent-Kni-Hum-Fem-Law died in The Dunge
ons of Doom on                                                                  
                                        level 1.  Killed by a giant rat.        
                -  [16]                                                         
                                                                                
                                                                                
                                                                                
                                                                                
                                                                                
                                                                                
                                                                                
                                                                                
                                                                                
                                                                                
                                                                                
                                                                                
                                                                                
                                                                                
                                                                                

",0.0,True
