Step,Action,Reasoning,Observation,Reward,Done
0,west,,"message:


language observation:
bars far northnortheast, westsouthwest, westnorthwest, and northnorthwest
bars far northnortheast, westsouthwest, westnorthwest, and northnorthwest
dark area far north, west, and northwest
fountain far westnorthwest
bars near north, northnortheast, southsoutheast, southsouthwest, westsouthwest, westnorthwest, northwest, and northnorthwest
bars near north, northnortheast, southsoutheast, southsouthwest, westsouthwest, westnorthwest, northwest, and northnorthwest
dark area near northeast, east, southeast, south, and southwest
fountain near westsouthwest and west
boulder near west
bars very near northeast, eastnortheast, east, eastsoutheast, southeast, southsoutheast, south, southsouthwest, southwest, westsouthwest, northwest, and northnorthwest
fountain very near westnorthwest
boulder adjacent north, west, and northwest
stairs up adjacent east
bars adjacent southeast, south, and southwest

cursor:
Yourself a archeologist
(x=41, y=14)

map:
                                                                                
                                                                                
                                                                                
                                                                                
                                                                                
                                                                                
                                                                                
                                  ##########                                    
                                  ##########                                    
                                  #.########                                    
                                  #{########                                    
                                  #.#..##..#                                    
                                  #....{``.#                                    
                                  #.{`..`@<#                                    
                                  ###{.#####                                    
                                  ####.#####                                    
                                  ##########                                    
                                                                                
                                                                                
                                                                                
                                                                                
Agent the Digger               St:12 Dx:9 Co:15 In:15 Wi:15 Ch:9 Lawful S:0     
Dlvl:1 $:0 HP:15(15) Pw:1(1) AC:9 Xp:1/0                                        

",-0.001,False
1,west,,"message:


language observation:
bars far northnortheast, westsouthwest, westnorthwest, and northnorthwest
bars far northnortheast, westsouthwest, westnorthwest, and northnorthwest
dark area far north, west, and northwest
bars near north, northnortheast, eastnortheast, eastsoutheast, southsoutheast, southsouthwest, westsouthwest, westnorthwest, northwest, and northnorthwest
bars near north, northnortheast, eastnortheast, eastsoutheast, southsoutheast, southsouthwest, westsouthwest, westnorthwest, northwest, and northnorthwest
dark area near northeast, east, southeast, south, and southwest
fountain near westsouthwest, west, and westnorthwest
boulder near west
bars very near north, eastsoutheast, southeast, southsoutheast, south, southsouthwest, and northnorthwest
stairs up very near east
boulder adjacent north, northeast, and west
bars adjacent southeast, south, and southwest
fountain adjacent northwest

cursor:
Yourself a archeologist
(x=40, y=14)

map:
                                                                                
                                                                                
                                                                                
                                                                                
                                                                                
                                                                                
                                                                                
                                  ##########                                    
                                  ##########                                    
                                  #.########                                    
                                  #{########                                    
                                  #.#..##..#                                    
                                  #....{``.#                                    
                                  #.{`.`@.<#                                    
                                  ###{.#####                                    
                                  ####.#####                                    
                                  ##########                                    
                                                                                
                                                                                
                                                                                
                                                                                
Agent the Digger               St:12 Dx:9 Co:15 In:15 Wi:15 Ch:9 Lawful S:0     
Dlvl:1 $:0 HP:15(15) Pw:1(1) AC:9 Xp:1/0                                        

",-0.001,False
2,west,,"message:


language observation:
bars far northnortheast and northnorthwest
bars far northnortheast and northnorthwest
dark area far north, west, and northwest
bars near north, northnortheast, northeast, eastnortheast, eastsoutheast, southsoutheast, southsouthwest, westsouthwest, westnorthwest, northwest, and northnorthwest
bars near north, northnortheast, northeast, eastnortheast, eastsoutheast, southsoutheast, southsouthwest, westsouthwest, westnorthwest, northwest, and northnorthwest
dark area near northeast, east, southeast, south, and southwest
stairs up near east
fountain near west and westnorthwest
bars very near north, northnortheast, eastsoutheast, southeast, southsoutheast, south, and southwest
boulder very near eastnortheast and west
fountain very near westsouthwest
fountain adjacent north
boulder adjacent northeast and west
bars adjacent southeast and south

cursor:
Yourself a archeologist
(x=39, y=14)

map:
                                                                                
                                                                                
                                                                                
                                                                                
                                                                                
                                                                                
                                                                                
                                  ##########                                    
                                  ##########                                    
                                  #.########                                    
                                  #{########                                    
                                  #.#..##..#                                    
                                  #....{``.#                                    
                                  #.{``@..<#                                    
                                  ###{.#####                                    
                                  ####.#####                                    
                                  ##########                                    
                                                                                
                                                                                
                                                                                
                                                                                
Agent the Digger               St:12 Dx:9 Co:15 In:15 Wi:15 Ch:9 Lawful S:0     
Dlvl:1 $:0 HP:15(15) Pw:1(1) AC:9 Xp:1/0                                        

",-0.001,False
3,west,,"message:
You try to move the boulder, but in vain.

language observation:
bars far northnortheast and northnorthwest
bars far northnortheast and northnorthwest
dark area far north, west, and northwest
bars near north, northnortheast, northeast, eastnortheast, eastsoutheast, southsoutheast, southsouthwest, westsouthwest, westnorthwest, northwest, and northnorthwest
bars near north, northnortheast, northeast, eastnortheast, eastsoutheast, southsoutheast, southsouthwest, westsouthwest, westnorthwest, northwest, and northnorthwest
dark area near northeast, east, southeast, south, and southwest
stairs up near east
fountain near west and westnorthwest
bars very near north, northnortheast, eastsoutheast, southeast, southsoutheast, south, and southwest
boulder very near eastnortheast and west
fountain very near westsouthwest
fountain adjacent north
boulder adjacent northeast and west
bars adjacent southeast and south

cursor:
Yourself a archeologist
(x=39, y=14)

map:
                                                                                
                                                                                
                                                                                
                                                                                
                                                                                
                                                                                
                                                                                
                                  ##########                                    
                                  ##########                                    
                                  #.########                                    
                                  #{########                                    
                                  #.#..##..#                                    
                                  #....{``.#                                    
                                  #.{``@..<#                                    
                                  ###{.#####                                    
                                  ####.#####                                    
                                  ##########                                    
                                                                                
                                                                                
                                                                                
                                                                                
Agent the Digger               St:12 Dx:9 Co:15 In:15 Wi:15 Ch:9 Lawful S:0     
Dlvl:1 $:0 HP:15(15) Pw:1(1) AC:9 Xp:1/0                                        

",-0.001,False
4,west,,"message:
You try to move the boulder, but in vain.

language observation:
bars far northnortheast and northnorthwest
bars far northnortheast and northnorthwest
dark area far north, west, and northwest
bars near north, northnortheast, northeast, eastnortheast, eastsoutheast, southsoutheast, southsouthwest, westsouthwest, westnorthwest, northwest, and northnorthwest
bars near north, northnortheast, northeast, eastnortheast, eastsoutheast, southsoutheast, southsouthwest, westsouthwest, westnorthwest, northwest, and northnorthwest
dark area near northeast, east, southeast, south, and southwest
stairs up near east
fountain near west and westnorthwest
bars very near north, northnortheast, eastsoutheast, southeast, southsoutheast, south, and southwest
boulder very near eastnortheast and west
fountain very near westsouthwest
fountain adjacent north
boulder adjacent northeast and west
bars adjacent southeast and south

cursor:
Yourself a archeologist
(x=39, y=14)

map:
                                                                                
                                                                                
                                                                                
                                                                                
                                                                                
                                                                                
                                                                                
                                  ##########                                    
                                  ##########                                    
                                  #.########                                    
                                  #{########                                    
                                  #.#..##..#                                    
                                  #....{``.#                                    
                                  #.{``@..<#                                    
                                  ###{.#####                                    
                                  ####.#####                                    
                                  ##########                                    
                                                                                
                                                                                
                                                                                
                                                                                
Agent the Digger               St:12 Dx:9 Co:15 In:15 Wi:15 Ch:9 Lawful S:0     
Dlvl:1 $:0 HP:15(15) Pw:1(1) AC:9 Xp:1/0                                        

",-0.001,False
5,west,,"message:
You try to move the boulder, but in vain.

language observation:
bars far northnortheast and northnorthwest
bars far northnortheast and northnorthwest
dark area far north, west, and northwest
bars near north, northnortheast, northeast, eastnortheast, eastsoutheast, southsoutheast, southsouthwest, westsouthwest, westnorthwest, northwest, and northnorthwest
bars near north, northnortheast, northeast, eastnortheast, eastsoutheast, southsoutheast, southsouthwest, westsouthwest, westnorthwest, northwest, and northnorthwest
dark area near northeast, east, southeast, south, and southwest
stairs up near east
fountain near west and westnorthwest
bars very near north, northnortheast, eastsoutheast, southeast, southsoutheast, south, and southwest
boulder very near eastnortheast and west
fountain very near westsouthwest
fountain adjacent north
boulder adjacent northeast and west
bars adjacent southeast and south

cursor:
Yourself a archeologist
(x=39, y=14)

map:
                                                                                
                                                                                
                                                                                
                                                                                
                                                                                
                                                                                
                                                                                
                                  ##########                                    
                                  ##########                                    
                                  #.########                                    
                                  #{########                                    
                                  #.#..##..#                                    
                                  #....{``.#                                    
                                  #.{``@..<#                                    
                                  ###{.#####                                    
                                  ####.#####                                    
                                  ##########                                    
                                                                                
                                                                                
                                                                                
                                                                                
Agent the Digger               St:12 Dx:9 Co:15 In:15 Wi:15 Ch:9 Lawful S:0     
Dlvl:1 $:0 HP:15(15) Pw:1(1) AC:9 Xp:1/0                                        

",-0.001,False
6,west,,"message:
You try to move the boulder, but in vain.

language observation:
bars far northnortheast and northnorthwest
bars far northnortheast and northnorthwest
dark area far north, west, and northwest
bars near north, northnortheast, northeast, eastnortheast, eastsoutheast, southsoutheast, southsouthwest, westsouthwest, westnorthwest, northwest, and northnorthwest
bars near north, northnortheast, northeast, eastnortheast, eastsoutheast, southsoutheast, southsouthwest, westsouthwest, westnorthwest, northwest, and northnorthwest
dark area near northeast, east, southeast, south, and southwest
stairs up near east
fountain near west and westnorthwest
bars very near north, northnortheast, eastsoutheast, southeast, southsoutheast, south, and southwest
boulder very near eastnortheast and west
fountain very near westsouthwest
fountain adjacent north
boulder adjacent northeast and west
bars adjacent southeast and south

cursor:
Yourself a archeologist
(x=39, y=14)

map:
                                                                                
                                                                                
                                                                                
                                                                                
                                                                                
                                                                                
                                                                                
                                  ##########                                    
                                  ##########                                    
                                  #.########                                    
                                  #{########                                    
                                  #.#..##..#                                    
                                  #....{``.#                                    
                                  #.{``@..<#                                    
                                  ###{.#####                                    
                                  ####.#####                                    
                                  ##########                                    
                                                                                
                                                                                
                                                                                
                                                                                
Agent the Digger               St:12 Dx:9 Co:15 In:15 Wi:15 Ch:9 Lawful S:0     
Dlvl:1 $:0 HP:15(15) Pw:1(1) AC:9 Xp:1/0                                        

",-0.001,False
7,west,,"message:
You try to move the boulder, but in vain.

language observation:
bars far northnortheast and northnorthwest
bars far northnortheast and northnorthwest
dark area far north, west, and northwest
bars near north, northnortheast, northeast, eastnortheast, eastsoutheast, southsoutheast, southsouthwest, westsouthwest, westnorthwest, northwest, and northnorthwest
bars near north, northnortheast, northeast, eastnortheast, eastsoutheast, southsoutheast, southsouthwest, westsouthwest, westnorthwest, northwest, and northnorthwest
dark area near northeast, east, southeast, south, and southwest
stairs up near east
fountain near west and westnorthwest
bars very near north, northnortheast, eastsoutheast, southeast, southsoutheast, south, and southwest
boulder very near eastnortheast and west
fountain very near westsouthwest
fountain adjacent north
boulder adjacent northeast and west
bars adjacent southeast and south

cursor:
Yourself a archeologist
(x=39, y=14)

map:
                                                                                
                                                                                
                                                                                
                                                                                
                                                                                
                                                                                
                                                                                
                                  ##########                                    
                                  ##########                                    
                                  #.########                                    
                                  #{########                                    
                                  #.#..##..#                                    
                                  #....{``.#                                    
                                  #.{``@..<#                                    
                                  ###{.#####                                    
                                  ####.#####                                    
                                  ##########                                    
                                                                                
                                                                                
                                                                                
                                                                                
Agent the Digger               St:12 Dx:9 Co:15 In:15 Wi:15 Ch:9 Lawful S:0     
Dlvl:1 $:0 HP:15(15) Pw:1(1) AC:9 Xp:1/0                                        

",-0.001,False
8,west,,"message:
You try to move the boulder, but in vain.

language observation:
bars far northnortheast and northnorthwest
bars far northnortheast and northnorthwest
dark area far north, west, and northwest
bars near north, northnortheast, northeast, eastnortheast, eastsoutheast, southsoutheast, southsouthwest, westsouthwest, westnorthwest, northwest, and northnorthwest
bars near north, northnortheast, northeast, eastnortheast, eastsoutheast, southsoutheast, southsouthwest, westsouthwest, westnorthwest, northwest, and northnorthwest
dark area near northeast, east, southeast, south, and southwest
stairs up near east
fountain near west and westnorthwest
bars very near north, northnortheast, eastsoutheast, southeast, southsoutheast, south, and southwest
boulder very near eastnortheast and west
fountain very near westsouthwest
fountain adjacent north
boulder adjacent northeast and west
bars adjacent southeast and south

cursor:
Yourself a archeologist
(x=39, y=14)

map:
                                                                                
                                                                                
                                                                                
                                                                                
                                                                                
                                                                                
                                                                                
                                  ##########                                    
                                  ##########                                    
                                  #.########                                    
                                  #{########                                    
                                  #.#..##..#                                    
                                  #....{``.#                                    
                                  #.{``@..<#                                    
                                  ###{.#####                                    
                                  ####.#####                                    
                                  ##########                                    
                                                                                
                                                                                
                                                                                
                                                                                
Agent the Digger               St:12 Dx:9 Co:15 In:15 Wi:15 Ch:9 Lawful S:0     
Dlvl:1 $:0 HP:15(15) Pw:1(1) AC:9 Xp:1/0                                        

",-0.001,False
9,west,,"message:
You try to move the boulder, but in vain.

language observation:
bars far northnortheast and northnorthwest
bars far northnortheast and northnorthwest
dark area far north, west, and northwest
bars near north, northnortheast, northeast, eastnortheast, eastsoutheast, southsoutheast, southsouthwest, westsouthwest, westnorthwest, northwest, and northnorthwest
bars near north, northnortheast, northeast, eastnortheast, eastsoutheast, southsoutheast, southsouthwest, westsouthwest, westnorthwest, northwest, and northnorthwest
dark area near northeast, east, southeast, south, and southwest
stairs up near east
fountain near west and westnorthwest
bars very near north, northnortheast, eastsoutheast, southeast, southsoutheast, south, and southwest
boulder very near eastnortheast and west
fountain very near westsouthwest
fountain adjacent north
boulder adjacent northeast and west
bars adjacent southeast and south

cursor:
Yourself a archeologist
(x=39, y=14)

map:
                                                                                
                                                                                
                                                                                
                                                                                
                                                                                
                                                                                
                                                                                
                                  ##########                                    
                                  ##########                                    
                                  #.########                                    
                                  #{########                                    
                                  #.#..##..#                                    
                                  #....{``.#                                    
                                  #.{``@..<#                                    
                                  ###{.#####                                    
                                  ####.#####                                    
                                  ##########                                    
                                                                                
                                                                                
                                                                                
                                                                                
Agent the Digger               St:12 Dx:9 Co:15 In:15 Wi:15 Ch:9 Lawful S:0     
Dlvl:1 $:0 HP:15(15) Pw:1(1) AC:9 Xp:1/0                                        

",-0.001,False
10,west,,"message:
You try to move the boulder, but in vain.

language observation:
bars far northnortheast and northnorthwest
bars far northnortheast and northnorthwest
dark area far north, west, and northwest
bars near north, northnortheast, northeast, eastnortheast, eastsoutheast, southsoutheast, southsouthwest, westsouthwest, westnorthwest, northwest, and northnorthwest
bars near north, northnortheast, northeast, eastnortheast, eastsoutheast, southsoutheast, southsouthwest, westsouthwest, westnorthwest, northwest, and northnorthwest
dark area near northeast, east, southeast, south, and southwest
stairs up near east
fountain near west and westnorthwest
bars very near north, northnortheast, eastsoutheast, southeast, southsoutheast, south, and southwest
boulder very near eastnortheast and west
fountain very near westsouthwest
fountain adjacent north
boulder adjacent northeast and west
bars adjacent southeast and south

cursor:
Yourself a archeologist
(x=39, y=14)

map:
                                                                                
                                                                                
                                                                                
                                                                                
                                                                                
                                                                                
                                                                                
                                  ##########                                    
                                  ##########                                    
                                  #.########                                    
                                  #{########                                    
                                  #.#..##..#                                    
                                  #....{``.#                                    
                                  #.{``@..<#                                    
                                  ###{.#####                                    
                                  ####.#####                                    
                                  ##########                                    
                                                                                
                                                                                
                                                                                
                                                                                
Agent the Digger               St:12 Dx:9 Co:15 In:15 Wi:15 Ch:9 Lawful S:0     
Dlvl:1 $:0 HP:15(15) Pw:1(1) AC:9 Xp:1/0                                        

",-0.001,False
11,west,,"message:
You try to move the boulder, but in vain.

language observation:
bars far northnortheast and northnorthwest
bars far northnortheast and northnorthwest
dark area far north, west, and northwest
bars near north, northnortheast, northeast, eastnortheast, eastsoutheast, southsoutheast, southsouthwest, westsouthwest, westnorthwest, northwest, and northnorthwest
bars near north, northnortheast, northeast, eastnortheast, eastsoutheast, southsoutheast, southsouthwest, westsouthwest, westnorthwest, northwest, and northnorthwest
dark area near northeast, east, southeast, south, and southwest
stairs up near east
fountain near west and westnorthwest
bars very near north, northnortheast, eastsoutheast, southeast, southsoutheast, south, and southwest
boulder very near eastnortheast and west
fountain very near westsouthwest
fountain adjacent north
boulder adjacent northeast and west
bars adjacent southeast and south

cursor:
Yourself a archeologist
(x=39, y=14)

map:
                                                                                
                                                                                
                                                                                
                                                                                
                                                                                
                                                                                
                                                                                
                                  ##########                                    
                                  ##########                                    
                                  #.########                                    
                                  #{########                                    
                                  #.#..##..#                                    
                                  #....{``.#                                    
                                  #.{``@..<#                                    
                                  ###{.#####                                    
                                  ####.#####                                    
                                  ##########                                    
                                                                                
                                                                                
                                                                                
                                                                                
Agent the Digger               St:12 Dx:9 Co:15 In:15 Wi:15 Ch:9 Lawful S:0     
Dlvl:1 $:0 HP:15(15) Pw:1(1) AC:9 Xp:1/0                                        

",-0.001,False
12,west,,"message:
You try to move the boulder, but in vain.

language observation:
bars far northnortheast and northnorthwest
bars far northnortheast and northnorthwest
dark area far north, west, and northwest
bars near north, northnortheast, northeast, eastnortheast, eastsoutheast, southsoutheast, southsouthwest, westsouthwest, westnorthwest, northwest, and northnorthwest
bars near north, northnortheast, northeast, eastnortheast, eastsoutheast, southsoutheast, southsouthwest, westsouthwest, westnorthwest, northwest, and northnorthwest
dark area near northeast, east, southeast, south, and southwest
stairs up near east
fountain near west and westnorthwest
bars very near north, northnortheast, eastsoutheast, southeast, southsoutheast, south, and southwest
boulder very near eastnortheast and west
fountain very near westsouthwest
fountain adjacent north
boulder adjacent northeast and west
bars adjacent southeast and south

cursor:
Yourself a archeologist
(x=39, y=14)

map:
                                                                                
                                                                                
                                                                                
                                                                                
                                                                                
                                                                                
                                                                                
                                  ##########                                    
                                  ##########                                    
                                  #.########                                    
                                  #{########                                    
                                  #.#..##..#                                    
                                  #....{``.#                                    
                                  #.{``@..<#                                    
                                  ###{.#####                                    
                                  ####.#####                                    
                                  ##########                                    
                                                                                
                                                                                
                                                                                
                                                                                
Agent the Digger               St:12 Dx:9 Co:15 In:15 Wi:15 Ch:9 Lawful S:0     
Dlvl:1 $:0 HP:15(15) Pw:1(1) AC:9 Xp:1/0                                        

",-0.001,False
13,west,,"message:
You try to move the boulder, but in vain.

language observation:
bars far northnortheast and northnorthwest
bars far northnortheast and northnorthwest
dark area far north, west, and northwest
bars near north, northnortheast, northeast, eastnortheast, eastsoutheast, southsoutheast, southsouthwest, westsouthwest, westnorthwest, northwest, and northnorthwest
bars near north, northnortheast, northeast, eastnortheast, eastsoutheast, southsoutheast, southsouthwest, westsouthwest, westnorthwest, northwest, and northnorthwest
dark area near northeast, east, southeast, south, and southwest
stairs up near east
fountain near west and westnorthwest
bars very near north, northnortheast, eastsoutheast, southeast, southsoutheast, south, and southwest
boulder very near eastnortheast and west
fountain very near westsouthwest
fountain adjacent north
boulder adjacent northeast and west
bars adjacent southeast and south

cursor:
Yourself a archeologist
(x=39, y=14)

map:
                                                                                
                                                                                
                                                                                
                                                                                
                                                                                
                                                                                
                                                                                
                                  ##########                                    
                                  ##########                                    
                                  #.########                                    
                                  #{########                                    
                                  #.#..##..#                                    
                                  #....{``.#                                    
                                  #.{``@..<#                                    
                                  ###{.#####                                    
                                  ####.#####                                    
                                  ##########                                    
                                                                                
                                                                                
                                                                                
                                                                                
Agent the Digger               St:12 Dx:9 Co:15 In:15 Wi:15 Ch:9 Lawful S:0     
Dlvl:1 $:0 HP:15(15) Pw:1(1) AC:9 Xp:1/0                                        

",-0.001,False
14,west,,"message:
You try to move the boulder, but in vain.

language observation:
bars far northnortheast and northnorthwest
bars far northnortheast and northnorthwest
dark area far north, west, and northwest
bars near north, northnortheast, northeast, eastnortheast, eastsoutheast, southsoutheast, southsouthwest, westsouthwest, westnorthwest, northwest, and northnorthwest
bars near north, northnortheast, northeast, eastnortheast, eastsoutheast, southsoutheast, southsouthwest, westsouthwest, westnorthwest, northwest, and northnorthwest
dark area near northeast, east, southeast, south, and southwest
stairs up near east
fountain near west and westnorthwest
bars very near north, northnortheast, eastsoutheast, southeast, southsoutheast, south, and southwest
boulder very near eastnortheast and west
fountain very near westsouthwest
fountain adjacent north
boulder adjacent northeast and west
bars adjacent southeast and south

cursor:
Yourself a archeologist
(x=39, y=14)

map:
                                                                                
                                                                                
                                                                                
                                                                                
                                                                                
                                                                                
                                                                                
                                  ##########                                    
                                  ##########                                    
                                  #.########                                    
                                  #{########                                    
                                  #.#..##..#                                    
                                  #....{``.#                                    
                                  #.{``@..<#                                    
                                  ###{.#####                                    
                                  ####.#####                                    
                                  ##########                                    
                                                                                
                                                                                
                                                                                
                                                                                
Agent the Digger               St:12 Dx:9 Co:15 In:15 Wi:15 Ch:9 Lawful S:0     
Dlvl:1 $:0 HP:15(15) Pw:1(1) AC:9 Xp:1/0                                        

",-0.001,False
15,west,,"message:
You try to move the boulder, but in vain.

language observation:
bars far northnortheast and northnorthwest
bars far northnortheast and northnorthwest
dark area far north, west, and northwest
bars near north, northnortheast, northeast, eastnortheast, eastsoutheast, southsoutheast, southsouthwest, westsouthwest, westnorthwest, northwest, and northnorthwest
bars near north, northnortheast, northeast, eastnortheast, eastsoutheast, southsoutheast, southsouthwest, westsouthwest, westnorthwest, northwest, and northnorthwest
dark area near northeast, east, southeast, south, and southwest
stairs up near east
fountain near west and westnorthwest
bars very near north, northnortheast, eastsoutheast, southeast, southsoutheast, south, and southwest
boulder very near eastnortheast and west
fountain very near westsouthwest
fountain adjacent north
boulder adjacent northeast and west
bars adjacent southeast and south

cursor:
Yourself a archeologist
(x=39, y=14)

map:
                                                                                
                                                                                
                                                                                
                                                                                
                                                                                
                                                                                
                                                                                
                                  ##########                                    
                                  ##########                                    
                                  #.########                                    
                                  #{########                                    
                                  #.#..##..#                                    
                                  #....{``.#                                    
                                  #.{``@..<#                                    
                                  ###{.#####                                    
                                  ####.#####                                    
                                  ##########                                    
                                                                                
                                                                                
                                                                                
                                                                                
Agent the Digger               St:12 Dx:9 Co:15 In:15 Wi:15 Ch:9 Lawful S:0     
Dlvl:1 $:0 HP:15(15) Pw:1(1) AC:9 Xp:1/0                                        

",-0.001,False
16,west,,"message:
You try to move the boulder, but in vain.

language observation:
bars far northnortheast and northnorthwest
bars far northnortheast and northnorthwest
dark area far north, west, and northwest
bars near north, northnortheast, northeast, eastnortheast, eastsoutheast, southsoutheast, southsouthwest, westsouthwest, westnorthwest, northwest, and northnorthwest
bars near north, northnortheast, northeast, eastnortheast, eastsoutheast, southsoutheast, southsouthwest, westsouthwest, westnorthwest, northwest, and northnorthwest
dark area near northeast, east, southeast, south, and southwest
stairs up near east
fountain near west and westnorthwest
bars very near north, northnortheast, eastsoutheast, southeast, southsoutheast, south, and southwest
boulder very near eastnortheast and west
fountain very near westsouthwest
fountain adjacent north
boulder adjacent northeast and west
bars adjacent southeast and south

cursor:
Yourself a archeologist
(x=39, y=14)

map:
                                                                                
                                                                                
                                                                                
                                                                                
                                                                                
                                                                                
                                                                                
                                  ##########                                    
                                  ##########                                    
                                  #.########                                    
                                  #{########                                    
                                  #.#..##..#                                    
                                  #....{``.#                                    
                                  #.{``@..<#                                    
                                  ###{.#####                                    
                                  ####.#####                                    
                                  ##########                                    
                                                                                
                                                                                
                                                                                
                                                                                
Agent the Digger               St:12 Dx:9 Co:15 In:15 Wi:15 Ch:9 Lawful S:0     
Dlvl:1 $:0 HP:15(15) Pw:1(1) AC:9 Xp:1/0                                        

",-0.001,False
17,west,,"message:
You try to move the boulder, but in vain.

language observation:
bars far northnortheast and northnorthwest
bars far northnortheast and northnorthwest
dark area far north, west, and northwest
bars near north, northnortheast, northeast, eastnortheast, eastsoutheast, southsoutheast, southsouthwest, westsouthwest, westnorthwest, northwest, and northnorthwest
bars near north, northnortheast, northeast, eastnortheast, eastsoutheast, southsoutheast, southsouthwest, westsouthwest, westnorthwest, northwest, and northnorthwest
dark area near northeast, east, southeast, south, and southwest
stairs up near east
fountain near west and westnorthwest
bars very near north, northnortheast, eastsoutheast, southeast, southsoutheast, south, and southwest
boulder very near eastnortheast and west
fountain very near westsouthwest
fountain adjacent north
boulder adjacent northeast and west
bars adjacent southeast and south

cursor:
Yourself a archeologist
(x=39, y=14)

map:
                                                                                
                                                                                
                                                                                
                                                                                
                                                                                
                                                                                
                                                                                
                                  ##########                                    
                                  ##########                                    
                                  #.########                                    
                                  #{########                                    
                                  #.#..##..#                                    
                                  #....{``.#                                    
                                  #.{``@..<#                                    
                                  ###{.#####                                    
                                  ####.#####                                    
                                  ##########                                    
                                                                                
                                                                                
                                                                                
                                                                                
Agent the Digger               St:12 Dx:9 Co:15 In:15 Wi:15 Ch:9 Lawful S:0     
Dlvl:1 $:0 HP:15(15) Pw:1(1) AC:9 Xp:1/0                                        

",-0.001,False
18,west,,"message:
You try to move the boulder, but in vain.

language observation:
bars far northnortheast and northnorthwest
bars far northnortheast and northnorthwest
dark area far north, west, and northwest
bars near north, northnortheast, northeast, eastnortheast, eastsoutheast, southsoutheast, southsouthwest, westsouthwest, westnorthwest, northwest, and northnorthwest
bars near north, northnortheast, northeast, eastnortheast, eastsoutheast, southsoutheast, southsouthwest, westsouthwest, westnorthwest, northwest, and northnorthwest
dark area near northeast, east, southeast, south, and southwest
stairs up near east
fountain near west and westnorthwest
bars very near north, northnortheast, eastsoutheast, southeast, southsoutheast, south, and southwest
boulder very near eastnortheast and west
fountain very near westsouthwest
fountain adjacent north
boulder adjacent northeast and west
bars adjacent southeast and south

cursor:
Yourself a archeologist
(x=39, y=14)

map:
                                                                                
                                                                                
                                                                                
                                                                                
                                                                                
                                                                                
                                                                                
                                  ##########                                    
                                  ##########                                    
                                  #.########                                    
                                  #{########                                    
                                  #.#..##..#                                    
                                  #....{``.#                                    
                                  #.{``@..<#                                    
                                  ###{.#####                                    
                                  ####.#####                                    
                                  ##########                                    
                                                                                
                                                                                
                                                                                
                                                                                
Agent the Digger               St:12 Dx:9 Co:15 In:15 Wi:15 Ch:9 Lawful S:0     
Dlvl:1 $:0 HP:15(15) Pw:1(1) AC:9 Xp:1/0                                        

",-0.001,False
19,west,,"message:
You try to move the boulder, but in vain.

language observation:
bars far northnortheast and northnorthwest
bars far northnortheast and northnorthwest
dark area far north, west, and northwest
bars near north, northnortheast, northeast, eastnortheast, eastsoutheast, southsoutheast, southsouthwest, westsouthwest, westnorthwest, northwest, and northnorthwest
bars near north, northnortheast, northeast, eastnortheast, eastsoutheast, southsoutheast, southsouthwest, westsouthwest, westnorthwest, northwest, and northnorthwest
dark area near northeast, east, southeast, south, and southwest
stairs up near east
fountain near west and westnorthwest
bars very near north, northnortheast, eastsoutheast, southeast, southsoutheast, south, and southwest
boulder very near eastnortheast and west
fountain very near westsouthwest
fountain adjacent north
boulder adjacent northeast and west
bars adjacent southeast and south

cursor:
Yourself a archeologist
(x=39, y=14)

map:
                                                                                
                                                                                
                                                                                
                                                                                
                                                                                
                                                                                
                                                                                
                                  ##########                                    
                                  ##########                                    
                                  #.########                                    
                                  #{########                                    
                                  #.#..##..#                                    
                                  #....{``.#                                    
                                  #.{``@..<#                                    
                                  ###{.#####                                    
                                  ####.#####                                    
                                  ##########                                    
                                                                                
                                                                                
                                                                                
                                                                                
Agent the Digger               St:12 Dx:9 Co:15 In:15 Wi:15 Ch:9 Lawful S:0     
Dlvl:1 $:0 HP:15(15) Pw:1(1) AC:9 Xp:1/0                                        

",-0.001,False
20,west,,"message:
You try to move the boulder, but in vain.

language observation:
bars far northnortheast and northnorthwest
bars far northnortheast and northnorthwest
dark area far north, west, and northwest
bars near north, northnortheast, northeast, eastnortheast, eastsoutheast, southsoutheast, southsouthwest, westsouthwest, westnorthwest, northwest, and northnorthwest
bars near north, northnortheast, northeast, eastnortheast, eastsoutheast, southsoutheast, southsouthwest, westsouthwest, westnorthwest, northwest, and northnorthwest
dark area near northeast, east, southeast, south, and southwest
stairs up near east
fountain near west and westnorthwest
bars very near north, northnortheast, eastsoutheast, southeast, southsoutheast, south, and southwest
boulder very near eastnortheast and west
fountain very near westsouthwest
fountain adjacent north
boulder adjacent northeast and west
bars adjacent southeast and south

cursor:
Yourself a archeologist
(x=39, y=14)

map:
                                                                                
                                                                                
                                                                                
                                                                                
                                                                                
                                                                                
                                                                                
                                  ##########                                    
                                  ##########                                    
                                  #.########                                    
                                  #{########                                    
                                  #.#..##..#                                    
                                  #....{``.#                                    
                                  #.{``@..<#                                    
                                  ###{.#####                                    
                                  ####.#####                                    
                                  ##########                                    
                                                                                
                                                                                
                                                                                
                                                                                
Agent the Digger               St:12 Dx:9 Co:15 In:15 Wi:15 Ch:9 Lawful S:0     
Dlvl:1 $:0 HP:15(15) Pw:1(1) AC:9 Xp:1/0                                        

",-0.001,False
21,west,,"message:
You try to move the boulder, but in vain.

language observation:
bars far northnortheast and northnorthwest
bars far northnortheast and northnorthwest
dark area far north, west, and northwest
bars near north, northnortheast, northeast, eastnortheast, eastsoutheast, southsoutheast, southsouthwest, westsouthwest, westnorthwest, northwest, and northnorthwest
bars near north, northnortheast, northeast, eastnortheast, eastsoutheast, southsoutheast, southsouthwest, westsouthwest, westnorthwest, northwest, and northnorthwest
dark area near northeast, east, southeast, south, and southwest
stairs up near east
fountain near west and westnorthwest
bars very near north, northnortheast, eastsoutheast, southeast, southsoutheast, south, and southwest
boulder very near eastnortheast and west
fountain very near westsouthwest
fountain adjacent north
boulder adjacent northeast and west
bars adjacent southeast and south

cursor:
Yourself a archeologist
(x=39, y=14)

map:
                                                                                
                                                                                
                                                                                
                                                                                
                                                                                
                                                                                
                                                                                
                                  ##########                                    
                                  ##########                                    
                                  #.########                                    
                                  #{########                                    
                                  #.#..##..#                                    
                                  #....{``.#                                    
                                  #.{``@..<#                                    
                                  ###{.#####                                    
                                  ####.#####                                    
                                  ##########                                    
                                                                                
                                                                                
                                                                                
                                                                                
Agent the Digger               St:12 Dx:9 Co:15 In:15 Wi:15 Ch:9 Lawful S:0     
Dlvl:1 $:0 HP:15(15) Pw:1(1) AC:9 Xp:1/0                                        

",-0.001,False
22,west,,"message:
You try to move the boulder, but in vain.

language observation:
bars far northnortheast and northnorthwest
bars far northnortheast and northnorthwest
dark area far north, west, and northwest
bars near north, northnortheast, northeast, eastnortheast, eastsoutheast, southsoutheast, southsouthwest, westsouthwest, westnorthwest, northwest, and northnorthwest
bars near north, northnortheast, northeast, eastnortheast, eastsoutheast, southsoutheast, southsouthwest, westsouthwest, westnorthwest, northwest, and northnorthwest
dark area near northeast, east, southeast, south, and southwest
stairs up near east
fountain near west and westnorthwest
bars very near north, northnortheast, eastsoutheast, southeast, southsoutheast, south, and southwest
boulder very near eastnortheast and west
fountain very near westsouthwest
fountain adjacent north
boulder adjacent northeast and west
bars adjacent southeast and south

cursor:
Yourself a archeologist
(x=39, y=14)

map:
                                                                                
                                                                                
                                                                                
                                                                                
                                                                                
                                                                                
                                                                                
                                  ##########                                    
                                  ##########                                    
                                  #.########                                    
                                  #{########                                    
                                  #.#..##..#                                    
                                  #....{``.#                                    
                                  #.{``@..<#                                    
                                  ###{.#####                                    
                                  ####.#####                                    
                                  ##########                                    
                                                                                
                                                                                
                                                                                
                                                                                
Agent the Digger               St:12 Dx:9 Co:15 In:15 Wi:15 Ch:9 Lawful S:0     
Dlvl:1 $:0 HP:15(15) Pw:1(1) AC:9 Xp:1/0                                        

",-0.001,False
23,west,,"message:
You try to move the boulder, but in vain.

language observation:
bars far northnortheast and northnorthwest
bars far northnortheast and northnorthwest
dark area far north, west, and northwest
bars near north, northnortheast, northeast, eastnortheast, eastsoutheast, southsoutheast, southsouthwest, westsouthwest, westnorthwest, northwest, and northnorthwest
bars near north, northnortheast, northeast, eastnortheast, eastsoutheast, southsoutheast, southsouthwest, westsouthwest, westnorthwest, northwest, and northnorthwest
dark area near northeast, east, southeast, south, and southwest
stairs up near east
fountain near west and westnorthwest
bars very near north, northnortheast, eastsoutheast, southeast, southsoutheast, south, and southwest
boulder very near eastnortheast and west
fountain very near westsouthwest
fountain adjacent north
boulder adjacent northeast and west
bars adjacent southeast and south

cursor:
Yourself a archeologist
(x=39, y=14)

map:
                                                                                
                                                                                
                                                                                
                                                                                
                                                                                
                                                                                
                                                                                
                                  ##########                                    
                                  ##########                                    
                                  #.########                                    
                                  #{########                                    
                                  #.#..##..#                                    
                                  #....{``.#                                    
                                  #.{``@..<#                                    
                                  ###{.#####                                    
                                  ####.#####                                    
                                  ##########                                    
                                                                                
                                                                                
                                                                                
                                                                                
Agent the Digger               St:12 Dx:9 Co:15 In:15 Wi:15 Ch:9 Lawful S:0     
Dlvl:1 $:0 HP:15(15) Pw:1(1) AC:9 Xp:1/0                                        

",-0.001,False
24,west,,"message:
You try to move the boulder, but in vain.

language observation:
bars far northnortheast and northnorthwest
bars far northnortheast and northnorthwest
dark area far north, west, and northwest
bars near north, northnortheast, northeast, eastnortheast, eastsoutheast, southsoutheast, southsouthwest, westsouthwest, westnorthwest, northwest, and northnorthwest
bars near north, northnortheast, northeast, eastnortheast, eastsoutheast, southsoutheast, southsouthwest, westsouthwest, westnorthwest, northwest, and northnorthwest
dark area near northeast, east, southeast, south, and southwest
stairs up near east
fountain near west and westnorthwest
bars very near north, northnortheast, eastsoutheast, southeast, southsoutheast, south, and southwest
boulder very near eastnortheast and west
fountain very near westsouthwest
fountain adjacent north
boulder adjacent northeast and west
bars adjacent southeast and south

cursor:
Yourself a archeologist
(x=39, y=14)

map:
                                                                                
                                                                                
                                                                                
                                                                                
                                                                                
                                                                                
                                                                                
                                  ##########                                    
                                  ##########                                    
                                  #.########                                    
                                  #{########                                    
                                  #.#..##..#                                    
                                  #....{``.#                                    
                                  #.{``@..<#                                    
                                  ###{.#####                                    
                                  ####.#####                                    
                                  ##########                                    
                                                                                
                                                                                
                                                                                
                                                                                
Agent the Digger               St:12 Dx:9 Co:15 In:15 Wi:15 Ch:9 Lawful S:0     
Dlvl:1 $:0 HP:15(15) Pw:1(1) AC:9 Xp:1/0                                        

",-0.001,False
25,west,,"message:
You try to move the boulder, but in vain.

language observation:
bars far northnortheast and northnorthwest
bars far northnortheast and northnorthwest
dark area far north, west, and northwest
bars near north, northnortheast, northeast, eastnortheast, eastsoutheast, southsoutheast, southsouthwest, westsouthwest, westnorthwest, northwest, and northnorthwest
bars near north, northnortheast, northeast, eastnortheast, eastsoutheast, southsoutheast, southsouthwest, westsouthwest, westnorthwest, northwest, and northnorthwest
dark area near northeast, east, southeast, south, and southwest
stairs up near east
fountain near west and westnorthwest
bars very near north, northnortheast, eastsoutheast, southeast, southsoutheast, south, and southwest
boulder very near eastnortheast and west
fountain very near westsouthwest
fountain adjacent north
boulder adjacent northeast and west
bars adjacent southeast and south

cursor:
Yourself a archeologist
(x=39, y=14)

map:
                                                                                
                                                                                
                                                                                
                                                                                
                                                                                
                                                                                
                                                                                
                                  ##########                                    
                                  ##########                                    
                                  #.########                                    
                                  #{########                                    
                                  #.#..##..#                                    
                                  #....{``.#                                    
                                  #.{``@..<#                                    
                                  ###{.#####                                    
                                  ####.#####                                    
                                  ##########                                    
                                                                                
                                                                                
                                                                                
                                                                                
Agent the Digger               St:12 Dx:9 Co:15 In:15 Wi:15 Ch:9 Lawful S:0     
Dlvl:1 $:0 HP:15(15) Pw:1(1) AC:9 Xp:1/0                                        

",-0.001,False
26,west,,"message:
You try to move the boulder, but in vain.

language observation:
bars far northnortheast and northnorthwest
bars far northnortheast and northnorthwest
dark area far north, west, and northwest
bars near north, northnortheast, northeast, eastnortheast, eastsoutheast, southsoutheast, southsouthwest, westsouthwest, westnorthwest, northwest, and northnorthwest
bars near north, northnortheast, northeast, eastnortheast, eastsoutheast, southsoutheast, southsouthwest, westsouthwest, westnorthwest, northwest, and northnorthwest
dark area near northeast, east, southeast, south, and southwest
stairs up near east
fountain near west and westnorthwest
bars very near north, northnortheast, eastsoutheast, southeast, southsoutheast, south, and southwest
boulder very near eastnortheast and west
fountain very near westsouthwest
fountain adjacent north
boulder adjacent northeast and west
bars adjacent southeast and south

cursor:
Yourself a archeologist
(x=39, y=14)

map:
                                                                                
                                                                                
                                                                                
                                                                                
                                                                                
                                                                                
                                                                                
                                  ##########                                    
                                  ##########                                    
                                  #.########                                    
                                  #{########                                    
                                  #.#..##..#                                    
                                  #....{``.#                                    
                                  #.{``@..<#                                    
                                  ###{.#####                                    
                                  ####.#####                                    
                                  ##########                                    
                                                                                
                                                                                
                                                                                
                                                                                
Agent the Digger               St:12 Dx:9 Co:15 In:15 Wi:15 Ch:9 Lawful S:0     
Dlvl:1 $:0 HP:15(15) Pw:1(1) AC:9 Xp:1/0                                        

",-0.001,False
27,west,,"message:
You try to move the boulder, but in vain.

language observation:
bars far northnortheast and northnorthwest
bars far northnortheast and northnorthwest
dark area far north, west, and northwest
bars near north, northnortheast, northeast, eastnortheast, eastsoutheast, southsoutheast, southsouthwest, westsouthwest, westnorthwest, northwest, and northnorthwest
bars near north, northnortheast, northeast, eastnortheast, eastsoutheast, southsoutheast, southsouthwest, westsouthwest, westnorthwest, northwest, and northnorthwest
dark area near northeast, east, southeast, south, and southwest
stairs up near east
fountain near west and westnorthwest
bars very near north, northnortheast, eastsoutheast, southeast, southsoutheast, south, and southwest
boulder very near eastnortheast and west
fountain very near westsouthwest
fountain adjacent north
boulder adjacent northeast and west
bars adjacent southeast and south

cursor:
Yourself a archeologist
(x=39, y=14)

map:
                                                                                
                                                                                
                                                                                
                                                                                
                                                                                
                                                                                
                                                                                
                                  ##########                                    
                                  ##########                                    
                                  #.########                                    
                                  #{########                                    
                                  #.#..##..#                                    
                                  #....{``.#                                    
                                  #.{``@..<#                                    
                                  ###{.#####                                    
                                  ####.#####                                    
                                  ##########                                    
                                                                                
                                                                                
                                                                                
                                                                                
Agent the Digger               St:12 Dx:9 Co:15 In:15 Wi:15 Ch:9 Lawful S:0     
Dlvl:1 $:0 HP:15(15) Pw:1(1) AC:9 Xp:1/0                                        

",-0.001,False
28,west,,"message:
You try to move the boulder, but in vain.

language observation:
bars far northnortheast and northnorthwest
bars far northnortheast and northnorthwest
dark area far north, west, and northwest
bars near north, northnortheast, northeast, eastnortheast, eastsoutheast, southsoutheast, southsouthwest, westsouthwest, westnorthwest, northwest, and northnorthwest
bars near north, northnortheast, northeast, eastnortheast, eastsoutheast, southsoutheast, southsouthwest, westsouthwest, westnorthwest, northwest, and northnorthwest
dark area near northeast, east, southeast, south, and southwest
stairs up near east
fountain near west and westnorthwest
bars very near north, northnortheast, eastsoutheast, southeast, southsoutheast, south, and southwest
boulder very near eastnortheast and west
fountain very near westsouthwest
fountain adjacent north
boulder adjacent northeast and west
bars adjacent southeast and south

cursor:
Yourself a archeologist
(x=39, y=14)

map:
                                                                                
                                                                                
                                                                                
                                                                                
                                                                                
                                                                                
                                                                                
                                  ##########                                    
                                  ##########                                    
                                  #.########                                    
                                  #{########                                    
                                  #.#..##..#                                    
                                  #....{``.#                                    
                                  #.{``@..<#                                    
                                  ###{.#####                                    
                                  ####.#####                                    
                                  ##########                                    
                                                                                
                                                                                
                                                                                
                                                                                
Agent the Digger               St:12 Dx:9 Co:15 In:15 Wi:15 Ch:9 Lawful S:0     
Dlvl:1 $:0 HP:15(15) Pw:1(1) AC:9 Xp:1/0                                        

",-0.001,False
29,west,,"message:
You try to move the boulder, but in vain.

language observation:
bars far northnortheast and northnorthwest
bars far northnortheast and northnorthwest
dark area far north, west, and northwest
bars near north, northnortheast, northeast, eastnortheast, eastsoutheast, southsoutheast, southsouthwest, westsouthwest, westnorthwest, northwest, and northnorthwest
bars near north, northnortheast, northeast, eastnortheast, eastsoutheast, southsoutheast, southsouthwest, westsouthwest, westnorthwest, northwest, and northnorthwest
dark area near northeast, east, southeast, south, and southwest
stairs up near east
fountain near west and westnorthwest
bars very near north, northnortheast, eastsoutheast, southeast, southsoutheast, south, and southwest
boulder very near eastnortheast and west
fountain very near westsouthwest
fountain adjacent north
boulder adjacent northeast and west
bars adjacent southeast and south

cursor:
Yourself a archeologist
(x=39, y=14)

map:
                                                                                
                                                                                
                                                                                
                                                                                
                                                                                
                                                                                
                                                                                
                                  ##########                                    
                                  ##########                                    
                                  #.########                                    
                                  #{########                                    
                                  #.#..##..#                                    
                                  #....{``.#                                    
                                  #.{``@..<#                                    
                                  ###{.#####                                    
                                  ####.#####                                    
                                  ##########                                    
                                                                                
                                                                                
                                                                                
                                                                                
Agent the Digger               St:12 Dx:9 Co:15 In:15 Wi:15 Ch:9 Lawful S:0     
Dlvl:1 $:0 HP:15(15) Pw:1(1) AC:9 Xp:1/0                                        

",-0.001,False
30,west,,"message:
You try to move the boulder, but in vain.

language observation:
bars far northnortheast and northnorthwest
bars far northnortheast and northnorthwest
dark area far north, west, and northwest
bars near north, northnortheast, northeast, eastnortheast, eastsoutheast, southsoutheast, southsouthwest, westsouthwest, westnorthwest, northwest, and northnorthwest
bars near north, northnortheast, northeast, eastnortheast, eastsoutheast, southsoutheast, southsouthwest, westsouthwest, westnorthwest, northwest, and northnorthwest
dark area near northeast, east, southeast, south, and southwest
stairs up near east
fountain near west and westnorthwest
bars very near north, northnortheast, eastsoutheast, southeast, southsoutheast, south, and southwest
boulder very near eastnortheast and west
fountain very near westsouthwest
fountain adjacent north
boulder adjacent northeast and west
bars adjacent southeast and south

cursor:
Yourself a archeologist
(x=39, y=14)

map:
                                                                                
                                                                                
                                                                                
                                                                                
                                                                                
                                                                                
                                                                                
                                  ##########                                    
                                  ##########                                    
                                  #.########                                    
                                  #{########                                    
                                  #.#..##..#                                    
                                  #....{``.#                                    
                                  #.{``@..<#                                    
                                  ###{.#####                                    
                                  ####.#####                                    
                                  ##########                                    
                                                                                
                                                                                
                                                                                
                                                                                
Agent the Digger               St:12 Dx:9 Co:15 In:15 Wi:15 Ch:9 Lawful S:0     
Dlvl:1 $:0 HP:15(15) Pw:1(1) AC:9 Xp:1/0                                        

",-0.001,False
31,west,,"message:
You try to move the boulder, but in vain.

language observation:
bars far northnortheast and northnorthwest
bars far northnortheast and northnorthwest
dark area far north, west, and northwest
bars near north, northnortheast, northeast, eastnortheast, eastsoutheast, southsoutheast, southsouthwest, westsouthwest, westnorthwest, northwest, and northnorthwest
bars near north, northnortheast, northeast, eastnortheast, eastsoutheast, southsoutheast, southsouthwest, westsouthwest, westnorthwest, northwest, and northnorthwest
dark area near northeast, east, southeast, south, and southwest
stairs up near east
fountain near west and westnorthwest
bars very near north, northnortheast, eastsoutheast, southeast, southsoutheast, south, and southwest
boulder very near eastnortheast and west
fountain very near westsouthwest
fountain adjacent north
boulder adjacent northeast and west
bars adjacent southeast and south

cursor:
Yourself a archeologist
(x=39, y=14)

map:
                                                                                
                                                                                
                                                                                
                                                                                
                                                                                
                                                                                
                                                                                
                                  ##########                                    
                                  ##########                                    
                                  #.########                                    
                                  #{########                                    
                                  #.#..##..#                                    
                                  #....{``.#                                    
                                  #.{``@..<#                                    
                                  ###{.#####                                    
                                  ####.#####                                    
                                  ##########                                    
                                                                                
                                                                                
                                                                                
                                                                                
Agent the Digger               St:12 Dx:9 Co:15 In:15 Wi:15 Ch:9 Lawful S:0     
Dlvl:1 $:0 HP:15(15) Pw:1(1) AC:9 Xp:1/0                                        

",-0.001,False
32,west,,"message:
You try to move the boulder, but in vain.

language observation:
bars far northnortheast and northnorthwest
bars far northnortheast and northnorthwest
dark area far north, west, and northwest
bars near north, northnortheast, northeast, eastnortheast, eastsoutheast, southsoutheast, southsouthwest, westsouthwest, westnorthwest, northwest, and northnorthwest
bars near north, northnortheast, northeast, eastnortheast, eastsoutheast, southsoutheast, southsouthwest, westsouthwest, westnorthwest, northwest, and northnorthwest
dark area near northeast, east, southeast, south, and southwest
stairs up near east
fountain near west and westnorthwest
bars very near north, northnortheast, eastsoutheast, southeast, southsoutheast, south, and southwest
boulder very near eastnortheast and west
fountain very near westsouthwest
fountain adjacent north
boulder adjacent northeast and west
bars adjacent southeast and south

cursor:
Yourself a archeologist
(x=39, y=14)

map:
                                                                                
                                                                                
                                                                                
                                                                                
                                                                                
                                                                                
                                                                                
                                  ##########                                    
                                  ##########                                    
                                  #.########                                    
                                  #{########                                    
                                  #.#..##..#                                    
                                  #....{``.#                                    
                                  #.{``@..<#                                    
                                  ###{.#####                                    
                                  ####.#####                                    
                                  ##########                                    
                                                                                
                                                                                
                                                                                
                                                                                
Agent the Digger               St:12 Dx:9 Co:15 In:15 Wi:15 Ch:9 Lawful S:0     
Dlvl:1 $:0 HP:15(15) Pw:1(1) AC:9 Xp:1/0                                        

",-0.001,False
33,west,,"message:
You try to move the boulder, but in vain.

language observation:
bars far northnortheast and northnorthwest
bars far northnortheast and northnorthwest
dark area far north, west, and northwest
bars near north, northnortheast, northeast, eastnortheast, eastsoutheast, southsoutheast, southsouthwest, westsouthwest, westnorthwest, northwest, and northnorthwest
bars near north, northnortheast, northeast, eastnortheast, eastsoutheast, southsoutheast, southsouthwest, westsouthwest, westnorthwest, northwest, and northnorthwest
dark area near northeast, east, southeast, south, and southwest
stairs up near east
fountain near west and westnorthwest
bars very near north, northnortheast, eastsoutheast, southeast, southsoutheast, south, and southwest
boulder very near eastnortheast and west
fountain very near westsouthwest
fountain adjacent north
boulder adjacent northeast and west
bars adjacent southeast and south

cursor:
Yourself a archeologist
(x=39, y=14)

map:
                                                                                
                                                                                
                                                                                
                                                                                
                                                                                
                                                                                
                                                                                
                                  ##########                                    
                                  ##########                                    
                                  #.########                                    
                                  #{########                                    
                                  #.#..##..#                                    
                                  #....{``.#                                    
                                  #.{``@..<#                                    
                                  ###{.#####                                    
                                  ####.#####                                    
                                  ##########                                    
                                                                                
                                                                                
                                                                                
                                                                                
Agent the Digger               St:12 Dx:9 Co:15 In:15 Wi:15 Ch:9 Lawful S:0     
Dlvl:1 $:0 HP:15(15) Pw:1(1) AC:9 Xp:1/0                                        

",-0.001,False
34,west,,"message:
You try to move the boulder, but in vain.

language observation:
bars far northnortheast and northnorthwest
bars far northnortheast and northnorthwest
dark area far north, west, and northwest
bars near north, northnortheast, northeast, eastnortheast, eastsoutheast, southsoutheast, southsouthwest, westsouthwest, westnorthwest, northwest, and northnorthwest
bars near north, northnortheast, northeast, eastnortheast, eastsoutheast, southsoutheast, southsouthwest, westsouthwest, westnorthwest, northwest, and northnorthwest
dark area near northeast, east, southeast, south, and southwest
stairs up near east
fountain near west and westnorthwest
bars very near north, northnortheast, eastsoutheast, southeast, southsoutheast, south, and southwest
boulder very near eastnortheast and west
fountain very near westsouthwest
fountain adjacent north
boulder adjacent northeast and west
bars adjacent southeast and south

cursor:
Yourself a archeologist
(x=39, y=14)

map:
                                                                                
                                                                                
                                                                                
                                                                                
                                                                                
                                                                                
                                                                                
                                  ##########                                    
                                  ##########                                    
                                  #.########                                    
                                  #{########                                    
                                  #.#..##..#                                    
                                  #....{``.#                                    
                                  #.{``@..<#                                    
                                  ###{.#####                                    
                                  ####.#####                                    
                                  ##########                                    
                                                                                
                                                                                
                                                                                
                                                                                
Agent the Digger               St:12 Dx:9 Co:15 In:15 Wi:15 Ch:9 Lawful S:0     
Dlvl:1 $:0 HP:15(15) Pw:1(1) AC:9 Xp:1/0                                        

",-0.001,False
35,west,,"message:
You try to move the boulder, but in vain.

language observation:
bars far northnortheast and northnorthwest
bars far northnortheast and northnorthwest
dark area far north, west, and northwest
bars near north, northnortheast, northeast, eastnortheast, eastsoutheast, southsoutheast, southsouthwest, westsouthwest, westnorthwest, northwest, and northnorthwest
bars near north, northnortheast, northeast, eastnortheast, eastsoutheast, southsoutheast, southsouthwest, westsouthwest, westnorthwest, northwest, and northnorthwest
dark area near northeast, east, southeast, south, and southwest
stairs up near east
fountain near west and westnorthwest
bars very near north, northnortheast, eastsoutheast, southeast, southsoutheast, south, and southwest
boulder very near eastnortheast and west
fountain very near westsouthwest
fountain adjacent north
boulder adjacent northeast and west
bars adjacent southeast and south

cursor:
Yourself a archeologist
(x=39, y=14)

map:
                                                                                
                                                                                
                                                                                
                                                                                
                                                                                
                                                                                
                                                                                
                                  ##########                                    
                                  ##########                                    
                                  #.########                                    
                                  #{########                                    
                                  #.#..##..#                                    
                                  #....{``.#                                    
                                  #.{``@..<#                                    
                                  ###{.#####                                    
                                  ####.#####                                    
                                  ##########                                    
                                                                                
                                                                                
                                                                                
                                                                                
Agent the Digger               St:12 Dx:9 Co:15 In:15 Wi:15 Ch:9 Lawful S:0     
Dlvl:1 $:0 HP:15(15) Pw:1(1) AC:9 Xp:1/0                                        

",-0.001,False
36,west,,"message:
You try to move the boulder, but in vain.

language observation:
bars far northnortheast and northnorthwest
bars far northnortheast and northnorthwest
dark area far north, west, and northwest
bars near north, northnortheast, northeast, eastnortheast, eastsoutheast, southsoutheast, southsouthwest, westsouthwest, westnorthwest, northwest, and northnorthwest
bars near north, northnortheast, northeast, eastnortheast, eastsoutheast, southsoutheast, southsouthwest, westsouthwest, westnorthwest, northwest, and northnorthwest
dark area near northeast, east, southeast, south, and southwest
stairs up near east
fountain near west and westnorthwest
bars very near north, northnortheast, eastsoutheast, southeast, southsoutheast, south, and southwest
boulder very near eastnortheast and west
fountain very near westsouthwest
fountain adjacent north
boulder adjacent northeast and west
bars adjacent southeast and south

cursor:
Yourself a archeologist
(x=39, y=14)

map:
                                                                                
                                                                                
                                                                                
                                                                                
                                                                                
                                                                                
                                                                                
                                  ##########                                    
                                  ##########                                    
                                  #.########                                    
                                  #{########                                    
                                  #.#..##..#                                    
                                  #....{``.#                                    
                                  #.{``@..<#                                    
                                  ###{.#####                                    
                                  ####.#####                                    
                                  ##########                                    
                                                                                
                                                                                
                                                                                
                                                                                
Agent the Digger               St:12 Dx:9 Co:15 In:15 Wi:15 Ch:9 Lawful S:0     
Dlvl:1 $:0 HP:15(15) Pw:1(1) AC:9 Xp:1/0                                        

",-0.001,False
37,west,,"message:
You try to move the boulder, but in vain.

language observation:
bars far northnortheast and northnorthwest
bars far northnortheast and northnorthwest
dark area far north, west, and northwest
bars near north, northnortheast, northeast, eastnortheast, eastsoutheast, southsoutheast, southsouthwest, westsouthwest, westnorthwest, northwest, and northnorthwest
bars near north, northnortheast, northeast, eastnortheast, eastsoutheast, southsoutheast, southsouthwest, westsouthwest, westnorthwest, northwest, and northnorthwest
dark area near northeast, east, southeast, south, and southwest
stairs up near east
fountain near west and westnorthwest
bars very near north, northnortheast, eastsoutheast, southeast, southsoutheast, south, and southwest
boulder very near eastnortheast and west
fountain very near westsouthwest
fountain adjacent north
boulder adjacent northeast and west
bars adjacent southeast and south

cursor:
Yourself a archeologist
(x=39, y=14)

map:
                                                                                
                                                                                
                                                                                
                                                                                
                                                                                
                                                                                
                                                                                
                                  ##########                                    
                                  ##########                                    
                                  #.########                                    
                                  #{########                                    
                                  #.#..##..#                                    
                                  #....{``.#                                    
                                  #.{``@..<#                                    
                                  ###{.#####                                    
                                  ####.#####                                    
                                  ##########                                    
                                                                                
                                                                                
                                                                                
                                                                                
Agent the Digger               St:12 Dx:9 Co:15 In:15 Wi:15 Ch:9 Lawful S:0     
Dlvl:1 $:0 HP:15(15) Pw:1(1) AC:9 Xp:1/0                                        

",-0.001,False
38,west,,"message:
You try to move the boulder, but in vain.

language observation:
bars far northnortheast and northnorthwest
bars far northnortheast and northnorthwest
dark area far north, west, and northwest
bars near north, northnortheast, northeast, eastnortheast, eastsoutheast, southsoutheast, southsouthwest, westsouthwest, westnorthwest, northwest, and northnorthwest
bars near north, northnortheast, northeast, eastnortheast, eastsoutheast, southsoutheast, southsouthwest, westsouthwest, westnorthwest, northwest, and northnorthwest
dark area near northeast, east, southeast, south, and southwest
stairs up near east
fountain near west and westnorthwest
bars very near north, northnortheast, eastsoutheast, southeast, southsoutheast, south, and southwest
boulder very near eastnortheast and west
fountain very near westsouthwest
fountain adjacent north
boulder adjacent northeast and west
bars adjacent southeast and south

cursor:
Yourself a archeologist
(x=39, y=14)

map:
                                                                                
                                                                                
                                                                                
                                                                                
                                                                                
                                                                                
                                                                                
                                  ##########                                    
                                  ##########                                    
                                  #.########                                    
                                  #{########                                    
                                  #.#..##..#                                    
                                  #....{``.#                                    
                                  #.{``@..<#                                    
                                  ###{.#####                                    
                                  ####.#####                                    
                                  ##########                                    
                                                                                
                                                                                
                                                                                
                                                                                
Agent the Digger               St:12 Dx:9 Co:15 In:15 Wi:15 Ch:9 Lawful S:0     
Dlvl:1 $:0 HP:15(15) Pw:1(1) AC:9 Xp:1/0                                        

",-0.001,False
39,west,,"message:
You try to move the boulder, but in vain.

language observation:
bars far northnortheast and northnorthwest
bars far northnortheast and northnorthwest
dark area far north, west, and northwest
bars near north, northnortheast, northeast, eastnortheast, eastsoutheast, southsoutheast, southsouthwest, westsouthwest, westnorthwest, northwest, and northnorthwest
bars near north, northnortheast, northeast, eastnortheast, eastsoutheast, southsoutheast, southsouthwest, westsouthwest, westnorthwest, northwest, and northnorthwest
dark area near northeast, east, southeast, south, and southwest
stairs up near east
fountain near west and westnorthwest
bars very near north, northnortheast, eastsoutheast, southeast, southsoutheast, south, and southwest
boulder very near eastnortheast and west
fountain very near westsouthwest
fountain adjacent north
boulder adjacent northeast and west
bars adjacent southeast and south

cursor:
Yourself a archeologist
(x=39, y=14)

map:
                                                                                
                                                                                
                                                                                
                                                                                
                                                                                
                                                                                
                                                                                
                                  ##########                                    
                                  ##########                                    
                                  #.########                                    
                                  #{########                                    
                                  #.#..##..#                                    
                                  #....{``.#                                    
                                  #.{``@..<#                                    
                                  ###{.#####                                    
                                  ####.#####                                    
                                  ##########                                    
                                                                                
                                                                                
                                                                                
                                                                                
Agent the Digger               St:12 Dx:9 Co:15 In:15 Wi:15 Ch:9 Lawful S:0     
Dlvl:1 $:0 HP:15(15) Pw:1(1) AC:9 Xp:1/0                                        

",-0.001,False
40,west,,"message:
You try to move the boulder, but in vain.

language observation:
bars far northnortheast and northnorthwest
bars far northnortheast and northnorthwest
dark area far north, west, and northwest
bars near north, northnortheast, northeast, eastnortheast, eastsoutheast, southsoutheast, southsouthwest, westsouthwest, westnorthwest, northwest, and northnorthwest
bars near north, northnortheast, northeast, eastnortheast, eastsoutheast, southsoutheast, southsouthwest, westsouthwest, westnorthwest, northwest, and northnorthwest
dark area near northeast, east, southeast, south, and southwest
stairs up near east
fountain near west and westnorthwest
bars very near north, northnortheast, eastsoutheast, southeast, southsoutheast, south, and southwest
boulder very near eastnortheast and west
fountain very near westsouthwest
fountain adjacent north
boulder adjacent northeast and west
bars adjacent southeast and south

cursor:
Yourself a archeologist
(x=39, y=14)

map:
                                                                                
                                                                                
                                                                                
                                                                                
                                                                                
                                                                                
                                                                                
                                  ##########                                    
                                  ##########                                    
                                  #.########                                    
                                  #{########                                    
                                  #.#..##..#                                    
                                  #....{``.#                                    
                                  #.{``@..<#                                    
                                  ###{.#####                                    
                                  ####.#####                                    
                                  ##########                                    
                                                                                
                                                                                
                                                                                
                                                                                
Agent the Digger               St:12 Dx:9 Co:15 In:15 Wi:15 Ch:9 Lawful S:0     
Dlvl:1 $:0 HP:15(15) Pw:1(1) AC:9 Xp:1/0                                        

",-0.001,False
41,west,,"message:
You try to move the boulder, but in vain.

language observation:
bars far northnortheast and northnorthwest
bars far northnortheast and northnorthwest
dark area far north, west, and northwest
bars near north, northnortheast, northeast, eastnortheast, eastsoutheast, southsoutheast, southsouthwest, westsouthwest, westnorthwest, northwest, and northnorthwest
bars near north, northnortheast, northeast, eastnortheast, eastsoutheast, southsoutheast, southsouthwest, westsouthwest, westnorthwest, northwest, and northnorthwest
dark area near northeast, east, southeast, south, and southwest
stairs up near east
fountain near west and westnorthwest
bars very near north, northnortheast, eastsoutheast, southeast, southsoutheast, south, and southwest
boulder very near eastnortheast and west
fountain very near westsouthwest
fountain adjacent north
boulder adjacent northeast and west
bars adjacent southeast and south

cursor:
Yourself a archeologist
(x=39, y=14)

map:
                                                                                
                                                                                
                                                                                
                                                                                
                                                                                
                                                                                
                                                                                
                                  ##########                                    
                                  ##########                                    
                                  #.########                                    
                                  #{########                                    
                                  #.#..##..#                                    
                                  #....{``.#                                    
                                  #.{``@..<#                                    
                                  ###{.#####                                    
                                  ####.#####                                    
                                  ##########                                    
                                                                                
                                                                                
                                                                                
                                                                                
Agent the Digger               St:12 Dx:9 Co:15 In:15 Wi:15 Ch:9 Lawful S:0     
Dlvl:1 $:0 HP:15(15) Pw:1(1) AC:9 Xp:1/0                                        

",-0.001,False
42,west,,"message:
You try to move the boulder, but in vain.

language observation:
bars far northnortheast and northnorthwest
bars far northnortheast and northnorthwest
dark area far north, west, and northwest
bars near north, northnortheast, northeast, eastnortheast, eastsoutheast, southsoutheast, southsouthwest, westsouthwest, westnorthwest, northwest, and northnorthwest
bars near north, northnortheast, northeast, eastnortheast, eastsoutheast, southsoutheast, southsouthwest, westsouthwest, westnorthwest, northwest, and northnorthwest
dark area near northeast, east, southeast, south, and southwest
stairs up near east
fountain near west and westnorthwest
bars very near north, northnortheast, eastsoutheast, southeast, southsoutheast, south, and southwest
boulder very near eastnortheast and west
fountain very near westsouthwest
fountain adjacent north
boulder adjacent northeast and west
bars adjacent southeast and south

cursor:
Yourself a archeologist
(x=39, y=14)

map:
                                                                                
                                                                                
                                                                                
                                                                                
                                                                                
                                                                                
                                                                                
                                  ##########                                    
                                  ##########                                    
                                  #.########                                    
                                  #{########                                    
                                  #.#..##..#                                    
                                  #....{``.#                                    
                                  #.{``@..<#                                    
                                  ###{.#####                                    
                                  ####.#####                                    
                                  ##########                                    
                                                                                
                                                                                
                                                                                
                                                                                
Agent the Digger               St:12 Dx:9 Co:15 In:15 Wi:15 Ch:9 Lawful S:0     
Dlvl:1 $:0 HP:15(15) Pw:1(1) AC:9 Xp:1/0                                        

",-0.001,False
43,west,,"message:
You try to move the boulder, but in vain.

language observation:
bars far northnortheast and northnorthwest
bars far northnortheast and northnorthwest
dark area far north, west, and northwest
bars near north, northnortheast, northeast, eastnortheast, eastsoutheast, southsoutheast, southsouthwest, westsouthwest, westnorthwest, northwest, and northnorthwest
bars near north, northnortheast, northeast, eastnortheast, eastsoutheast, southsoutheast, southsouthwest, westsouthwest, westnorthwest, northwest, and northnorthwest
dark area near northeast, east, southeast, south, and southwest
stairs up near east
fountain near west and westnorthwest
bars very near north, northnortheast, eastsoutheast, southeast, southsoutheast, south, and southwest
boulder very near eastnortheast and west
fountain very near westsouthwest
fountain adjacent north
boulder adjacent northeast and west
bars adjacent southeast and south

cursor:
Yourself a archeologist
(x=39, y=14)

map:
                                                                                
                                                                                
                                                                                
                                                                                
                                                                                
                                                                                
                                                                                
                                  ##########                                    
                                  ##########                                    
                                  #.########                                    
                                  #{########                                    
                                  #.#..##..#                                    
                                  #....{``.#                                    
                                  #.{``@..<#                                    
                                  ###{.#####                                    
                                  ####.#####                                    
                                  ##########                                    
                                                                                
                                                                                
                                                                                
                                                                                
Agent the Digger               St:12 Dx:9 Co:15 In:15 Wi:15 Ch:9 Lawful S:0     
Dlvl:1 $:0 HP:15(15) Pw:1(1) AC:9 Xp:1/0                                        

",-0.001,False
44,west,,"message:
You try to move the boulder, but in vain.

language observation:
bars far northnortheast and northnorthwest
bars far northnortheast and northnorthwest
dark area far north, west, and northwest
bars near north, northnortheast, northeast, eastnortheast, eastsoutheast, southsoutheast, southsouthwest, westsouthwest, westnorthwest, northwest, and northnorthwest
bars near north, northnortheast, northeast, eastnortheast, eastsoutheast, southsoutheast, southsouthwest, westsouthwest, westnorthwest, northwest, and northnorthwest
dark area near northeast, east, southeast, south, and southwest
stairs up near east
fountain near west and westnorthwest
bars very near north, northnortheast, eastsoutheast, southeast, southsoutheast, south, and southwest
boulder very near eastnortheast and west
fountain very near westsouthwest
fountain adjacent north
boulder adjacent northeast and west
bars adjacent southeast and south

cursor:
Yourself a archeologist
(x=39, y=14)

map:
                                                                                
                                                                                
                                                                                
                                                                                
                                                                                
                                                                                
                                                                                
                                  ##########                                    
                                  ##########                                    
                                  #.########                                    
                                  #{########                                    
                                  #.#..##..#                                    
                                  #....{``.#                                    
                                  #.{``@..<#                                    
                                  ###{.#####                                    
                                  ####.#####                                    
                                  ##########                                    
                                                                                
                                                                                
                                                                                
                                                                                
Agent the Digger               St:12 Dx:9 Co:15 In:15 Wi:15 Ch:9 Lawful S:0     
Dlvl:1 $:0 HP:15(15) Pw:1(1) AC:9 Xp:1/0                                        

",-0.001,False
45,west,,"message:
You try to move the boulder, but in vain.

language observation:
bars far northnortheast and northnorthwest
bars far northnortheast and northnorthwest
dark area far north, west, and northwest
bars near north, northnortheast, northeast, eastnortheast, eastsoutheast, southsoutheast, southsouthwest, westsouthwest, westnorthwest, northwest, and northnorthwest
bars near north, northnortheast, northeast, eastnortheast, eastsoutheast, southsoutheast, southsouthwest, westsouthwest, westnorthwest, northwest, and northnorthwest
dark area near northeast, east, southeast, south, and southwest
stairs up near east
fountain near west and westnorthwest
bars very near north, northnortheast, eastsoutheast, southeast, southsoutheast, south, and southwest
boulder very near eastnortheast and west
fountain very near westsouthwest
fountain adjacent north
boulder adjacent northeast and west
bars adjacent southeast and south

cursor:
Yourself a archeologist
(x=39, y=14)

map:
                                                                                
                                                                                
                                                                                
                                                                                
                                                                                
                                                                                
                                                                                
                                  ##########                                    
                                  ##########                                    
                                  #.########                                    
                                  #{########                                    
                                  #.#..##..#                                    
                                  #....{``.#                                    
                                  #.{``@..<#                                    
                                  ###{.#####                                    
                                  ####.#####                                    
                                  ##########                                    
                                                                                
                                                                                
                                                                                
                                                                                
Agent the Digger               St:12 Dx:9 Co:15 In:15 Wi:15 Ch:9 Lawful S:0     
Dlvl:1 $:0 HP:15(15) Pw:1(1) AC:9 Xp:1/0                                        

",-0.001,False
46,west,,"message:
You try to move the boulder, but in vain.

language observation:
bars far northnortheast and northnorthwest
bars far northnortheast and northnorthwest
dark area far north, west, and northwest
bars near north, northnortheast, northeast, eastnortheast, eastsoutheast, southsoutheast, southsouthwest, westsouthwest, westnorthwest, northwest, and northnorthwest
bars near north, northnortheast, northeast, eastnortheast, eastsoutheast, southsoutheast, southsouthwest, westsouthwest, westnorthwest, northwest, and northnorthwest
dark area near northeast, east, southeast, south, and southwest
stairs up near east
fountain near west and westnorthwest
bars very near north, northnortheast, eastsoutheast, southeast, southsoutheast, south, and southwest
boulder very near eastnortheast and west
fountain very near westsouthwest
fountain adjacent north
boulder adjacent northeast and west
bars adjacent southeast and south

cursor:
Yourself a archeologist
(x=39, y=14)

map:
                                                                                
                                                                                
                                                                                
                                                                                
                                                                                
                                                                                
                                                                                
                                  ##########                                    
                                  ##########                                    
                                  #.########                                    
                                  #{########                                    
                                  #.#..##..#                                    
                                  #....{``.#                                    
                                  #.{``@..<#                                    
                                  ###{.#####                                    
                                  ####.#####                                    
                                  ##########                                    
                                                                                
                                                                                
                                                                                
                                                                                
Agent the Digger               St:12 Dx:9 Co:15 In:15 Wi:15 Ch:9 Lawful S:0     
Dlvl:1 $:0 HP:15(15) Pw:1(1) AC:9 Xp:1/0                                        

",-0.001,False
47,west,,"message:
You try to move the boulder, but in vain.

language observation:
bars far northnortheast and northnorthwest
bars far northnortheast and northnorthwest
dark area far north, west, and northwest
bars near north, northnortheast, northeast, eastnortheast, eastsoutheast, southsoutheast, southsouthwest, westsouthwest, westnorthwest, northwest, and northnorthwest
bars near north, northnortheast, northeast, eastnortheast, eastsoutheast, southsoutheast, southsouthwest, westsouthwest, westnorthwest, northwest, and northnorthwest
dark area near northeast, east, southeast, south, and southwest
stairs up near east
fountain near west and westnorthwest
bars very near north, northnortheast, eastsoutheast, southeast, southsoutheast, south, and southwest
boulder very near eastnortheast and west
fountain very near westsouthwest
fountain adjacent north
boulder adjacent northeast and west
bars adjacent southeast and south

cursor:
Yourself a archeologist
(x=39, y=14)

map:
                                                                                
                                                                                
                                                                                
                                                                                
                                                                                
                                                                                
                                                                                
                                  ##########                                    
                                  ##########                                    
                                  #.########                                    
                                  #{########                                    
                                  #.#..##..#                                    
                                  #....{``.#                                    
                                  #.{``@..<#                                    
                                  ###{.#####                                    
                                  ####.#####                                    
                                  ##########                                    
                                                                                
                                                                                
                                                                                
                                                                                
Agent the Digger               St:12 Dx:9 Co:15 In:15 Wi:15 Ch:9 Lawful S:0     
Dlvl:1 $:0 HP:15(15) Pw:1(1) AC:9 Xp:1/0                                        

",-0.001,False
48,west,,"message:
You try to move the boulder, but in vain.

language observation:
bars far northnortheast and northnorthwest
bars far northnortheast and northnorthwest
dark area far north, west, and northwest
bars near north, northnortheast, northeast, eastnortheast, eastsoutheast, southsoutheast, southsouthwest, westsouthwest, westnorthwest, northwest, and northnorthwest
bars near north, northnortheast, northeast, eastnortheast, eastsoutheast, southsoutheast, southsouthwest, westsouthwest, westnorthwest, northwest, and northnorthwest
dark area near northeast, east, southeast, south, and southwest
stairs up near east
fountain near west and westnorthwest
bars very near north, northnortheast, eastsoutheast, southeast, southsoutheast, south, and southwest
boulder very near eastnortheast and west
fountain very near westsouthwest
fountain adjacent north
boulder adjacent northeast and west
bars adjacent southeast and south

cursor:
Yourself a archeologist
(x=39, y=14)

map:
                                                                                
                                                                                
                                                                                
                                                                                
                                                                                
                                                                                
                                                                                
                                  ##########                                    
                                  ##########                                    
                                  #.########                                    
                                  #{########                                    
                                  #.#..##..#                                    
                                  #....{``.#                                    
                                  #.{``@..<#                                    
                                  ###{.#####                                    
                                  ####.#####                                    
                                  ##########                                    
                                                                                
                                                                                
                                                                                
                                                                                
Agent the Digger               St:12 Dx:9 Co:15 In:15 Wi:15 Ch:9 Lawful S:0     
Dlvl:1 $:0 HP:15(15) Pw:1(1) AC:9 Xp:1/0                                        

",-0.001,False
49,west,,"message:
You try to move the boulder, but in vain.

language observation:
bars far northnortheast and northnorthwest
bars far northnortheast and northnorthwest
dark area far north, west, and northwest
bars near north, northnortheast, northeast, eastnortheast, eastsoutheast, southsoutheast, southsouthwest, westsouthwest, westnorthwest, northwest, and northnorthwest
bars near north, northnortheast, northeast, eastnortheast, eastsoutheast, southsoutheast, southsouthwest, westsouthwest, westnorthwest, northwest, and northnorthwest
dark area near northeast, east, southeast, south, and southwest
stairs up near east
fountain near west and westnorthwest
bars very near north, northnortheast, eastsoutheast, southeast, southsoutheast, south, and southwest
boulder very near eastnortheast and west
fountain very near westsouthwest
fountain adjacent north
boulder adjacent northeast and west
bars adjacent southeast and south

cursor:
Yourself a archeologist
(x=39, y=14)

map:
                                                                                
                                                                                
                                                                                
                                                                                
                                                                                
                                                                                
                                                                                
                                  ##########                                    
                                  ##########                                    
                                  #.########                                    
                                  #{########                                    
                                  #.#..##..#                                    
                                  #....{``.#                                    
                                  #.{``@..<#                                    
                                  ###{.#####                                    
                                  ####.#####                                    
                                  ##########                                    
                                                                                
                                                                                
                                                                                
                                                                                
Agent the Digger               St:12 Dx:9 Co:15 In:15 Wi:15 Ch:9 Lawful S:0     
Dlvl:1 $:0 HP:15(15) Pw:1(1) AC:9 Xp:1/0                                        

",-0.001,False
50,west,,"message:
You try to move the boulder, but in vain.

language observation:
bars far northnortheast and northnorthwest
bars far northnortheast and northnorthwest
dark area far north, west, and northwest
bars near north, northnortheast, northeast, eastnortheast, eastsoutheast, southsoutheast, southsouthwest, westsouthwest, westnorthwest, northwest, and northnorthwest
bars near north, northnortheast, northeast, eastnortheast, eastsoutheast, southsoutheast, southsouthwest, westsouthwest, westnorthwest, northwest, and northnorthwest
dark area near northeast, east, southeast, south, and southwest
stairs up near east
fountain near west and westnorthwest
bars very near north, northnortheast, eastsoutheast, southeast, southsoutheast, south, and southwest
boulder very near eastnortheast and west
fountain very near westsouthwest
fountain adjacent north
boulder adjacent northeast and west
bars adjacent southeast and south

cursor:
Yourself a archeologist
(x=39, y=14)

map:
                                                                                
                                                                                
                                                                                
                                                                                
                                                                                
                                                                                
                                                                                
                                  ##########                                    
                                  ##########                                    
                                  #.########                                    
                                  #{########                                    
                                  #.#..##..#                                    
                                  #....{``.#                                    
                                  #.{``@..<#                                    
                                  ###{.#####                                    
                                  ####.#####                                    
                                  ##########                                    
                                                                                
                                                                                
                                                                                
                                                                                
Agent the Digger               St:12 Dx:9 Co:15 In:15 Wi:15 Ch:9 Lawful S:0     
Dlvl:1 $:0 HP:15(15) Pw:1(1) AC:9 Xp:1/0                                        

",-0.001,False
51,west,,"message:
You try to move the boulder, but in vain.

language observation:
bars far northnortheast and northnorthwest
bars far northnortheast and northnorthwest
dark area far north, west, and northwest
bars near north, northnortheast, northeast, eastnortheast, eastsoutheast, southsoutheast, southsouthwest, westsouthwest, westnorthwest, northwest, and northnorthwest
bars near north, northnortheast, northeast, eastnortheast, eastsoutheast, southsoutheast, southsouthwest, westsouthwest, westnorthwest, northwest, and northnorthwest
dark area near northeast, east, southeast, south, and southwest
stairs up near east
fountain near west and westnorthwest
bars very near north, northnortheast, eastsoutheast, southeast, southsoutheast, south, and southwest
boulder very near eastnortheast and west
fountain very near westsouthwest
fountain adjacent north
boulder adjacent northeast and west
bars adjacent southeast and south

cursor:
Yourself a archeologist
(x=39, y=14)

map:
                                                                                
                                                                                
                                                                                
                                                                                
                                                                                
                                                                                
                                                                                
                                  ##########                                    
                                  ##########                                    
                                  #.########                                    
                                  #{########                                    
                                  #.#..##..#                                    
                                  #....{``.#                                    
                                  #.{``@..<#                                    
                                  ###{.#####                                    
                                  ####.#####                                    
                                  ##########                                    
                                                                                
                                                                                
                                                                                
                                                                                
Agent the Digger               St:12 Dx:9 Co:15 In:15 Wi:15 Ch:9 Lawful S:0     
Dlvl:1 $:0 HP:15(15) Pw:1(1) AC:9 Xp:1/0                                        

",-0.001,False
52,west,,"message:
You try to move the boulder, but in vain.

language observation:
bars far northnortheast and northnorthwest
bars far northnortheast and northnorthwest
dark area far north, west, and northwest
bars near north, northnortheast, northeast, eastnortheast, eastsoutheast, southsoutheast, southsouthwest, westsouthwest, westnorthwest, northwest, and northnorthwest
bars near north, northnortheast, northeast, eastnortheast, eastsoutheast, southsoutheast, southsouthwest, westsouthwest, westnorthwest, northwest, and northnorthwest
dark area near northeast, east, southeast, south, and southwest
stairs up near east
fountain near west and westnorthwest
bars very near north, northnortheast, eastsoutheast, southeast, southsoutheast, south, and southwest
boulder very near eastnortheast and west
fountain very near westsouthwest
fountain adjacent north
boulder adjacent northeast and west
bars adjacent southeast and south

cursor:
Yourself a archeologist
(x=39, y=14)

map:
                                                                                
                                                                                
                                                                                
                                                                                
                                                                                
                                                                                
                                                                                
                                  ##########                                    
                                  ##########                                    
                                  #.########                                    
                                  #{########                                    
                                  #.#..##..#                                    
                                  #....{``.#                                    
                                  #.{``@..<#                                    
                                  ###{.#####                                    
                                  ####.#####                                    
                                  ##########                                    
                                                                                
                                                                                
                                                                                
                                                                                
Agent the Digger               St:12 Dx:9 Co:15 In:15 Wi:15 Ch:9 Lawful S:0     
Dlvl:1 $:0 HP:15(15) Pw:1(1) AC:9 Xp:1/0                                        

",-0.001,False
53,west,,"message:
You try to move the boulder, but in vain.

language observation:
bars far northnortheast and northnorthwest
bars far northnortheast and northnorthwest
dark area far north, west, and northwest
bars near north, northnortheast, northeast, eastnortheast, eastsoutheast, southsoutheast, southsouthwest, westsouthwest, westnorthwest, northwest, and northnorthwest
bars near north, northnortheast, northeast, eastnortheast, eastsoutheast, southsoutheast, southsouthwest, westsouthwest, westnorthwest, northwest, and northnorthwest
dark area near northeast, east, southeast, south, and southwest
stairs up near east
fountain near west and westnorthwest
bars very near north, northnortheast, eastsoutheast, southeast, southsoutheast, south, and southwest
boulder very near eastnortheast and west
fountain very near westsouthwest
fountain adjacent north
boulder adjacent northeast and west
bars adjacent southeast and south

cursor:
Yourself a archeologist
(x=39, y=14)

map:
                                                                                
                                                                                
                                                                                
                                                                                
                                                                                
                                                                                
                                                                                
                                  ##########                                    
                                  ##########                                    
                                  #.########                                    
                                  #{########                                    
                                  #.#..##..#                                    
                                  #....{``.#                                    
                                  #.{``@..<#                                    
                                  ###{.#####                                    
                                  ####.#####                                    
                                  ##########                                    
                                                                                
                                                                                
                                                                                
                                                                                
Agent the Digger               St:12 Dx:9 Co:15 In:15 Wi:15 Ch:9 Lawful S:0     
Dlvl:1 $:0 HP:15(15) Pw:1(1) AC:9 Xp:1/0                                        

",-0.001,False
54,west,,"message:
You try to move the boulder, but in vain.

language observation:
bars far northnortheast and northnorthwest
bars far northnortheast and northnorthwest
dark area far north, west, and northwest
bars near north, northnortheast, northeast, eastnortheast, eastsoutheast, southsoutheast, southsouthwest, westsouthwest, westnorthwest, northwest, and northnorthwest
bars near north, northnortheast, northeast, eastnortheast, eastsoutheast, southsoutheast, southsouthwest, westsouthwest, westnorthwest, northwest, and northnorthwest
dark area near northeast, east, southeast, south, and southwest
stairs up near east
fountain near west and westnorthwest
bars very near north, northnortheast, eastsoutheast, southeast, southsoutheast, south, and southwest
boulder very near eastnortheast and west
fountain very near westsouthwest
fountain adjacent north
boulder adjacent northeast and west
bars adjacent southeast and south

cursor:
Yourself a archeologist
(x=39, y=14)

map:
                                                                                
                                                                                
                                                                                
                                                                                
                                                                                
                                                                                
                                                                                
                                  ##########                                    
                                  ##########                                    
                                  #.########                                    
                                  #{########                                    
                                  #.#..##..#                                    
                                  #....{``.#                                    
                                  #.{``@..<#                                    
                                  ###{.#####                                    
                                  ####.#####                                    
                                  ##########                                    
                                                                                
                                                                                
                                                                                
                                                                                
Agent the Digger               St:12 Dx:9 Co:15 In:15 Wi:15 Ch:9 Lawful S:0     
Dlvl:1 $:0 HP:15(15) Pw:1(1) AC:9 Xp:1/0                                        

",-0.001,False
55,west,,"message:
You try to move the boulder, but in vain.

language observation:
bars far northnortheast and northnorthwest
bars far northnortheast and northnorthwest
dark area far north, west, and northwest
bars near north, northnortheast, northeast, eastnortheast, eastsoutheast, southsoutheast, southsouthwest, westsouthwest, westnorthwest, northwest, and northnorthwest
bars near north, northnortheast, northeast, eastnortheast, eastsoutheast, southsoutheast, southsouthwest, westsouthwest, westnorthwest, northwest, and northnorthwest
dark area near northeast, east, southeast, south, and southwest
stairs up near east
fountain near west and westnorthwest
bars very near north, northnortheast, eastsoutheast, southeast, southsoutheast, south, and southwest
boulder very near eastnortheast and west
fountain very near westsouthwest
fountain adjacent north
boulder adjacent northeast and west
bars adjacent southeast and south

cursor:
Yourself a archeologist
(x=39, y=14)

map:
                                                                                
                                                                                
                                                                                
                                                                                
                                                                                
                                                                                
                                                                                
                                  ##########                                    
                                  ##########                                    
                                  #.########                                    
                                  #{########                                    
                                  #.#..##..#                                    
                                  #....{``.#                                    
                                  #.{``@..<#                                    
                                  ###{.#####                                    
                                  ####.#####                                    
                                  ##########                                    
                                                                                
                                                                                
                                                                                
                                                                                
Agent the Digger               St:12 Dx:9 Co:15 In:15 Wi:15 Ch:9 Lawful S:0     
Dlvl:1 $:0 HP:15(15) Pw:1(1) AC:9 Xp:1/0                                        

",-0.001,False
56,west,,"message:
You try to move the boulder, but in vain.

language observation:
bars far northnortheast and northnorthwest
bars far northnortheast and northnorthwest
dark area far north, west, and northwest
bars near north, northnortheast, northeast, eastnortheast, eastsoutheast, southsoutheast, southsouthwest, westsouthwest, westnorthwest, northwest, and northnorthwest
bars near north, northnortheast, northeast, eastnortheast, eastsoutheast, southsoutheast, southsouthwest, westsouthwest, westnorthwest, northwest, and northnorthwest
dark area near northeast, east, southeast, south, and southwest
stairs up near east
fountain near west and westnorthwest
bars very near north, northnortheast, eastsoutheast, southeast, southsoutheast, south, and southwest
boulder very near eastnortheast and west
fountain very near westsouthwest
fountain adjacent north
boulder adjacent northeast and west
bars adjacent southeast and south

cursor:
Yourself a archeologist
(x=39, y=14)

map:
                                                                                
                                                                                
                                                                                
                                                                                
                                                                                
                                                                                
                                                                                
                                  ##########                                    
                                  ##########                                    
                                  #.########                                    
                                  #{########                                    
                                  #.#..##..#                                    
                                  #....{``.#                                    
                                  #.{``@..<#                                    
                                  ###{.#####                                    
                                  ####.#####                                    
                                  ##########                                    
                                                                                
                                                                                
                                                                                
                                                                                
Agent the Digger               St:12 Dx:9 Co:15 In:15 Wi:15 Ch:9 Lawful S:0     
Dlvl:1 $:0 HP:15(15) Pw:1(1) AC:9 Xp:1/0                                        

",-0.001,False
57,west,,"message:
You try to move the boulder, but in vain.

language observation:
bars far northnortheast and northnorthwest
bars far northnortheast and northnorthwest
dark area far north, west, and northwest
bars near north, northnortheast, northeast, eastnortheast, eastsoutheast, southsoutheast, southsouthwest, westsouthwest, westnorthwest, northwest, and northnorthwest
bars near north, northnortheast, northeast, eastnortheast, eastsoutheast, southsoutheast, southsouthwest, westsouthwest, westnorthwest, northwest, and northnorthwest
dark area near northeast, east, southeast, south, and southwest
stairs up near east
fountain near west and westnorthwest
bars very near north, northnortheast, eastsoutheast, southeast, southsoutheast, south, and southwest
boulder very near eastnortheast and west
fountain very near westsouthwest
fountain adjacent north
boulder adjacent northeast and west
bars adjacent southeast and south

cursor:
Yourself a archeologist
(x=39, y=14)

map:
                                                                                
                                                                                
                                                                                
                                                                                
                                                                                
                                                                                
                                                                                
                                  ##########                                    
                                  ##########                                    
                                  #.########                                    
                                  #{########                                    
                                  #.#..##..#                                    
                                  #....{``.#                                    
                                  #.{``@..<#                                    
                                  ###{.#####                                    
                                  ####.#####                                    
                                  ##########                                    
                                                                                
                                                                                
                                                                                
                                                                                
Agent the Digger               St:12 Dx:9 Co:15 In:15 Wi:15 Ch:9 Lawful S:0     
Dlvl:1 $:0 HP:15(15) Pw:1(1) AC:9 Xp:1/0                                        

",-0.001,False
58,west,,"message:
You try to move the boulder, but in vain.

language observation:
bars far northnortheast and northnorthwest
bars far northnortheast and northnorthwest
dark area far north, west, and northwest
bars near north, northnortheast, northeast, eastnortheast, eastsoutheast, southsoutheast, southsouthwest, westsouthwest, westnorthwest, northwest, and northnorthwest
bars near north, northnortheast, northeast, eastnortheast, eastsoutheast, southsoutheast, southsouthwest, westsouthwest, westnorthwest, northwest, and northnorthwest
dark area near northeast, east, southeast, south, and southwest
stairs up near east
fountain near west and westnorthwest
bars very near north, northnortheast, eastsoutheast, southeast, southsoutheast, south, and southwest
boulder very near eastnortheast and west
fountain very near westsouthwest
fountain adjacent north
boulder adjacent northeast and west
bars adjacent southeast and south

cursor:
Yourself a archeologist
(x=39, y=14)

map:
                                                                                
                                                                                
                                                                                
                                                                                
                                                                                
                                                                                
                                                                                
                                  ##########                                    
                                  ##########                                    
                                  #.########                                    
                                  #{########                                    
                                  #.#..##..#                                    
                                  #....{``.#                                    
                                  #.{``@..<#                                    
                                  ###{.#####                                    
                                  ####.#####                                    
                                  ##########                                    
                                                                                
                                                                                
                                                                                
                                                                                
Agent the Digger               St:12 Dx:9 Co:15 In:15 Wi:15 Ch:9 Lawful S:0     
Dlvl:1 $:0 HP:15(15) Pw:1(1) AC:9 Xp:1/0                                        

",-0.001,False
59,west,,"message:
You try to move the boulder, but in vain.

language observation:
bars far northnortheast and northnorthwest
bars far northnortheast and northnorthwest
dark area far north, west, and northwest
bars near north, northnortheast, northeast, eastnortheast, eastsoutheast, southsoutheast, southsouthwest, westsouthwest, westnorthwest, northwest, and northnorthwest
bars near north, northnortheast, northeast, eastnortheast, eastsoutheast, southsoutheast, southsouthwest, westsouthwest, westnorthwest, northwest, and northnorthwest
dark area near northeast, east, southeast, south, and southwest
stairs up near east
fountain near west and westnorthwest
bars very near north, northnortheast, eastsoutheast, southeast, southsoutheast, south, and southwest
boulder very near eastnortheast and west
fountain very near westsouthwest
fountain adjacent north
boulder adjacent northeast and west
bars adjacent southeast and south

cursor:
Yourself a archeologist
(x=39, y=14)

map:
                                                                                
                                                                                
                                                                                
                                                                                
                                                                                
                                                                                
                                                                                
                                  ##########                                    
                                  ##########                                    
                                  #.########                                    
                                  #{########                                    
                                  #.#..##..#                                    
                                  #....{``.#                                    
                                  #.{``@..<#                                    
                                  ###{.#####                                    
                                  ####.#####                                    
                                  ##########                                    
                                                                                
                                                                                
                                                                                
                                                                                
Agent the Digger               St:12 Dx:9 Co:15 In:15 Wi:15 Ch:9 Lawful S:0     
Dlvl:1 $:0 HP:15(15) Pw:1(1) AC:9 Xp:1/0                                        

",-0.001,False
60,west,,"message:
You try to move the boulder, but in vain.

language observation:
bars far northnortheast and northnorthwest
bars far northnortheast and northnorthwest
dark area far north, west, and northwest
bars near north, northnortheast, northeast, eastnortheast, eastsoutheast, southsoutheast, southsouthwest, westsouthwest, westnorthwest, northwest, and northnorthwest
bars near north, northnortheast, northeast, eastnortheast, eastsoutheast, southsoutheast, southsouthwest, westsouthwest, westnorthwest, northwest, and northnorthwest
dark area near northeast, east, southeast, south, and southwest
stairs up near east
fountain near west and westnorthwest
bars very near north, northnortheast, eastsoutheast, southeast, southsoutheast, south, and southwest
boulder very near eastnortheast and west
fountain very near westsouthwest
fountain adjacent north
boulder adjacent northeast and west
bars adjacent southeast and south

cursor:
Yourself a archeologist
(x=39, y=14)

map:
                                                                                
                                                                                
                                                                                
                                                                                
                                                                                
                                                                                
                                                                                
                                  ##########                                    
                                  ##########                                    
                                  #.########                                    
                                  #{########                                    
                                  #.#..##..#                                    
                                  #....{``.#                                    
                                  #.{``@..<#                                    
                                  ###{.#####                                    
                                  ####.#####                                    
                                  ##########                                    
                                                                                
                                                                                
                                                                                
                                                                                
Agent the Digger               St:12 Dx:9 Co:15 In:15 Wi:15 Ch:9 Lawful S:0     
Dlvl:1 $:0 HP:15(15) Pw:1(1) AC:9 Xp:1/0                                        

",-0.001,False
61,west,,"message:
You try to move the boulder, but in vain.

language observation:
bars far northnortheast and northnorthwest
bars far northnortheast and northnorthwest
dark area far north, west, and northwest
bars near north, northnortheast, northeast, eastnortheast, eastsoutheast, southsoutheast, southsouthwest, westsouthwest, westnorthwest, northwest, and northnorthwest
bars near north, northnortheast, northeast, eastnortheast, eastsoutheast, southsoutheast, southsouthwest, westsouthwest, westnorthwest, northwest, and northnorthwest
dark area near northeast, east, southeast, south, and southwest
stairs up near east
fountain near west and westnorthwest
bars very near north, northnortheast, eastsoutheast, southeast, southsoutheast, south, and southwest
boulder very near eastnortheast and west
fountain very near westsouthwest
fountain adjacent north
boulder adjacent northeast and west
bars adjacent southeast and south

cursor:
Yourself a archeologist
(x=39, y=14)

map:
                                                                                
                                                                                
                                                                                
                                                                                
                                                                                
                                                                                
                                                                                
                                  ##########                                    
                                  ##########                                    
                                  #.########                                    
                                  #{########                                    
                                  #.#..##..#                                    
                                  #....{``.#                                    
                                  #.{``@..<#                                    
                                  ###{.#####                                    
                                  ####.#####                                    
                                  ##########                                    
                                                                                
                                                                                
                                                                                
                                                                                
Agent the Digger               St:12 Dx:9 Co:15 In:15 Wi:15 Ch:9 Lawful S:0     
Dlvl:1 $:0 HP:15(15) Pw:1(1) AC:9 Xp:1/0                                        

",-0.001,False
62,west,,"message:
You try to move the boulder, but in vain.

language observation:
bars far northnortheast and northnorthwest
bars far northnortheast and northnorthwest
dark area far north, west, and northwest
bars near north, northnortheast, northeast, eastnortheast, eastsoutheast, southsoutheast, southsouthwest, westsouthwest, westnorthwest, northwest, and northnorthwest
bars near north, northnortheast, northeast, eastnortheast, eastsoutheast, southsoutheast, southsouthwest, westsouthwest, westnorthwest, northwest, and northnorthwest
dark area near northeast, east, southeast, south, and southwest
stairs up near east
fountain near west and westnorthwest
bars very near north, northnortheast, eastsoutheast, southeast, southsoutheast, south, and southwest
boulder very near eastnortheast and west
fountain very near westsouthwest
fountain adjacent north
boulder adjacent northeast and west
bars adjacent southeast and south

cursor:
Yourself a archeologist
(x=39, y=14)

map:
                                                                                
                                                                                
                                                                                
                                                                                
                                                                                
                                                                                
                                                                                
                                  ##########                                    
                                  ##########                                    
                                  #.########                                    
                                  #{########                                    
                                  #.#..##..#                                    
                                  #....{``.#                                    
                                  #.{``@..<#                                    
                                  ###{.#####                                    
                                  ####.#####                                    
                                  ##########                                    
                                                                                
                                                                                
                                                                                
                                                                                
Agent the Digger               St:12 Dx:9 Co:15 In:15 Wi:15 Ch:9 Lawful S:0     
Dlvl:1 $:0 HP:15(15) Pw:1(1) AC:9 Xp:1/0                                        

",-0.001,False
63,west,,"message:
You try to move the boulder, but in vain.

language observation:
bars far northnortheast and northnorthwest
bars far northnortheast and northnorthwest
dark area far north, west, and northwest
bars near north, northnortheast, northeast, eastnortheast, eastsoutheast, southsoutheast, southsouthwest, westsouthwest, westnorthwest, northwest, and northnorthwest
bars near north, northnortheast, northeast, eastnortheast, eastsoutheast, southsoutheast, southsouthwest, westsouthwest, westnorthwest, northwest, and northnorthwest
dark area near northeast, east, southeast, south, and southwest
stairs up near east
fountain near west and westnorthwest
bars very near north, northnortheast, eastsoutheast, southeast, southsoutheast, south, and southwest
boulder very near eastnortheast and west
fountain very near westsouthwest
fountain adjacent north
boulder adjacent northeast and west
bars adjacent southeast and south

cursor:
Yourself a archeologist
(x=39, y=14)

map:
                                                                                
                                                                                
                                                                                
                                                                                
                                                                                
                                                                                
                                                                                
                                  ##########                                    
                                  ##########                                    
                                  #.########                                    
                                  #{########                                    
                                  #.#..##..#                                    
                                  #....{``.#                                    
                                  #.{``@..<#                                    
                                  ###{.#####                                    
                                  ####.#####                                    
                                  ##########                                    
                                                                                
                                                                                
                                                                                
                                                                                
Agent the Digger               St:12 Dx:9 Co:15 In:15 Wi:15 Ch:9 Lawful S:0     
Dlvl:1 $:0 HP:15(15) Pw:1(1) AC:9 Xp:1/0                                        

",-0.001,False
64,west,,"message:
You try to move the boulder, but in vain.

language observation:
bars far northnortheast and northnorthwest
bars far northnortheast and northnorthwest
dark area far north, west, and northwest
bars near north, northnortheast, northeast, eastnortheast, eastsoutheast, southsoutheast, southsouthwest, westsouthwest, westnorthwest, northwest, and northnorthwest
bars near north, northnortheast, northeast, eastnortheast, eastsoutheast, southsoutheast, southsouthwest, westsouthwest, westnorthwest, northwest, and northnorthwest
dark area near northeast, east, southeast, south, and southwest
stairs up near east
fountain near west and westnorthwest
bars very near north, northnortheast, eastsoutheast, southeast, southsoutheast, south, and southwest
boulder very near eastnortheast and west
fountain very near westsouthwest
fountain adjacent north
boulder adjacent northeast and west
bars adjacent southeast and south

cursor:
Yourself a archeologist
(x=39, y=14)

map:
                                                                                
                                                                                
                                                                                
                                                                                
                                                                                
                                                                                
                                                                                
                                  ##########                                    
                                  ##########                                    
                                  #.########                                    
                                  #{########                                    
                                  #.#..##..#                                    
                                  #....{``.#                                    
                                  #.{``@..<#                                    
                                  ###{.#####                                    
                                  ####.#####                                    
                                  ##########                                    
                                                                                
                                                                                
                                                                                
                                                                                
Agent the Digger               St:12 Dx:9 Co:15 In:15 Wi:15 Ch:9 Lawful S:0     
Dlvl:1 $:0 HP:15(15) Pw:1(1) AC:9 Xp:1/0                                        

",-0.001,False
65,west,,"message:
You try to move the boulder, but in vain.

language observation:
bars far northnortheast and northnorthwest
bars far northnortheast and northnorthwest
dark area far north, west, and northwest
bars near north, northnortheast, northeast, eastnortheast, eastsoutheast, southsoutheast, southsouthwest, westsouthwest, westnorthwest, northwest, and northnorthwest
bars near north, northnortheast, northeast, eastnortheast, eastsoutheast, southsoutheast, southsouthwest, westsouthwest, westnorthwest, northwest, and northnorthwest
dark area near northeast, east, southeast, south, and southwest
stairs up near east
fountain near west and westnorthwest
bars very near north, northnortheast, eastsoutheast, southeast, southsoutheast, south, and southwest
boulder very near eastnortheast and west
fountain very near westsouthwest
fountain adjacent north
boulder adjacent northeast and west
bars adjacent southeast and south

cursor:
Yourself a archeologist
(x=39, y=14)

map:
                                                                                
                                                                                
                                                                                
                                                                                
                                                                                
                                                                                
                                                                                
                                  ##########                                    
                                  ##########                                    
                                  #.########                                    
                                  #{########                                    
                                  #.#..##..#                                    
                                  #....{``.#                                    
                                  #.{``@..<#                                    
                                  ###{.#####                                    
                                  ####.#####                                    
                                  ##########                                    
                                                                                
                                                                                
                                                                                
                                                                                
Agent the Digger               St:12 Dx:9 Co:15 In:15 Wi:15 Ch:9 Lawful S:0     
Dlvl:1 $:0 HP:15(15) Pw:1(1) AC:9 Xp:1/0                                        

",-0.001,False
66,west,,"message:
You try to move the boulder, but in vain.

language observation:
bars far northnortheast and northnorthwest
bars far northnortheast and northnorthwest
dark area far north, west, and northwest
bars near north, northnortheast, northeast, eastnortheast, eastsoutheast, southsoutheast, southsouthwest, westsouthwest, westnorthwest, northwest, and northnorthwest
bars near north, northnortheast, northeast, eastnortheast, eastsoutheast, southsoutheast, southsouthwest, westsouthwest, westnorthwest, northwest, and northnorthwest
dark area near northeast, east, southeast, south, and southwest
stairs up near east
fountain near west and westnorthwest
bars very near north, northnortheast, eastsoutheast, southeast, southsoutheast, south, and southwest
boulder very near eastnortheast and west
fountain very near westsouthwest
fountain adjacent north
boulder adjacent northeast and west
bars adjacent southeast and south

cursor:
Yourself a archeologist
(x=39, y=14)

map:
                                                                                
                                                                                
                                                                                
                                                                                
                                                                                
                                                                                
                                                                                
                                  ##########                                    
                                  ##########                                    
                                  #.########                                    
                                  #{########                                    
                                  #.#..##..#                                    
                                  #....{``.#                                    
                                  #.{``@..<#                                    
                                  ###{.#####                                    
                                  ####.#####                                    
                                  ##########                                    
                                                                                
                                                                                
                                                                                
                                                                                
Agent the Digger               St:12 Dx:9 Co:15 In:15 Wi:15 Ch:9 Lawful S:0     
Dlvl:1 $:0 HP:15(15) Pw:1(1) AC:9 Xp:1/0                                        

",-0.001,False
67,west,,"message:
You try to move the boulder, but in vain.

language observation:
bars far northnortheast and northnorthwest
bars far northnortheast and northnorthwest
dark area far north, west, and northwest
bars near north, northnortheast, northeast, eastnortheast, eastsoutheast, southsoutheast, southsouthwest, westsouthwest, westnorthwest, northwest, and northnorthwest
bars near north, northnortheast, northeast, eastnortheast, eastsoutheast, southsoutheast, southsouthwest, westsouthwest, westnorthwest, northwest, and northnorthwest
dark area near northeast, east, southeast, south, and southwest
stairs up near east
fountain near west and westnorthwest
bars very near north, northnortheast, eastsoutheast, southeast, southsoutheast, south, and southwest
boulder very near eastnortheast and west
fountain very near westsouthwest
fountain adjacent north
boulder adjacent northeast and west
bars adjacent southeast and south

cursor:
Yourself a archeologist
(x=39, y=14)

map:
                                                                                
                                                                                
                                                                                
                                                                                
                                                                                
                                                                                
                                                                                
                                  ##########                                    
                                  ##########                                    
                                  #.########                                    
                                  #{########                                    
                                  #.#..##..#                                    
                                  #....{``.#                                    
                                  #.{``@..<#                                    
                                  ###{.#####                                    
                                  ####.#####                                    
                                  ##########                                    
                                                                                
                                                                                
                                                                                
                                                                                
Agent the Digger               St:12 Dx:9 Co:15 In:15 Wi:15 Ch:9 Lawful S:0     
Dlvl:1 $:0 HP:15(15) Pw:1(1) AC:9 Xp:1/0                                        

",-0.001,False
68,west,,"message:
You try to move the boulder, but in vain.

language observation:
bars far northnortheast and northnorthwest
bars far northnortheast and northnorthwest
dark area far north, west, and northwest
bars near north, northnortheast, northeast, eastnortheast, eastsoutheast, southsoutheast, southsouthwest, westsouthwest, westnorthwest, northwest, and northnorthwest
bars near north, northnortheast, northeast, eastnortheast, eastsoutheast, southsoutheast, southsouthwest, westsouthwest, westnorthwest, northwest, and northnorthwest
dark area near northeast, east, southeast, south, and southwest
stairs up near east
fountain near west and westnorthwest
bars very near north, northnortheast, eastsoutheast, southeast, southsoutheast, south, and southwest
boulder very near eastnortheast and west
fountain very near westsouthwest
fountain adjacent north
boulder adjacent northeast and west
bars adjacent southeast and south

cursor:
Yourself a archeologist
(x=39, y=14)

map:
                                                                                
                                                                                
                                                                                
                                                                                
                                                                                
                                                                                
                                                                                
                                  ##########                                    
                                  ##########                                    
                                  #.########                                    
                                  #{########                                    
                                  #.#..##..#                                    
                                  #....{``.#                                    
                                  #.{``@..<#                                    
                                  ###{.#####                                    
                                  ####.#####                                    
                                  ##########                                    
                                                                                
                                                                                
                                                                                
                                                                                
Agent the Digger               St:12 Dx:9 Co:15 In:15 Wi:15 Ch:9 Lawful S:0     
Dlvl:1 $:0 HP:15(15) Pw:1(1) AC:9 Xp:1/0                                        

",-0.001,False
69,west,,"message:
You try to move the boulder, but in vain.

language observation:
bars far northnortheast and northnorthwest
bars far northnortheast and northnorthwest
dark area far north, west, and northwest
bars near north, northnortheast, northeast, eastnortheast, eastsoutheast, southsoutheast, southsouthwest, westsouthwest, westnorthwest, northwest, and northnorthwest
bars near north, northnortheast, northeast, eastnortheast, eastsoutheast, southsoutheast, southsouthwest, westsouthwest, westnorthwest, northwest, and northnorthwest
dark area near northeast, east, southeast, south, and southwest
stairs up near east
fountain near west and westnorthwest
bars very near north, northnortheast, eastsoutheast, southeast, southsoutheast, south, and southwest
boulder very near eastnortheast and west
fountain very near westsouthwest
fountain adjacent north
boulder adjacent northeast and west
bars adjacent southeast and south

cursor:
Yourself a archeologist
(x=39, y=14)

map:
                                                                                
                                                                                
                                                                                
                                                                                
                                                                                
                                                                                
                                                                                
                                  ##########                                    
                                  ##########                                    
                                  #.########                                    
                                  #{########                                    
                                  #.#..##..#                                    
                                  #....{``.#                                    
                                  #.{``@..<#                                    
                                  ###{.#####                                    
                                  ####.#####                                    
                                  ##########                                    
                                                                                
                                                                                
                                                                                
                                                                                
Agent the Digger               St:12 Dx:9 Co:15 In:15 Wi:15 Ch:9 Lawful S:0     
Dlvl:1 $:0 HP:15(15) Pw:1(1) AC:9 Xp:1/0                                        

",-0.001,False
70,west,,"message:
You try to move the boulder, but in vain.

language observation:
bars far northnortheast and northnorthwest
bars far northnortheast and northnorthwest
dark area far north, west, and northwest
bars near north, northnortheast, northeast, eastnortheast, eastsoutheast, southsoutheast, southsouthwest, westsouthwest, westnorthwest, northwest, and northnorthwest
bars near north, northnortheast, northeast, eastnortheast, eastsoutheast, southsoutheast, southsouthwest, westsouthwest, westnorthwest, northwest, and northnorthwest
dark area near northeast, east, southeast, south, and southwest
stairs up near east
fountain near west and westnorthwest
bars very near north, northnortheast, eastsoutheast, southeast, southsoutheast, south, and southwest
boulder very near eastnortheast and west
fountain very near westsouthwest
fountain adjacent north
boulder adjacent northeast and west
bars adjacent southeast and south

cursor:
Yourself a archeologist
(x=39, y=14)

map:
                                                                                
                                                                                
                                                                                
                                                                                
                                                                                
                                                                                
                                                                                
                                  ##########                                    
                                  ##########                                    
                                  #.########                                    
                                  #{########                                    
                                  #.#..##..#                                    
                                  #....{``.#                                    
                                  #.{``@..<#                                    
                                  ###{.#####                                    
                                  ####.#####                                    
                                  ##########                                    
                                                                                
                                                                                
                                                                                
                                                                                
Agent the Digger               St:12 Dx:9 Co:15 In:15 Wi:15 Ch:9 Lawful S:0     
Dlvl:1 $:0 HP:15(15) Pw:1(1) AC:9 Xp:1/0                                        

",-0.001,False
71,west,,"message:
You try to move the boulder, but in vain.

language observation:
bars far northnortheast and northnorthwest
bars far northnortheast and northnorthwest
dark area far north, west, and northwest
bars near north, northnortheast, northeast, eastnortheast, eastsoutheast, southsoutheast, southsouthwest, westsouthwest, westnorthwest, northwest, and northnorthwest
bars near north, northnortheast, northeast, eastnortheast, eastsoutheast, southsoutheast, southsouthwest, westsouthwest, westnorthwest, northwest, and northnorthwest
dark area near northeast, east, southeast, south, and southwest
stairs up near east
fountain near west and westnorthwest
bars very near north, northnortheast, eastsoutheast, southeast, southsoutheast, south, and southwest
boulder very near eastnortheast and west
fountain very near westsouthwest
fountain adjacent north
boulder adjacent northeast and west
bars adjacent southeast and south

cursor:
Yourself a archeologist
(x=39, y=14)

map:
                                                                                
                                                                                
                                                                                
                                                                                
                                                                                
                                                                                
                                                                                
                                  ##########                                    
                                  ##########                                    
                                  #.########                                    
                                  #{########                                    
                                  #.#..##..#                                    
                                  #....{``.#                                    
                                  #.{``@..<#                                    
                                  ###{.#####                                    
                                  ####.#####                                    
                                  ##########                                    
                                                                                
                                                                                
                                                                                
                                                                                
Agent the Digger               St:12 Dx:9 Co:15 In:15 Wi:15 Ch:9 Lawful S:0     
Dlvl:1 $:0 HP:15(15) Pw:1(1) AC:9 Xp:1/0                                        

",-0.001,False
72,west,,"message:
You try to move the boulder, but in vain.

language observation:
bars far northnortheast and northnorthwest
bars far northnortheast and northnorthwest
dark area far north, west, and northwest
bars near north, northnortheast, northeast, eastnortheast, eastsoutheast, southsoutheast, southsouthwest, westsouthwest, westnorthwest, northwest, and northnorthwest
bars near north, northnortheast, northeast, eastnortheast, eastsoutheast, southsoutheast, southsouthwest, westsouthwest, westnorthwest, northwest, and northnorthwest
dark area near northeast, east, southeast, south, and southwest
stairs up near east
fountain near west and westnorthwest
bars very near north, northnortheast, eastsoutheast, southeast, southsoutheast, south, and southwest
boulder very near eastnortheast and west
fountain very near westsouthwest
fountain adjacent north
boulder adjacent northeast and west
bars adjacent southeast and south

cursor:
Yourself a archeologist
(x=39, y=14)

map:
                                                                                
                                                                                
                                                                                
                                                                                
                                                                                
                                                                                
                                                                                
                                  ##########                                    
                                  ##########                                    
                                  #.########                                    
                                  #{########                                    
                                  #.#..##..#                                    
                                  #....{``.#                                    
                                  #.{``@..<#                                    
                                  ###{.#####                                    
                                  ####.#####                                    
                                  ##########                                    
                                                                                
                                                                                
                                                                                
                                                                                
Agent the Digger               St:12 Dx:9 Co:15 In:15 Wi:15 Ch:9 Lawful S:0     
Dlvl:1 $:0 HP:15(15) Pw:1(1) AC:9 Xp:1/0                                        

",-0.001,False
73,west,,"message:
You try to move the boulder, but in vain.

language observation:
bars far northnortheast and northnorthwest
bars far northnortheast and northnorthwest
dark area far north, west, and northwest
bars near north, northnortheast, northeast, eastnortheast, eastsoutheast, southsoutheast, southsouthwest, westsouthwest, westnorthwest, northwest, and northnorthwest
bars near north, northnortheast, northeast, eastnortheast, eastsoutheast, southsoutheast, southsouthwest, westsouthwest, westnorthwest, northwest, and northnorthwest
dark area near northeast, east, southeast, south, and southwest
stairs up near east
fountain near west and westnorthwest
bars very near north, northnortheast, eastsoutheast, southeast, southsoutheast, south, and southwest
boulder very near eastnortheast and west
fountain very near westsouthwest
fountain adjacent north
boulder adjacent northeast and west
bars adjacent southeast and south

cursor:
Yourself a archeologist
(x=39, y=14)

map:
                                                                                
                                                                                
                                                                                
                                                                                
                                                                                
                                                                                
                                                                                
                                  ##########                                    
                                  ##########                                    
                                  #.########                                    
                                  #{########                                    
                                  #.#..##..#                                    
                                  #....{``.#                                    
                                  #.{``@..<#                                    
                                  ###{.#####                                    
                                  ####.#####                                    
                                  ##########                                    
                                                                                
                                                                                
                                                                                
                                                                                
Agent the Digger               St:12 Dx:9 Co:15 In:15 Wi:15 Ch:9 Lawful S:0     
Dlvl:1 $:0 HP:15(15) Pw:1(1) AC:9 Xp:1/0                                        

",-0.001,False
74,west,,"message:
You try to move the boulder, but in vain.

language observation:
bars far northnortheast and northnorthwest
bars far northnortheast and northnorthwest
dark area far north, west, and northwest
bars near north, northnortheast, northeast, eastnortheast, eastsoutheast, southsoutheast, southsouthwest, westsouthwest, westnorthwest, northwest, and northnorthwest
bars near north, northnortheast, northeast, eastnortheast, eastsoutheast, southsoutheast, southsouthwest, westsouthwest, westnorthwest, northwest, and northnorthwest
dark area near northeast, east, southeast, south, and southwest
stairs up near east
fountain near west and westnorthwest
bars very near north, northnortheast, eastsoutheast, southeast, southsoutheast, south, and southwest
boulder very near eastnortheast and west
fountain very near westsouthwest
fountain adjacent north
boulder adjacent northeast and west
bars adjacent southeast and south

cursor:
Yourself a archeologist
(x=39, y=14)

map:
                                                                                
                                                                                
                                                                                
                                                                                
                                                                                
                                                                                
                                                                                
                                  ##########                                    
                                  ##########                                    
                                  #.########                                    
                                  #{########                                    
                                  #.#..##..#                                    
                                  #....{``.#                                    
                                  #.{``@..<#                                    
                                  ###{.#####                                    
                                  ####.#####                                    
                                  ##########                                    
                                                                                
                                                                                
                                                                                
                                                                                
Agent the Digger               St:12 Dx:9 Co:15 In:15 Wi:15 Ch:9 Lawful S:0     
Dlvl:1 $:0 HP:15(15) Pw:1(1) AC:9 Xp:1/0                                        

",-0.001,False
75,west,,"message:
You try to move the boulder, but in vain.

language observation:
bars far northnortheast and northnorthwest
bars far northnortheast and northnorthwest
dark area far north, west, and northwest
bars near north, northnortheast, northeast, eastnortheast, eastsoutheast, southsoutheast, southsouthwest, westsouthwest, westnorthwest, northwest, and northnorthwest
bars near north, northnortheast, northeast, eastnortheast, eastsoutheast, southsoutheast, southsouthwest, westsouthwest, westnorthwest, northwest, and northnorthwest
dark area near northeast, east, southeast, south, and southwest
stairs up near east
fountain near west and westnorthwest
bars very near north, northnortheast, eastsoutheast, southeast, southsoutheast, south, and southwest
boulder very near eastnortheast and west
fountain very near westsouthwest
fountain adjacent north
boulder adjacent northeast and west
bars adjacent southeast and south

cursor:
Yourself a archeologist
(x=39, y=14)

map:
                                                                                
                                                                                
                                                                                
                                                                                
                                                                                
                                                                                
                                                                                
                                  ##########                                    
                                  ##########                                    
                                  #.########                                    
                                  #{########                                    
                                  #.#..##..#                                    
                                  #....{``.#                                    
                                  #.{``@..<#                                    
                                  ###{.#####                                    
                                  ####.#####                                    
                                  ##########                                    
                                                                                
                                                                                
                                                                                
                                                                                
Agent the Digger               St:12 Dx:9 Co:15 In:15 Wi:15 Ch:9 Lawful S:0     
Dlvl:1 $:0 HP:15(15) Pw:1(1) AC:9 Xp:1/0                                        

",-0.001,False
76,west,,"message:
You try to move the boulder, but in vain.

language observation:
bars far northnortheast and northnorthwest
bars far northnortheast and northnorthwest
dark area far north, west, and northwest
bars near north, northnortheast, northeast, eastnortheast, eastsoutheast, southsoutheast, southsouthwest, westsouthwest, westnorthwest, northwest, and northnorthwest
bars near north, northnortheast, northeast, eastnortheast, eastsoutheast, southsoutheast, southsouthwest, westsouthwest, westnorthwest, northwest, and northnorthwest
dark area near northeast, east, southeast, south, and southwest
stairs up near east
fountain near west and westnorthwest
bars very near north, northnortheast, eastsoutheast, southeast, southsoutheast, south, and southwest
boulder very near eastnortheast and west
fountain very near westsouthwest
fountain adjacent north
boulder adjacent northeast and west
bars adjacent southeast and south

cursor:
Yourself a archeologist
(x=39, y=14)

map:
                                                                                
                                                                                
                                                                                
                                                                                
                                                                                
                                                                                
                                                                                
                                  ##########                                    
                                  ##########                                    
                                  #.########                                    
                                  #{########                                    
                                  #.#..##..#                                    
                                  #....{``.#                                    
                                  #.{``@..<#                                    
                                  ###{.#####                                    
                                  ####.#####                                    
                                  ##########                                    
                                                                                
                                                                                
                                                                                
                                                                                
Agent the Digger               St:12 Dx:9 Co:15 In:15 Wi:15 Ch:9 Lawful S:0     
Dlvl:1 $:0 HP:15(15) Pw:1(1) AC:9 Xp:1/0                                        

",-0.001,False
77,west,,"message:
You try to move the boulder, but in vain.

language observation:
bars far northnortheast and northnorthwest
bars far northnortheast and northnorthwest
dark area far north, west, and northwest
bars near north, northnortheast, northeast, eastnortheast, eastsoutheast, southsoutheast, southsouthwest, westsouthwest, westnorthwest, northwest, and northnorthwest
bars near north, northnortheast, northeast, eastnortheast, eastsoutheast, southsoutheast, southsouthwest, westsouthwest, westnorthwest, northwest, and northnorthwest
dark area near northeast, east, southeast, south, and southwest
stairs up near east
fountain near west and westnorthwest
bars very near north, northnortheast, eastsoutheast, southeast, southsoutheast, south, and southwest
boulder very near eastnortheast and west
fountain very near westsouthwest
fountain adjacent north
boulder adjacent northeast and west
bars adjacent southeast and south

cursor:
Yourself a archeologist
(x=39, y=14)

map:
                                                                                
                                                                                
                                                                                
                                                                                
                                                                                
                                                                                
                                                                                
                                  ##########                                    
                                  ##########                                    
                                  #.########                                    
                                  #{########                                    
                                  #.#..##..#                                    
                                  #....{``.#                                    
                                  #.{``@..<#                                    
                                  ###{.#####                                    
                                  ####.#####                                    
                                  ##########                                    
                                                                                
                                                                                
                                                                                
                                                                                
Agent the Digger               St:12 Dx:9 Co:15 In:15 Wi:15 Ch:9 Lawful S:0     
Dlvl:1 $:0 HP:15(15) Pw:1(1) AC:9 Xp:1/0                                        

",-0.001,False
78,west,,"message:
You try to move the boulder, but in vain.

language observation:
bars far northnortheast and northnorthwest
bars far northnortheast and northnorthwest
dark area far north, west, and northwest
bars near north, northnortheast, northeast, eastnortheast, eastsoutheast, southsoutheast, southsouthwest, westsouthwest, westnorthwest, northwest, and northnorthwest
bars near north, northnortheast, northeast, eastnortheast, eastsoutheast, southsoutheast, southsouthwest, westsouthwest, westnorthwest, northwest, and northnorthwest
dark area near northeast, east, southeast, south, and southwest
stairs up near east
fountain near west and westnorthwest
bars very near north, northnortheast, eastsoutheast, southeast, southsoutheast, south, and southwest
boulder very near eastnortheast and west
fountain very near westsouthwest
fountain adjacent north
boulder adjacent northeast and west
bars adjacent southeast and south

cursor:
Yourself a archeologist
(x=39, y=14)

map:
                                                                                
                                                                                
                                                                                
                                                                                
                                                                                
                                                                                
                                                                                
                                  ##########                                    
                                  ##########                                    
                                  #.########                                    
                                  #{########                                    
                                  #.#..##..#                                    
                                  #....{``.#                                    
                                  #.{``@..<#                                    
                                  ###{.#####                                    
                                  ####.#####                                    
                                  ##########                                    
                                                                                
                                                                                
                                                                                
                                                                                
Agent the Digger               St:12 Dx:9 Co:15 In:15 Wi:15 Ch:9 Lawful S:0     
Dlvl:1 $:0 HP:15(15) Pw:1(1) AC:9 Xp:1/0                                        

",-0.001,False
79,west,,"message:
You try to move the boulder, but in vain.

language observation:
bars far northnortheast and northnorthwest
bars far northnortheast and northnorthwest
dark area far north, west, and northwest
bars near north, northnortheast, northeast, eastnortheast, eastsoutheast, southsoutheast, southsouthwest, westsouthwest, westnorthwest, northwest, and northnorthwest
bars near north, northnortheast, northeast, eastnortheast, eastsoutheast, southsoutheast, southsouthwest, westsouthwest, westnorthwest, northwest, and northnorthwest
dark area near northeast, east, southeast, south, and southwest
stairs up near east
fountain near west and westnorthwest
bars very near north, northnortheast, eastsoutheast, southeast, southsoutheast, south, and southwest
boulder very near eastnortheast and west
fountain very near westsouthwest
fountain adjacent north
boulder adjacent northeast and west
bars adjacent southeast and south

cursor:
Yourself a archeologist
(x=39, y=14)

map:
                                                                                
                                                                                
                                                                                
                                                                                
                                                                                
                                                                                
                                                                                
                                  ##########                                    
                                  ##########                                    
                                  #.########                                    
                                  #{########                                    
                                  #.#..##..#                                    
                                  #....{``.#                                    
                                  #.{``@..<#                                    
                                  ###{.#####                                    
                                  ####.#####                                    
                                  ##########                                    
                                                                                
                                                                                
                                                                                
                                                                                
Agent the Digger               St:12 Dx:9 Co:15 In:15 Wi:15 Ch:9 Lawful S:0     
Dlvl:1 $:0 HP:15(15) Pw:1(1) AC:9 Xp:1/0                                        

",-0.001,False
80,west,,"message:
You try to move the boulder, but in vain.

language observation:
bars far northnortheast and northnorthwest
bars far northnortheast and northnorthwest
dark area far north, west, and northwest
bars near north, northnortheast, northeast, eastnortheast, eastsoutheast, southsoutheast, southsouthwest, westsouthwest, westnorthwest, northwest, and northnorthwest
bars near north, northnortheast, northeast, eastnortheast, eastsoutheast, southsoutheast, southsouthwest, westsouthwest, westnorthwest, northwest, and northnorthwest
dark area near northeast, east, southeast, south, and southwest
stairs up near east
fountain near west and westnorthwest
bars very near north, northnortheast, eastsoutheast, southeast, southsoutheast, south, and southwest
boulder very near eastnortheast and west
fountain very near westsouthwest
fountain adjacent north
boulder adjacent northeast and west
bars adjacent southeast and south

cursor:
Yourself a archeologist
(x=39, y=14)

map:
                                                                                
                                                                                
                                                                                
                                                                                
                                                                                
                                                                                
                                                                                
                                  ##########                                    
                                  ##########                                    
                                  #.########                                    
                                  #{########                                    
                                  #.#..##..#                                    
                                  #....{``.#                                    
                                  #.{``@..<#                                    
                                  ###{.#####                                    
                                  ####.#####                                    
                                  ##########                                    
                                                                                
                                                                                
                                                                                
                                                                                
Agent the Digger               St:12 Dx:9 Co:15 In:15 Wi:15 Ch:9 Lawful S:0     
Dlvl:1 $:0 HP:15(15) Pw:1(1) AC:9 Xp:1/0                                        

",-0.001,False
81,west,,"message:
You try to move the boulder, but in vain.

language observation:
bars far northnortheast and northnorthwest
bars far northnortheast and northnorthwest
dark area far north, west, and northwest
bars near north, northnortheast, northeast, eastnortheast, eastsoutheast, southsoutheast, southsouthwest, westsouthwest, westnorthwest, northwest, and northnorthwest
bars near north, northnortheast, northeast, eastnortheast, eastsoutheast, southsoutheast, southsouthwest, westsouthwest, westnorthwest, northwest, and northnorthwest
dark area near northeast, east, southeast, south, and southwest
stairs up near east
fountain near west and westnorthwest
bars very near north, northnortheast, eastsoutheast, southeast, southsoutheast, south, and southwest
boulder very near eastnortheast and west
fountain very near westsouthwest
fountain adjacent north
boulder adjacent northeast and west
bars adjacent southeast and south

cursor:
Yourself a archeologist
(x=39, y=14)

map:
                                                                                
                                                                                
                                                                                
                                                                                
                                                                                
                                                                                
                                                                                
                                  ##########                                    
                                  ##########                                    
                                  #.########                                    
                                  #{########                                    
                                  #.#..##..#                                    
                                  #....{``.#                                    
                                  #.{``@..<#                                    
                                  ###{.#####                                    
                                  ####.#####                                    
                                  ##########                                    
                                                                                
                                                                                
                                                                                
                                                                                
Agent the Digger               St:12 Dx:9 Co:15 In:15 Wi:15 Ch:9 Lawful S:0     
Dlvl:1 $:0 HP:15(15) Pw:1(1) AC:9 Xp:1/0                                        

",-0.001,False
82,west,,"message:
You try to move the boulder, but in vain.

language observation:
bars far northnortheast and northnorthwest
bars far northnortheast and northnorthwest
dark area far north, west, and northwest
bars near north, northnortheast, northeast, eastnortheast, eastsoutheast, southsoutheast, southsouthwest, westsouthwest, westnorthwest, northwest, and northnorthwest
bars near north, northnortheast, northeast, eastnortheast, eastsoutheast, southsoutheast, southsouthwest, westsouthwest, westnorthwest, northwest, and northnorthwest
dark area near northeast, east, southeast, south, and southwest
stairs up near east
fountain near west and westnorthwest
bars very near north, northnortheast, eastsoutheast, southeast, southsoutheast, south, and southwest
boulder very near eastnortheast and west
fountain very near westsouthwest
fountain adjacent north
boulder adjacent northeast and west
bars adjacent southeast and south

cursor:
Yourself a archeologist
(x=39, y=14)

map:
                                                                                
                                                                                
                                                                                
                                                                                
                                                                                
                                                                                
                                                                                
                                  ##########                                    
                                  ##########                                    
                                  #.########                                    
                                  #{########                                    
                                  #.#..##..#                                    
                                  #....{``.#                                    
                                  #.{``@..<#                                    
                                  ###{.#####                                    
                                  ####.#####                                    
                                  ##########                                    
                                                                                
                                                                                
                                                                                
                                                                                
Agent the Digger               St:12 Dx:9 Co:15 In:15 Wi:15 Ch:9 Lawful S:0     
Dlvl:1 $:0 HP:15(15) Pw:1(1) AC:9 Xp:1/0                                        

",-0.001,False
83,west,,"message:
You try to move the boulder, but in vain.

language observation:
bars far northnortheast and northnorthwest
bars far northnortheast and northnorthwest
dark area far north, west, and northwest
bars near north, northnortheast, northeast, eastnortheast, eastsoutheast, southsoutheast, southsouthwest, westsouthwest, westnorthwest, northwest, and northnorthwest
bars near north, northnortheast, northeast, eastnortheast, eastsoutheast, southsoutheast, southsouthwest, westsouthwest, westnorthwest, northwest, and northnorthwest
dark area near northeast, east, southeast, south, and southwest
stairs up near east
fountain near west and westnorthwest
bars very near north, northnortheast, eastsoutheast, southeast, southsoutheast, south, and southwest
boulder very near eastnortheast and west
fountain very near westsouthwest
fountain adjacent north
boulder adjacent northeast and west
bars adjacent southeast and south

cursor:
Yourself a archeologist
(x=39, y=14)

map:
                                                                                
                                                                                
                                                                                
                                                                                
                                                                                
                                                                                
                                                                                
                                  ##########                                    
                                  ##########                                    
                                  #.########                                    
                                  #{########                                    
                                  #.#..##..#                                    
                                  #....{``.#                                    
                                  #.{``@..<#                                    
                                  ###{.#####                                    
                                  ####.#####                                    
                                  ##########                                    
                                                                                
                                                                                
                                                                                
                                                                                
Agent the Digger               St:12 Dx:9 Co:15 In:15 Wi:15 Ch:9 Lawful S:0     
Dlvl:1 $:0 HP:15(15) Pw:1(1) AC:9 Xp:1/0                                        

",-0.001,False
84,west,,"message:
You try to move the boulder, but in vain.

language observation:
bars far northnortheast and northnorthwest
bars far northnortheast and northnorthwest
dark area far north, west, and northwest
bars near north, northnortheast, northeast, eastnortheast, eastsoutheast, southsoutheast, southsouthwest, westsouthwest, westnorthwest, northwest, and northnorthwest
bars near north, northnortheast, northeast, eastnortheast, eastsoutheast, southsoutheast, southsouthwest, westsouthwest, westnorthwest, northwest, and northnorthwest
dark area near northeast, east, southeast, south, and southwest
stairs up near east
fountain near west and westnorthwest
bars very near north, northnortheast, eastsoutheast, southeast, southsoutheast, south, and southwest
boulder very near eastnortheast and west
fountain very near westsouthwest
fountain adjacent north
boulder adjacent northeast and west
bars adjacent southeast and south

cursor:
Yourself a archeologist
(x=39, y=14)

map:
                                                                                
                                                                                
                                                                                
                                                                                
                                                                                
                                                                                
                                                                                
                                  ##########                                    
                                  ##########                                    
                                  #.########                                    
                                  #{########                                    
                                  #.#..##..#                                    
                                  #....{``.#                                    
                                  #.{``@..<#                                    
                                  ###{.#####                                    
                                  ####.#####                                    
                                  ##########                                    
                                                                                
                                                                                
                                                                                
                                                                                
Agent the Digger               St:12 Dx:9 Co:15 In:15 Wi:15 Ch:9 Lawful S:0     
Dlvl:1 $:0 HP:15(15) Pw:1(1) AC:9 Xp:1/0                                        

",-0.001,False
85,west,,"message:
You try to move the boulder, but in vain.

language observation:
bars far northnortheast and northnorthwest
bars far northnortheast and northnorthwest
dark area far north, west, and northwest
bars near north, northnortheast, northeast, eastnortheast, eastsoutheast, southsoutheast, southsouthwest, westsouthwest, westnorthwest, northwest, and northnorthwest
bars near north, northnortheast, northeast, eastnortheast, eastsoutheast, southsoutheast, southsouthwest, westsouthwest, westnorthwest, northwest, and northnorthwest
dark area near northeast, east, southeast, south, and southwest
stairs up near east
fountain near west and westnorthwest
bars very near north, northnortheast, eastsoutheast, southeast, southsoutheast, south, and southwest
boulder very near eastnortheast and west
fountain very near westsouthwest
fountain adjacent north
boulder adjacent northeast and west
bars adjacent southeast and south

cursor:
Yourself a archeologist
(x=39, y=14)

map:
                                                                                
                                                                                
                                                                                
                                                                                
                                                                                
                                                                                
                                                                                
                                  ##########                                    
                                  ##########                                    
                                  #.########                                    
                                  #{########                                    
                                  #.#..##..#                                    
                                  #....{``.#                                    
                                  #.{``@..<#                                    
                                  ###{.#####                                    
                                  ####.#####                                    
                                  ##########                                    
                                                                                
                                                                                
                                                                                
                                                                                
Agent the Digger               St:12 Dx:9 Co:15 In:15 Wi:15 Ch:9 Lawful S:0     
Dlvl:1 $:0 HP:15(15) Pw:1(1) AC:9 Xp:1/0                                        

",-0.001,False
86,west,,"message:
You try to move the boulder, but in vain.

language observation:
bars far northnortheast and northnorthwest
bars far northnortheast and northnorthwest
dark area far north, west, and northwest
bars near north, northnortheast, northeast, eastnortheast, eastsoutheast, southsoutheast, southsouthwest, westsouthwest, westnorthwest, northwest, and northnorthwest
bars near north, northnortheast, northeast, eastnortheast, eastsoutheast, southsoutheast, southsouthwest, westsouthwest, westnorthwest, northwest, and northnorthwest
dark area near northeast, east, southeast, south, and southwest
stairs up near east
fountain near west and westnorthwest
bars very near north, northnortheast, eastsoutheast, southeast, southsoutheast, south, and southwest
boulder very near eastnortheast and west
fountain very near westsouthwest
fountain adjacent north
boulder adjacent northeast and west
bars adjacent southeast and south

cursor:
Yourself a archeologist
(x=39, y=14)

map:
                                                                                
                                                                                
                                                                                
                                                                                
                                                                                
                                                                                
                                                                                
                                  ##########                                    
                                  ##########                                    
                                  #.########                                    
                                  #{########                                    
                                  #.#..##..#                                    
                                  #....{``.#                                    
                                  #.{``@..<#                                    
                                  ###{.#####                                    
                                  ####.#####                                    
                                  ##########                                    
                                                                                
                                                                                
                                                                                
                                                                                
Agent the Digger               St:12 Dx:9 Co:15 In:15 Wi:15 Ch:9 Lawful S:0     
Dlvl:1 $:0 HP:15(15) Pw:1(1) AC:9 Xp:1/0                                        

",-0.001,False
87,west,,"message:
You try to move the boulder, but in vain.

language observation:
bars far northnortheast and northnorthwest
bars far northnortheast and northnorthwest
dark area far north, west, and northwest
bars near north, northnortheast, northeast, eastnortheast, eastsoutheast, southsoutheast, southsouthwest, westsouthwest, westnorthwest, northwest, and northnorthwest
bars near north, northnortheast, northeast, eastnortheast, eastsoutheast, southsoutheast, southsouthwest, westsouthwest, westnorthwest, northwest, and northnorthwest
dark area near northeast, east, southeast, south, and southwest
stairs up near east
fountain near west and westnorthwest
bars very near north, northnortheast, eastsoutheast, southeast, southsoutheast, south, and southwest
boulder very near eastnortheast and west
fountain very near westsouthwest
fountain adjacent north
boulder adjacent northeast and west
bars adjacent southeast and south

cursor:
Yourself a archeologist
(x=39, y=14)

map:
                                                                                
                                                                                
                                                                                
                                                                                
                                                                                
                                                                                
                                                                                
                                  ##########                                    
                                  ##########                                    
                                  #.########                                    
                                  #{########                                    
                                  #.#..##..#                                    
                                  #....{``.#                                    
                                  #.{``@..<#                                    
                                  ###{.#####                                    
                                  ####.#####                                    
                                  ##########                                    
                                                                                
                                                                                
                                                                                
                                                                                
Agent the Digger               St:12 Dx:9 Co:15 In:15 Wi:15 Ch:9 Lawful S:0     
Dlvl:1 $:0 HP:15(15) Pw:1(1) AC:9 Xp:1/0                                        

",-0.001,False
88,west,,"message:
You try to move the boulder, but in vain.

language observation:
bars far northnortheast and northnorthwest
bars far northnortheast and northnorthwest
dark area far north, west, and northwest
bars near north, northnortheast, northeast, eastnortheast, eastsoutheast, southsoutheast, southsouthwest, westsouthwest, westnorthwest, northwest, and northnorthwest
bars near north, northnortheast, northeast, eastnortheast, eastsoutheast, southsoutheast, southsouthwest, westsouthwest, westnorthwest, northwest, and northnorthwest
dark area near northeast, east, southeast, south, and southwest
stairs up near east
fountain near west and westnorthwest
bars very near north, northnortheast, eastsoutheast, southeast, southsoutheast, south, and southwest
boulder very near eastnortheast and west
fountain very near westsouthwest
fountain adjacent north
boulder adjacent northeast and west
bars adjacent southeast and south

cursor:
Yourself a archeologist
(x=39, y=14)

map:
                                                                                
                                                                                
                                                                                
                                                                                
                                                                                
                                                                                
                                                                                
                                  ##########                                    
                                  ##########                                    
                                  #.########                                    
                                  #{########                                    
                                  #.#..##..#                                    
                                  #....{``.#                                    
                                  #.{``@..<#                                    
                                  ###{.#####                                    
                                  ####.#####                                    
                                  ##########                                    
                                                                                
                                                                                
                                                                                
                                                                                
Agent the Digger               St:12 Dx:9 Co:15 In:15 Wi:15 Ch:9 Lawful S:0     
Dlvl:1 $:0 HP:15(15) Pw:1(1) AC:9 Xp:1/0                                        

",-0.001,False
89,west,,"message:
You try to move the boulder, but in vain.

language observation:
bars far northnortheast and northnorthwest
bars far northnortheast and northnorthwest
dark area far north, west, and northwest
bars near north, northnortheast, northeast, eastnortheast, eastsoutheast, southsoutheast, southsouthwest, westsouthwest, westnorthwest, northwest, and northnorthwest
bars near north, northnortheast, northeast, eastnortheast, eastsoutheast, southsoutheast, southsouthwest, westsouthwest, westnorthwest, northwest, and northnorthwest
dark area near northeast, east, southeast, south, and southwest
stairs up near east
fountain near west and westnorthwest
bars very near north, northnortheast, eastsoutheast, southeast, southsoutheast, south, and southwest
boulder very near eastnortheast and west
fountain very near westsouthwest
fountain adjacent north
boulder adjacent northeast and west
bars adjacent southeast and south

cursor:
Yourself a archeologist
(x=39, y=14)

map:
                                                                                
                                                                                
                                                                                
                                                                                
                                                                                
                                                                                
                                                                                
                                  ##########                                    
                                  ##########                                    
                                  #.########                                    
                                  #{########                                    
                                  #.#..##..#                                    
                                  #....{``.#                                    
                                  #.{``@..<#                                    
                                  ###{.#####                                    
                                  ####.#####                                    
                                  ##########                                    
                                                                                
                                                                                
                                                                                
                                                                                
Agent the Digger               St:12 Dx:9 Co:15 In:15 Wi:15 Ch:9 Lawful S:0     
Dlvl:1 $:0 HP:15(15) Pw:1(1) AC:9 Xp:1/0                                        

",-0.001,False
90,west,,"message:
You try to move the boulder, but in vain.

language observation:
bars far northnortheast and northnorthwest
bars far northnortheast and northnorthwest
dark area far north, west, and northwest
bars near north, northnortheast, northeast, eastnortheast, eastsoutheast, southsoutheast, southsouthwest, westsouthwest, westnorthwest, northwest, and northnorthwest
bars near north, northnortheast, northeast, eastnortheast, eastsoutheast, southsoutheast, southsouthwest, westsouthwest, westnorthwest, northwest, and northnorthwest
dark area near northeast, east, southeast, south, and southwest
stairs up near east
fountain near west and westnorthwest
bars very near north, northnortheast, eastsoutheast, southeast, southsoutheast, south, and southwest
boulder very near eastnortheast and west
fountain very near westsouthwest
fountain adjacent north
boulder adjacent northeast and west
bars adjacent southeast and south

cursor:
Yourself a archeologist
(x=39, y=14)

map:
                                                                                
                                                                                
                                                                                
                                                                                
                                                                                
                                                                                
                                                                                
                                  ##########                                    
                                  ##########                                    
                                  #.########                                    
                                  #{########                                    
                                  #.#..##..#                                    
                                  #....{``.#                                    
                                  #.{``@..<#                                    
                                  ###{.#####                                    
                                  ####.#####                                    
                                  ##########                                    
                                                                                
                                                                                
                                                                                
                                                                                
Agent the Digger               St:12 Dx:9 Co:15 In:15 Wi:15 Ch:9 Lawful S:0     
Dlvl:1 $:0 HP:15(15) Pw:1(1) AC:9 Xp:1/0                                        

",-0.001,False
91,west,,"message:
You try to move the boulder, but in vain.

language observation:
bars far northnortheast and northnorthwest
bars far northnortheast and northnorthwest
dark area far north, west, and northwest
bars near north, northnortheast, northeast, eastnortheast, eastsoutheast, southsoutheast, southsouthwest, westsouthwest, westnorthwest, northwest, and northnorthwest
bars near north, northnortheast, northeast, eastnortheast, eastsoutheast, southsoutheast, southsouthwest, westsouthwest, westnorthwest, northwest, and northnorthwest
dark area near northeast, east, southeast, south, and southwest
stairs up near east
fountain near west and westnorthwest
bars very near north, northnortheast, eastsoutheast, southeast, southsoutheast, south, and southwest
boulder very near eastnortheast and west
fountain very near westsouthwest
fountain adjacent north
boulder adjacent northeast and west
bars adjacent southeast and south

cursor:
Yourself a archeologist
(x=39, y=14)

map:
                                                                                
                                                                                
                                                                                
                                                                                
                                                                                
                                                                                
                                                                                
                                  ##########                                    
                                  ##########                                    
                                  #.########                                    
                                  #{########                                    
                                  #.#..##..#                                    
                                  #....{``.#                                    
                                  #.{``@..<#                                    
                                  ###{.#####                                    
                                  ####.#####                                    
                                  ##########                                    
                                                                                
                                                                                
                                                                                
                                                                                
Agent the Digger               St:12 Dx:9 Co:15 In:15 Wi:15 Ch:9 Lawful S:0     
Dlvl:1 $:0 HP:15(15) Pw:1(1) AC:9 Xp:1/0                                        

",-0.001,False
92,west,,"message:
You try to move the boulder, but in vain.

language observation:
bars far northnortheast and northnorthwest
bars far northnortheast and northnorthwest
dark area far north, west, and northwest
bars near north, northnortheast, northeast, eastnortheast, eastsoutheast, southsoutheast, southsouthwest, westsouthwest, westnorthwest, northwest, and northnorthwest
bars near north, northnortheast, northeast, eastnortheast, eastsoutheast, southsoutheast, southsouthwest, westsouthwest, westnorthwest, northwest, and northnorthwest
dark area near northeast, east, southeast, south, and southwest
stairs up near east
fountain near west and westnorthwest
bars very near north, northnortheast, eastsoutheast, southeast, southsoutheast, south, and southwest
boulder very near eastnortheast and west
fountain very near westsouthwest
fountain adjacent north
boulder adjacent northeast and west
bars adjacent southeast and south

cursor:
Yourself a archeologist
(x=39, y=14)

map:
                                                                                
                                                                                
                                                                                
                                                                                
                                                                                
                                                                                
                                                                                
                                  ##########                                    
                                  ##########                                    
                                  #.########                                    
                                  #{########                                    
                                  #.#..##..#                                    
                                  #....{``.#                                    
                                  #.{``@..<#                                    
                                  ###{.#####                                    
                                  ####.#####                                    
                                  ##########                                    
                                                                                
                                                                                
                                                                                
                                                                                
Agent the Digger               St:12 Dx:9 Co:15 In:15 Wi:15 Ch:9 Lawful S:0     
Dlvl:1 $:0 HP:15(15) Pw:1(1) AC:9 Xp:1/0                                        

",-0.001,False
93,west,,"message:
You try to move the boulder, but in vain.

language observation:
bars far northnortheast and northnorthwest
bars far northnortheast and northnorthwest
dark area far north, west, and northwest
bars near north, northnortheast, northeast, eastnortheast, eastsoutheast, southsoutheast, southsouthwest, westsouthwest, westnorthwest, northwest, and northnorthwest
bars near north, northnortheast, northeast, eastnortheast, eastsoutheast, southsoutheast, southsouthwest, westsouthwest, westnorthwest, northwest, and northnorthwest
dark area near northeast, east, southeast, south, and southwest
stairs up near east
fountain near west and westnorthwest
bars very near north, northnortheast, eastsoutheast, southeast, southsoutheast, south, and southwest
boulder very near eastnortheast and west
fountain very near westsouthwest
fountain adjacent north
boulder adjacent northeast and west
bars adjacent southeast and south

cursor:
Yourself a archeologist
(x=39, y=14)

map:
                                                                                
                                                                                
                                                                                
                                                                                
                                                                                
                                                                                
                                                                                
                                  ##########                                    
                                  ##########                                    
                                  #.########                                    
                                  #{########                                    
                                  #.#..##..#                                    
                                  #....{``.#                                    
                                  #.{``@..<#                                    
                                  ###{.#####                                    
                                  ####.#####                                    
                                  ##########                                    
                                                                                
                                                                                
                                                                                
                                                                                
Agent the Digger               St:12 Dx:9 Co:15 In:15 Wi:15 Ch:9 Lawful S:0     
Dlvl:1 $:0 HP:15(15) Pw:1(1) AC:9 Xp:1/0                                        

",-0.001,False
94,west,,"message:
You try to move the boulder, but in vain.

language observation:
bars far northnortheast and northnorthwest
bars far northnortheast and northnorthwest
dark area far north, west, and northwest
bars near north, northnortheast, northeast, eastnortheast, eastsoutheast, southsoutheast, southsouthwest, westsouthwest, westnorthwest, northwest, and northnorthwest
bars near north, northnortheast, northeast, eastnortheast, eastsoutheast, southsoutheast, southsouthwest, westsouthwest, westnorthwest, northwest, and northnorthwest
dark area near northeast, east, southeast, south, and southwest
stairs up near east
fountain near west and westnorthwest
bars very near north, northnortheast, eastsoutheast, southeast, southsoutheast, south, and southwest
boulder very near eastnortheast and west
fountain very near westsouthwest
fountain adjacent north
boulder adjacent northeast and west
bars adjacent southeast and south

cursor:
Yourself a archeologist
(x=39, y=14)

map:
                                                                                
                                                                                
                                                                                
                                                                                
                                                                                
                                                                                
                                                                                
                                  ##########                                    
                                  ##########                                    
                                  #.########                                    
                                  #{########                                    
                                  #.#..##..#                                    
                                  #....{``.#                                    
                                  #.{``@..<#                                    
                                  ###{.#####                                    
                                  ####.#####                                    
                                  ##########                                    
                                                                                
                                                                                
                                                                                
                                                                                
Agent the Digger               St:12 Dx:9 Co:15 In:15 Wi:15 Ch:9 Lawful S:0     
Dlvl:1 $:0 HP:15(15) Pw:1(1) AC:9 Xp:1/0                                        

",-0.001,False
95,west,,"message:
You try to move the boulder, but in vain.

language observation:
bars far northnortheast and northnorthwest
bars far northnortheast and northnorthwest
dark area far north, west, and northwest
bars near north, northnortheast, northeast, eastnortheast, eastsoutheast, southsoutheast, southsouthwest, westsouthwest, westnorthwest, northwest, and northnorthwest
bars near north, northnortheast, northeast, eastnortheast, eastsoutheast, southsoutheast, southsouthwest, westsouthwest, westnorthwest, northwest, and northnorthwest
dark area near northeast, east, southeast, south, and southwest
stairs up near east
fountain near west and westnorthwest
bars very near north, northnortheast, eastsoutheast, southeast, southsoutheast, south, and southwest
boulder very near eastnortheast and west
fountain very near westsouthwest
fountain adjacent north
boulder adjacent northeast and west
bars adjacent southeast and south

cursor:
Yourself a archeologist
(x=39, y=14)

map:
                                                                                
                                                                                
                                                                                
                                                                                
                                                                                
                                                                                
                                                                                
                                  ##########                                    
                                  ##########                                    
                                  #.########                                    
                                  #{########                                    
                                  #.#..##..#                                    
                                  #....{``.#                                    
                                  #.{``@..<#                                    
                                  ###{.#####                                    
                                  ####.#####                                    
                                  ##########                                    
                                                                                
                                                                                
                                                                                
                                                                                
Agent the Digger               St:12 Dx:9 Co:15 In:15 Wi:15 Ch:9 Lawful S:0     
Dlvl:1 $:0 HP:15(15) Pw:1(1) AC:9 Xp:1/0                                        

",-0.001,False
96,west,,"message:
You try to move the boulder, but in vain.

language observation:
bars far northnortheast and northnorthwest
bars far northnortheast and northnorthwest
dark area far north, west, and northwest
bars near north, northnortheast, northeast, eastnortheast, eastsoutheast, southsoutheast, southsouthwest, westsouthwest, westnorthwest, northwest, and northnorthwest
bars near north, northnortheast, northeast, eastnortheast, eastsoutheast, southsoutheast, southsouthwest, westsouthwest, westnorthwest, northwest, and northnorthwest
dark area near northeast, east, southeast, south, and southwest
stairs up near east
fountain near west and westnorthwest
bars very near north, northnortheast, eastsoutheast, southeast, southsoutheast, south, and southwest
boulder very near eastnortheast and west
fountain very near westsouthwest
fountain adjacent north
boulder adjacent northeast and west
bars adjacent southeast and south

cursor:
Yourself a archeologist
(x=39, y=14)

map:
                                                                                
                                                                                
                                                                                
                                                                                
                                                                                
                                                                                
                                                                                
                                  ##########                                    
                                  ##########                                    
                                  #.########                                    
                                  #{########                                    
                                  #.#..##..#                                    
                                  #....{``.#                                    
                                  #.{``@..<#                                    
                                  ###{.#####                                    
                                  ####.#####                                    
                                  ##########                                    
                                                                                
                                                                                
                                                                                
                                                                                
Agent the Digger               St:12 Dx:9 Co:15 In:15 Wi:15 Ch:9 Lawful S:0     
Dlvl:1 $:0 HP:15(15) Pw:1(1) AC:9 Xp:1/0                                        

",-0.001,False
97,west,,"message:
You try to move the boulder, but in vain.

language observation:
bars far northnortheast and northnorthwest
bars far northnortheast and northnorthwest
dark area far north, west, and northwest
bars near north, northnortheast, northeast, eastnortheast, eastsoutheast, southsoutheast, southsouthwest, westsouthwest, westnorthwest, northwest, and northnorthwest
bars near north, northnortheast, northeast, eastnortheast, eastsoutheast, southsoutheast, southsouthwest, westsouthwest, westnorthwest, northwest, and northnorthwest
dark area near northeast, east, southeast, south, and southwest
stairs up near east
fountain near west and westnorthwest
bars very near north, northnortheast, eastsoutheast, southeast, southsoutheast, south, and southwest
boulder very near eastnortheast and west
fountain very near westsouthwest
fountain adjacent north
boulder adjacent northeast and west
bars adjacent southeast and south

cursor:
Yourself a archeologist
(x=39, y=14)

map:
                                                                                
                                                                                
                                                                                
                                                                                
                                                                                
                                                                                
                                                                                
                                  ##########                                    
                                  ##########                                    
                                  #.########                                    
                                  #{########                                    
                                  #.#..##..#                                    
                                  #....{``.#                                    
                                  #.{``@..<#                                    
                                  ###{.#####                                    
                                  ####.#####                                    
                                  ##########                                    
                                                                                
                                                                                
                                                                                
                                                                                
Agent the Digger               St:12 Dx:9 Co:15 In:15 Wi:15 Ch:9 Lawful S:0     
Dlvl:1 $:0 HP:15(15) Pw:1(1) AC:9 Xp:1/0                                        

",-0.001,False
98,west,,"message:
You try to move the boulder, but in vain.

language observation:
bars far northnortheast and northnorthwest
bars far northnortheast and northnorthwest
dark area far north, west, and northwest
bars near north, northnortheast, northeast, eastnortheast, eastsoutheast, southsoutheast, southsouthwest, westsouthwest, westnorthwest, northwest, and northnorthwest
bars near north, northnortheast, northeast, eastnortheast, eastsoutheast, southsoutheast, southsouthwest, westsouthwest, westnorthwest, northwest, and northnorthwest
dark area near northeast, east, southeast, south, and southwest
stairs up near east
fountain near west and westnorthwest
bars very near north, northnortheast, eastsoutheast, southeast, southsoutheast, south, and southwest
boulder very near eastnortheast and west
fountain very near westsouthwest
fountain adjacent north
boulder adjacent northeast and west
bars adjacent southeast and south

cursor:
Yourself a archeologist
(x=39, y=14)

map:
                                                                                
                                                                                
                                                                                
                                                                                
                                                                                
                                                                                
                                                                                
                                  ##########                                    
                                  ##########                                    
                                  #.########                                    
                                  #{########                                    
                                  #.#..##..#                                    
                                  #....{``.#                                    
                                  #.{``@..<#                                    
                                  ###{.#####                                    
                                  ####.#####                                    
                                  ##########                                    
                                                                                
                                                                                
                                                                                
                                                                                
Agent the Digger               St:12 Dx:9 Co:15 In:15 Wi:15 Ch:9 Lawful S:0     
Dlvl:1 $:0 HP:15(15) Pw:1(1) AC:9 Xp:1/0                                        

",-0.001,False
99,west,,"message:
 
No  Points     Name                                                   Hp [max]
0  Agent-Arc-Dwa-Fem-Law quit in The Dungeons of Doom on
level 1.                                               15  [15]


language observation:
dark area adjacent east, southeast, and south

cursor:
very far eastsoutheast 
(x=77, y=6)

map:
 No  Points     Name                                                   Hp [max] 
                                                                                
            0  Agent-Arc-Dwa-Fem-Law quit in The Dungeons of Doom on            
                                                                                
              level 1.                                               15  [15]   
                                                                                
                                                                                
                                                                                
                                                                                
                                                                                
                                                                                
                                                                                
                                                                                
                                                                                
                                                                                
                                                                                
                                                                                
                                                                                
                                                                                
                                                                                
                                                                                
                                                                                
                                                                                

",0.0,True
