Step,Action,Reasoning,Observation,Reward,Done
0,east,,"message:


language observation:
dark area near west
dark area very near east, southwest, and northwest
vertical wall adjacent north and south
dark area adjacent northeast and southeast
stairs up adjacent west

cursor:
Yourself a knight
(x=26, y=12)

map:
                                                                                
                                                                                
                                                                                
                                                                                
                                                                                
                                                                                
                                                                                
                                                                                
                                                                                
                                                                                
                        ..|                                                     
                        .<@#                                                    
                        ..|                                                     
                                                                                
                                                                                
                                                                                
                                                                                
                                                                                
                                                                                
                                                                                
                                                                                
Agent the Gallant              St:13 Dx:10 Co:12 In:7 Wi:16 Ch:17 Lawful S:0    
Dlvl:1 $:0 HP:16(16) Pw:4(4) AC:3 Xp:1/0                                        

",0.0,False
1,west,,"message:


language observation:
dark area near east
dark area very near north, south, southwest, west, and northwest
vertical wall adjacent northeast and southeast

cursor:
Yourself a knight
(x=25, y=12)

map:
                                                                                
                                                                                
                                                                                
                                                                                
                                                                                
                                                                                
                                                                                
                                                                                
                                                                                
                                                                                
                        ..|                                                     
                        .@.#                                                    
                        ..|                                                     
                                                                                
                                                                                
                                                                                
                                                                                
                                                                                
                                                                                
                                                                                
                                                                                
Agent the Gallant              St:13 Dx:10 Co:12 In:7 Wi:16 Ch:17 Lawful S:0    
Dlvl:1 $:0 HP:16(16) Pw:4(4) AC:3 Xp:1/0                                        

",0.0,False
2,north,,"message:


language observation:
dark area near south
dark area very near southeast, southwest, and west
horizontal wall adjacent north and northwest
northeast room corner adjacent northeast
vertical wall adjacent east
stairs up adjacent south

cursor:
Yourself a knight
(x=25, y=11)

map:
                                                                                
                                                                                
                                                                                
                                                                                
                                                                                
                                                                                
                                                                                
                                                                                
                                                                                
                        ---                                                     
                        .@|                                                     
                        .<.#                                                    
                        ..|                                                     
                                                                                
                                                                                
                                                                                
                                                                                
                                                                                
                                                                                
                                                                                
                                                                                
Agent the Gallant              St:13 Dx:10 Co:12 In:7 Wi:16 Ch:17 Lawful S:0    
Dlvl:1 $:0 HP:16(16) Pw:4(4) AC:3 Xp:1/0                                        

",0.0,False
3,south,,"message:


language observation:
dark area near east
horizontal wall very near north
dark area very near south, southwest, west, and northwest
vertical wall adjacent northeast and southeast

cursor:
Yourself a knight
(x=25, y=12)

map:
                                                                                
                                                                                
                                                                                
                                                                                
                                                                                
                                                                                
                                                                                
                                                                                
                                                                                
                        ---                                                     
                        ..|                                                     
                        .@.#                                                    
                        ..|                                                     
                                                                                
                                                                                
                                                                                
                                                                                
                                                                                
                                                                                
                                                                                
                                                                                
Agent the Gallant              St:13 Dx:10 Co:12 In:7 Wi:16 Ch:17 Lawful S:0    
Dlvl:1 $:0 HP:16(16) Pw:4(4) AC:3 Xp:1/0                                        

",0.0,False
4,east,,"message:


language observation:
dark area near west
dark area very near east and southwest
horizontal wall very near northwest
vertical wall adjacent north and south
dark area adjacent northeast and southeast
stairs up adjacent west

cursor:
Yourself a knight
(x=26, y=12)

map:
                                                                                
                                                                                
                                                                                
                                                                                
                                                                                
                                                                                
                                                                                
                                                                                
                                                                                
                        ---                                                     
                        ..|                                                     
                        .<@#                                                    
                        ..|                                                     
                                                                                
                                                                                
                                                                                
                                                                                
                                                                                
                                                                                
                                                                                
                                                                                
Agent the Gallant              St:13 Dx:10 Co:12 In:7 Wi:16 Ch:17 Lawful S:0    
Dlvl:1 $:0 HP:16(16) Pw:4(4) AC:3 Xp:1/0                                        

",0.0,False
5,east,,"message:


language observation:
dark area near west
dark area very near east
stairs up very near west
dark area adjacent north, northeast, southeast, and south
vertical wall adjacent southwest and northwest

cursor:
Yourself a knight
(x=27, y=12)

map:
                                                                                
                                                                                
                                                                                
                                                                                
                                                                                
                                                                                
                                                                                
                                                                                
                                                                                
                        ---                                                     
                        ..|                                                     
                        .<.@#                                                   
                        ..|                                                     
                                                                                
                                                                                
                                                                                
                                                                                
                                                                                
                                                                                
                                                                                
                                                                                
Agent the Gallant              St:13 Dx:10 Co:12 In:7 Wi:16 Ch:17 Lawful S:0    
Dlvl:1 $:0 HP:16(16) Pw:4(4) AC:3 Xp:1/0                                        

",0.0,False
6,east,,"message:


language observation:
stairs up near west
dark area near west
dark area very near east
dark area adjacent north, northeast, southeast, south, southwest, and northwest

cursor:
Yourself a knight
(x=28, y=12)

map:
                                                                                
                                                                                
                                                                                
                                                                                
                                                                                
                                                                                
                                                                                
                                                                                
                                                                                
                        ---                                                     
                        ..|                                                     
                        .<.#@#                                                  
                        ..|                                                     
                                                                                
                                                                                
                                                                                
                                                                                
                                                                                
                                                                                
                                                                                
                                                                                
Agent the Gallant              St:13 Dx:10 Co:12 In:7 Wi:16 Ch:17 Lawful S:0    
Dlvl:1 $:0 HP:16(16) Pw:4(4) AC:3 Xp:1/0                                        

",0.0,False
7,east,,"message:


language observation:
dark area far west
stairs up near west
dark area very near east
dark area adjacent north, northeast, southeast, south, southwest, and northwest

cursor:
Yourself a knight
(x=29, y=12)

map:
                                                                                
                                                                                
                                                                                
                                                                                
                                                                                
                                                                                
                                                                                
                                                                                
                                                                                
                        ---                                                     
                        ..|                                                     
                        .<.##@#                                                 
                        ..|                                                     
                                                                                
                                                                                
                                                                                
                                                                                
                                                                                
                                                                                
                                                                                
                                                                                
Agent the Gallant              St:13 Dx:10 Co:12 In:7 Wi:16 Ch:17 Lawful S:0    
Dlvl:1 $:0 HP:16(16) Pw:4(4) AC:3 Xp:1/0                                        

",0.0,False
8,east,,"message:


language observation:
dark area far west
stairs up near west
dark area very near east
dark area adjacent north, northeast, southeast, south, southwest, and northwest

cursor:
Yourself a knight
(x=30, y=12)

map:
                                                                                
                                                                                
                                                                                
                                                                                
                                                                                
                                                                                
                                                                                
                                                                                
                                                                                
                        ---                                                     
                        ..|                                                     
                        .<.###@#                                                
                        ..|                                                     
                                                                                
                                                                                
                                                                                
                                                                                
                                                                                
                                                                                
                                                                                
                                                                                
Agent the Gallant              St:13 Dx:10 Co:12 In:7 Wi:16 Ch:17 Lawful S:0    
Dlvl:1 $:0 HP:16(16) Pw:4(4) AC:3 Xp:1/0                                        

",0.0,False
9,northeast,,"message:
It's solid stone.

language observation:
dark area far west
stairs up near west
dark area very near east
dark area adjacent north, northeast, southeast, south, southwest, and northwest

cursor:
Yourself a knight
(x=30, y=12)

map:
                                                                                
                                                                                
                                                                                
                                                                                
                                                                                
                                                                                
                                                                                
                                                                                
                                                                                
                        ---                                                     
                        ..|                                                     
                        .<.###@#                                                
                        ..|                                                     
                                                                                
                                                                                
                                                                                
                                                                                
                                                                                
                                                                                
                                                                                
                                                                                
Agent the Gallant              St:13 Dx:10 Co:12 In:7 Wi:16 Ch:17 Lawful S:0    
Dlvl:1 $:0 HP:16(16) Pw:4(4) AC:3 Xp:1/0                                        

",-0.01,False
10,east,,"message:


language observation:
stairs up far west
dark area far west
dark area very near east
dark area adjacent north, northeast, southeast, south, southwest, and northwest

cursor:
Yourself a knight
(x=31, y=12)

map:
                                                                                
                                                                                
                                                                                
                                                                                
                                                                                
                                                                                
                                                                                
                                                                                
                                                                                
                        ---                                                     
                        ..|                                                     
                        .<.####@#                                               
                        ..|                                                     
                                                                                
                                                                                
                                                                                
                                                                                
                                                                                
                                                                                
                                                                                
                                                                                
Agent the Gallant              St:13 Dx:10 Co:12 In:7 Wi:16 Ch:17 Lawful S:0    
Dlvl:1 $:0 HP:16(16) Pw:4(4) AC:3 Xp:1/0                                        

",0.0,False
11,east,,"message:


language observation:
stairs up far west
dark area far west
dark area very near east
dark area adjacent north, northeast, southeast, south, southwest, and northwest

cursor:
Yourself a knight
(x=32, y=12)

map:
                                                                                
                                                                                
                                                                                
                                                                                
                                                                                
                                                                                
                                                                                
                                                                                
                                                                                
                        ---                                                     
                        ..|                                                     
                        .<.#####@#                                              
                        ..|                                                     
                                                                                
                                                                                
                                                                                
                                                                                
                                                                                
                                                                                
                                                                                
                                                                                
Agent the Gallant              St:13 Dx:10 Co:12 In:7 Wi:16 Ch:17 Lawful S:0    
Dlvl:1 $:0 HP:16(16) Pw:4(4) AC:3 Xp:1/0                                        

",0.0,False
12,east,,"message:


language observation:
stairs up far west
dark area very near east
dark area adjacent north, northeast, southeast, south, southwest, and northwest

cursor:
Yourself a knight
(x=33, y=12)

map:
                                                                                
                                                                                
                                                                                
                                                                                
                                                                                
                                                                                
                                                                                
                                                                                
                                                                                
                        ---                                                     
                        ..|                                                     
                        .<.######@.                                             
                        ..|                                                     
                                                                                
                                                                                
                                                                                
                                                                                
                                                                                
                                                                                
                                                                                
                                                                                
Agent the Gallant              St:13 Dx:10 Co:12 In:7 Wi:16 Ch:17 Lawful S:0    
Dlvl:1 $:0 HP:16(16) Pw:4(4) AC:3 Xp:1/0                                        

",0.0,False
13,east,,"message:


language observation:
stairs up far west
dark area very near northeast, east, and southeast
vertical wall adjacent north and south
dark area adjacent southwest and northwest

cursor:
Yourself a knight
(x=34, y=12)

map:
                                                                                
                                                                                
                                                                                
                                                                                
                                                                                
                                                                                
                                                                                
                                                                                
                                                                                
                        ---                                                     
                        ..|       |.                                            
                        .<.#######@.                                            
                        ..|       |.                                            
                                                                                
                                                                                
                                                                                
                                                                                
                                                                                
                                                                                
                                                                                
                                                                                
Agent the Gallant              St:13 Dx:10 Co:12 In:7 Wi:16 Ch:17 Lawful S:0    
Dlvl:1 $:0 HP:16(16) Pw:4(4) AC:3 Xp:1/0                                        

",0.0,False
14,south,,"message:
It's a wall.

language observation:
stairs up far west
dark area very near northeast, east, and southeast
vertical wall adjacent north and south
dark area adjacent southwest and northwest

cursor:
Yourself a knight
(x=34, y=12)

map:
                                                                                
                                                                                
                                                                                
                                                                                
                                                                                
                                                                                
                                                                                
                                                                                
                                                                                
                        ---                                                     
                        ..|       |.                                            
                        .<.#######@.                                            
                        ..|       |.                                            
                                                                                
                                                                                
                                                                                
                                                                                
                                                                                
                                                                                
                                                                                
                                                                                
Agent the Gallant              St:13 Dx:10 Co:12 In:7 Wi:16 Ch:17 Lawful S:0    
Dlvl:1 $:0 HP:16(16) Pw:4(4) AC:3 Xp:1/0                                        

",-0.01,False
15,east,,"message:


language observation:
stairs up far west
dark area very near north, northeast, east, southeast, and south
vertical wall adjacent southwest and northwest

cursor:
Yourself a knight
(x=35, y=12)

map:
                                                                                
                                                                                
                                                                                
                                                                                
                                                                                
                                                                                
                                                                                
                                                                                
                                                                                
                        ---                                                     
                        ..|       |..                                           
                        .<.#######.@.                                           
                        ..|       |..                                           
                                                                                
                                                                                
                                                                                
                                                                                
                                                                                
                                                                                
                                                                                
                                                                                
Agent the Gallant              St:13 Dx:10 Co:12 In:7 Wi:16 Ch:17 Lawful S:0    
Dlvl:1 $:0 HP:16(16) Pw:4(4) AC:3 Xp:1/0                                        

",0.0,False
16,east,,"message:


language observation:
stairs up far west
dark area very near north, northeast, east, southeast, south, southwest, and northwest

cursor:
Yourself a knight
(x=36, y=12)

map:
                                                                                
                                                                                
                                                                                
                                                                                
                                                                                
                                                                                
                                                                                
                                                                                
                                                                                
                        ---                                                     
                        ..|       |...                                          
                        .<.#######..@.                                          
                        ..|       |...                                          
                                                                                
                                                                                
                                                                                
                                                                                
                                                                                
                                                                                
                                                                                
                                                                                
Agent the Gallant              St:13 Dx:10 Co:12 In:7 Wi:16 Ch:17 Lawful S:0    
Dlvl:1 $:0 HP:16(16) Pw:4(4) AC:3 Xp:1/0                                        

",0.0,False
17,east,,"message:


language observation:
stairs up far west
dark area very near north, northeast, east, southeast, south, southwest, and northwest
giant rat adjacent east

cursor:
Yourself a knight
(x=37, y=12)

map:
                                                                                
                                                                                
                                                                                
                                                                                
                                                                                
                                                                                
                                                                                
                                                                                
                                                                                
                        ---                                                     
                        ..|       |....                                         
                        .<.#######...@r                                         
                        ..|       |....                                         
                                                                                
                                                                                
                                                                                
                                                                                
                                                                                
                                                                                
                                                                                
                                                                                
Agent the Gallant              St:13 Dx:10 Co:12 In:7 Wi:16 Ch:17 Lawful S:0    
Dlvl:1 $:0 HP:16(16) Pw:4(4) AC:3 Xp:1/0                                        

",0.0,False
18,north,,"message:
The giant rat misses!

language observation:
stairs up far westsouthwest
dark area near south and southwest
vertical wall near west
dark area very near east and southeast
horizontal wall adjacent north, northeast, and northwest
giant rat adjacent southeast

cursor:
Yourself a knight
(x=37, y=11)

map:
                                                                                
                                                                                
                                                                                
                                                                                
                                                                                
                                                                                
                                                                                
                                                                                
                                                                                
                        ---         ---                                         
                        ..|       |..@.                                         
                        .<.#######....r                                         
                        ..|       |....                                         
                                                                                
                                                                                
                                                                                
                                                                                
                                                                                
                                                                                
                                                                                
                                                                                
Agent the Gallant              St:13 Dx:10 Co:12 In:7 Wi:16 Ch:17 Lawful S:0    
Dlvl:1 $:0 HP:16(16) Pw:4(4) AC:3 Xp:1/0                                        

",0.0,False
19,east,,"message:
The giant rat just misses!  The giant rat misses!

language observation:
stairs up far westsouthwest
dark area near south and southwest
vertical wall near west
dark area very near east and southeast
horizontal wall adjacent north, northeast, and northwest
giant rat adjacent east, southeast, and south

cursor:
Yourself a knight
(x=38, y=11)

map:
                                                                                
                                                                                
                                                                                
                                                                                
                                                                                
                                                                                
                                                                                
                                                                                
                                                                                
                        ---         ----                                        
                        ..|       |...@r                                        
                        .<.#######....rr                                        
                        ..|       |....                                         
                                                                                
                                                                                
                                                                                
                                                                                
                                                                                
                                                                                
                                                                                
                                                                                
Agent the Gallant              St:13 Dx:10 Co:12 In:7 Wi:16 Ch:17 Lawful S:0    
Dlvl:1 $:0 HP:16(16) Pw:4(4) AC:3 Xp:1/0                                        

",0.0,False
20,east,,"message:
You miss the giant rat.  The giant rat misses!  The giant rat bites!

language observation:
stairs up far westsouthwest
dark area near south and southwest
vertical wall near west
dark area very near east and southeast
horizontal wall adjacent north, northeast, and northwest
giant rat adjacent east, southeast, and south

cursor:
Yourself a knight
(x=38, y=11)

map:
                                                                                
                                                                                
                                                                                
                                                                                
                                                                                
                                                                                
                                                                                
                                                                                
                                                                                
                        ---         ----                                        
                        ..|       |...@r                                        
                        .<.#######....rr                                        
                        ..|       |....                                         
                                                                                
                                                                                
                                                                                
                                                                                
                                                                                
                                                                                
                                                                                
                                                                                
Agent the Gallant              St:13 Dx:10 Co:12 In:7 Wi:16 Ch:17 Lawful S:0    
Dlvl:1 $:0 HP:14(16) Pw:4(4) AC:3 Xp:1/0                                        

",0.0,False
21,east,,"message:
You miss the giant rat.  The giant rat bites!  The giant rat bites!

language observation:
stairs up far westsouthwest
dark area near south and southwest
vertical wall near west
dark area very near east and southeast
horizontal wall adjacent north, northeast, and northwest
giant rat adjacent east, southeast, and south

cursor:
Yourself a knight
(x=38, y=11)

map:
                                                                                
                                                                                
                                                                                
                                                                                
                                                                                
                                                                                
                                                                                
                                                                                
                                                                                
                        ---         ----                                        
                        ..|       |...@r                                        
                        .<.#######....rr                                        
                        ..|       |....                                         
                                                                                
                                                                                
                                                                                
                                                                                
                                                                                
                                                                                
                                                                                
                                                                                
Agent the Gallant              St:13 Dx:10 Co:12 In:7 Wi:16 Ch:17 Lawful S:0    
Dlvl:1 $:0 HP:9(16) Pw:4(4) AC:3 Xp:1/0                                         

",0.0,False
22,north,,"message:
It's a wall.

language observation:
stairs up far westsouthwest
dark area near south and southwest
vertical wall near west
dark area very near east and southeast
horizontal wall adjacent north, northeast, and northwest
giant rat adjacent east, southeast, and south

cursor:
Yourself a knight
(x=38, y=11)

map:
                                                                                
                                                                                
                                                                                
                                                                                
                                                                                
                                                                                
                                                                                
                                                                                
                                                                                
                        ---         ----                                        
                        ..|       |...@r                                        
                        .<.#######....rr                                        
                        ..|       |....                                         
                                                                                
                                                                                
                                                                                
                                                                                
                                                                                
                                                                                
                                                                                
                                                                                
Agent the Gallant              St:13 Dx:10 Co:12 In:7 Wi:16 Ch:17 Lawful S:0    
Dlvl:1 $:0 HP:9(16) Pw:4(4) AC:3 Xp:1/0                                         

",-0.01,False
23,west,,"message:
The giant rat misses!

language observation:
stairs up far westsouthwest
dark area near east, south, and southwest
vertical wall near west
dark area very near southeast
horizontal wall adjacent north, northeast, and northwest
giant rat adjacent east and southeast

cursor:
Yourself a knight
(x=37, y=11)

map:
                                                                                
                                                                                
                                                                                
                                                                                
                                                                                
                                                                                
                                                                                
                                                                                
                                                                                
                        ---         ----                                        
                        ..|       |..@r.                                        
                        .<.#######....r.                                        
                        ..|       |....                                         
                                                                                
                                                                                
                                                                                
                                                                                
                                                                                
                                                                                
                                                                                
                                                                                
Agent the Gallant              St:13 Dx:10 Co:12 In:7 Wi:16 Ch:17 Lawful S:0    
Dlvl:1 $:0 HP:9(16) Pw:4(4) AC:3 Xp:1/0                                         

",0.0,False
24,west,,"message:


language observation:
stairs up far westsouthwest
dark area near east, southeast, and south
vertical wall very near southwest and west
horizontal wall adjacent north, northeast, and northwest
giant rat adjacent east

cursor:
Yourself a knight
(x=36, y=11)

map:
                                                                                
                                                                                
                                                                                
                                                                                
                                                                                
                                                                                
                                                                                
                                                                                
                                                                                
                        ---        -----                                        
                        ..|       |.@r..                                        
                        .<.#######......                                        
                        ..|       |....                                         
                                                                                
                                                                                
                                                                                
                                                                                
                                                                                
                                                                                
                                                                                
                                                                                
Agent the Gallant              St:13 Dx:10 Co:12 In:7 Wi:16 Ch:17 Lawful S:0    
Dlvl:1 $:0 HP:9(16) Pw:4(4) AC:3 Xp:1/0                                         

",0.0,False
25,west,,"message:


language observation:
stairs up far westsouthwest
dark area near east, southeast, and south
dark area very near southwest
horizontal wall adjacent north and northeast
giant rat adjacent east
vertical wall adjacent west
northwest room corner adjacent northwest

cursor:
Yourself a knight
(x=35, y=11)

map:
                                                                                
                                                                                
                                                                                
                                                                                
                                                                                
                                                                                
                                                                                
                                                                                
                                                                                
                        ---       ------                                        
                        ..|       |@r...                                        
                        .<.#######......                                        
                        ..|       |....                                         
                                                                                
                                                                                
                                                                                
                                                                                
                                                                                
                                                                                
                                                                                
                                                                                
Agent the Gallant              St:13 Dx:10 Co:12 In:7 Wi:16 Ch:17 Lawful S:0    
Dlvl:1 $:0 HP:9(16) Pw:4(4) AC:3 Xp:1/0                                         

",0.0,False
26,west,,"message:
It's a wall.

language observation:
stairs up far westsouthwest
dark area near east, southeast, and south
dark area very near southwest
horizontal wall adjacent north and northeast
giant rat adjacent east
vertical wall adjacent west
northwest room corner adjacent northwest

cursor:
Yourself a knight
(x=35, y=11)

map:
                                                                                
                                                                                
                                                                                
                                                                                
                                                                                
                                                                                
                                                                                
                                                                                
                                                                                
                        ---       ------                                        
                        ..|       |@r...                                        
                        .<.#######......                                        
                        ..|       |....                                         
                                                                                
                                                                                
                                                                                
                                                                                
                                                                                
                                                                                
                                                                                
                                                                                
Agent the Gallant              St:13 Dx:10 Co:12 In:7 Wi:16 Ch:17 Lawful S:0    
Dlvl:1 $:0 HP:9(16) Pw:4(4) AC:3 Xp:1/0                                         

",-0.01,False
27,north,,"message:
It's a wall.

language observation:
stairs up far westsouthwest
dark area near east, southeast, and south
dark area very near southwest
horizontal wall adjacent north and northeast
giant rat adjacent east
vertical wall adjacent west
northwest room corner adjacent northwest

cursor:
Yourself a knight
(x=35, y=11)

map:
                                                                                
                                                                                
                                                                                
                                                                                
                                                                                
                                                                                
                                                                                
                                                                                
                                                                                
                        ---       ------                                        
                        ..|       |@r...                                        
                        .<.#######......                                        
                        ..|       |....                                         
                                                                                
                                                                                
                                                                                
                                                                                
                                                                                
                                                                                
                                                                                
                                                                                
Agent the Gallant              St:13 Dx:10 Co:12 In:7 Wi:16 Ch:17 Lawful S:0    
Dlvl:1 $:0 HP:9(16) Pw:4(4) AC:3 Xp:1/0                                         

",-0.01,False
28,south,,"message:
The giant rat just misses!

language observation:
stairs up far west
dark area near east
horizontal wall very near north and northeast
dark area very near southeast and south
giant rat adjacent northeast and east
vertical wall adjacent southwest and northwest

cursor:
Yourself a knight
(x=35, y=12)

map:
                                                                                
                                                                                
                                                                                
                                                                                
                                                                                
                                                                                
                                                                                
                                                                                
                                                                                
                        ---       ------                                        
                        ..|       |.r...                                        
                        .<.#######.@r...                                        
                        ..|       |....                                         
                                                                                
                                                                                
                                                                                
                                                                                
                                                                                
                                                                                
                                                                                
                                                                                
Agent the Gallant              St:13 Dx:10 Co:12 In:7 Wi:16 Ch:17 Lawful S:0    
Dlvl:1 $:0 HP:9(16) Pw:4(4) AC:3 Xp:1/0                                         

",0.0,False
29,west,,"message:


language observation:
dark area far east
stairs up far west
horizontal wall very near northeast
dark area very near southeast
vertical wall adjacent north and south
giant rat adjacent east
dark area adjacent southwest and northwest

cursor:
Yourself a knight
(x=34, y=12)

map:
                                                                                
                                                                                
                                                                                
                                                                                
                                                                                
                                                                                
                                                                                
                                                                                
                                                                                
                        ---       ------                                        
                        ..|       |.....                                        
                        .<.#######@r....                                        
                        ..|       |....                                         
                                                                                
                                                                                
                                                                                
                                                                                
                                                                                
                                                                                
                                                                                
                                                                                
Agent the Gallant              St:13 Dx:10 Co:12 In:7 Wi:16 Ch:17 Lawful S:0    
Dlvl:1 $:0 HP:9(16) Pw:4(4) AC:3 Xp:1/0                                         

",0.0,False
30,west,,"message:


language observation:
dark area far east
stairs up far west
dark area adjacent north, south, southwest, and northwest
vertical wall adjacent northeast and southeast
giant rat adjacent east

cursor:
Yourself a knight
(x=33, y=12)

map:
                                                                                
                                                                                
                                                                                
                                                                                
                                                                                
                                                                                
                                                                                
                                                                                
                                                                                
                        ---       ------                                        
                        ..|       |.....                                        
                        .<.######@r.....                                        
                        ..|       |....                                         
                                                                                
                                                                                
                                                                                
                                                                                
                                                                                
                                                                                
                                                                                
                                                                                
Agent the Gallant              St:13 Dx:10 Co:12 In:7 Wi:16 Ch:17 Lawful S:0    
Dlvl:1 $:0 HP:9(16) Pw:4(4) AC:3 Xp:1/0                                         

",0.0,False
31,west,,"message:


language observation:
dark area far east and west
stairs up far west
dark area adjacent north, northeast, southeast, south, southwest, and northwest
giant rat adjacent east

cursor:
Yourself a knight
(x=32, y=12)

map:
                                                                                
                                                                                
                                                                                
                                                                                
                                                                                
                                                                                
                                                                                
                                                                                
                                                                                
                        ---       ------                                        
                        ..|       |.....                                        
                        .<.#####@r......                                        
                        ..|       |....                                         
                                                                                
                                                                                
                                                                                
                                                                                
                                                                                
                                                                                
                                                                                
                                                                                
Agent the Gallant              St:13 Dx:10 Co:12 In:7 Wi:16 Ch:17 Lawful S:0    
Dlvl:1 $:0 HP:9(16) Pw:4(4) AC:3 Xp:1/0                                         

",0.0,False
32,west,,"message:


language observation:
dark area far east and west
stairs up far west
dark area adjacent north, northeast, southeast, south, southwest, and northwest
giant rat adjacent east

cursor:
Yourself a knight
(x=31, y=12)

map:
                                                                                
                                                                                
                                                                                
                                                                                
                                                                                
                                                                                
                                                                                
                                                                                
                                                                                
                        ---       ------                                        
                        ..|       |.....                                        
                        .<.####@r#......                                        
                        ..|       |....                                         
                                                                                
                                                                                
                                                                                
                                                                                
                                                                                
                                                                                
                                                                                
                                                                                
Agent the Gallant              St:13 Dx:10 Co:12 In:7 Wi:16 Ch:17 Lawful S:0    
Dlvl:1 $:0 HP:9(16) Pw:4(4) AC:3 Xp:1/0                                         

",0.0,False
33,west,,"message:


language observation:
dark area far west
stairs up near west
dark area adjacent north, northeast, southeast, south, southwest, and northwest

cursor:
Yourself a knight
(x=30, y=12)

map:
                                                                                
                                                                                
                                                                                
                                                                                
                                                                                
                                                                                
                                                                                
                                                                                
                                                                                
                        ---       ------                                        
                        ..|       |.....                                        
                        .<.###@###......                                        
                        ..|       |....                                         
                                                                                
                                                                                
                                                                                
                                                                                
                                                                                
                                                                                
                                                                                
                                                                                
Agent the Gallant              St:13 Dx:10 Co:12 In:7 Wi:16 Ch:17 Lawful S:0    
Dlvl:1 $:0 HP:10(16) Pw:4(4) AC:3 Xp:1/0                                        

",0.0,False
34,west,,"message:


language observation:
dark area far west
stairs up near west
dark area adjacent north, northeast, southeast, south, southwest, and northwest

cursor:
Yourself a knight
(x=29, y=12)

map:
                                                                                
                                                                                
                                                                                
                                                                                
                                                                                
                                                                                
                                                                                
                                                                                
                                                                                
                        ---       ------                                        
                        ..|       |.....                                        
                        .<.##@####......                                        
                        ..|       |....                                         
                                                                                
                                                                                
                                                                                
                                                                                
                                                                                
                                                                                
                                                                                
                                                                                
Agent the Gallant              St:13 Dx:10 Co:12 In:7 Wi:16 Ch:17 Lawful S:0    
Dlvl:1 $:0 HP:10(16) Pw:4(4) AC:3 Xp:1/0                                        

",0.0,False
35,west,,"message:


language observation:
stairs up near west
dark area near west
dark area adjacent north, northeast, southeast, south, southwest, and northwest

cursor:
Yourself a knight
(x=28, y=12)

map:
                                                                                
                                                                                
                                                                                
                                                                                
                                                                                
                                                                                
                                                                                
                                                                                
                                                                                
                        ---       ------                                        
                        ..|       |.....                                        
                        .<.#@#####......                                        
                        ..|       |....                                         
                                                                                
                                                                                
                                                                                
                                                                                
                                                                                
                                                                                
                                                                                
                                                                                
Agent the Gallant              St:13 Dx:10 Co:12 In:7 Wi:16 Ch:17 Lawful S:0    
Dlvl:1 $:0 HP:10(16) Pw:4(4) AC:3 Xp:1/0                                        

",0.0,False
36,west,,"message:


language observation:
dark area near west
stairs up very near west
dark area adjacent north, northeast, southeast, and south
vertical wall adjacent southwest and northwest

cursor:
Yourself a knight
(x=27, y=12)

map:
                                                                                
                                                                                
                                                                                
                                                                                
                                                                                
                                                                                
                                                                                
                                                                                
                                                                                
                        ---       ------                                        
                        ..|       |.....                                        
                        .<.@######......                                        
                        ..|       |....                                         
                                                                                
                                                                                
                                                                                
                                                                                
                                                                                
                                                                                
                                                                                
                                                                                
Agent the Gallant              St:13 Dx:10 Co:12 In:7 Wi:16 Ch:17 Lawful S:0    
Dlvl:1 $:0 HP:10(16) Pw:4(4) AC:3 Xp:1/0                                        

",0.0,False
37,west,,"message:


language observation:
dark area near west
dark area very near southwest
horizontal wall very near northwest
vertical wall adjacent north and south
dark area adjacent northeast and southeast
stairs up adjacent west

cursor:
Yourself a knight
(x=26, y=12)

map:
                                                                                
                                                                                
                                                                                
                                                                                
                                                                                
                                                                                
                                                                                
                                                                                
                                                                                
                        ---       ------                                        
                        ..|       |.....                                        
                        .<@#######......                                        
                        ..|       |....                                         
                                                                                
                                                                                
                                                                                
                                                                                
                                                                                
                                                                                
                                                                                
                                                                                
Agent the Gallant              St:13 Dx:10 Co:12 In:7 Wi:16 Ch:17 Lawful S:0    
Dlvl:1 $:0 HP:10(16) Pw:4(4) AC:3 Xp:1/0                                        

",0.0,False
38,west,,"message:


language observation:
horizontal wall very near north
dark area very near south, southwest, west, and northwest
vertical wall adjacent northeast and southeast

cursor:
Yourself a knight
(x=25, y=12)

map:
                                                                                
                                                                                
                                                                                
                                                                                
                                                                                
                                                                                
                                                                                
                                                                                
                                                                                
                        ---       ------                                        
                        ..|       |.....                                        
                        .@.#######......                                        
                        ..|       |....                                         
                                                                                
                                                                                
                                                                                
                                                                                
                                                                                
                                                                                
                                                                                
                                                                                
Agent the Gallant              St:13 Dx:10 Co:12 In:7 Wi:16 Ch:17 Lawful S:0    
Dlvl:1 $:0 HP:10(16) Pw:4(4) AC:3 Xp:1/0                                        

",0.0,False
39,west,,"message:


language observation:
horizontal wall very near north
northeast room corner very near northeast
dark area very near southeast, south, southwest, west, and northwest
stairs up adjacent east

cursor:
Yourself a knight
(x=24, y=12)

map:
                                                                                
                                                                                
                                                                                
                                                                                
                                                                                
                                                                                
                                                                                
                                                                                
                                                                                
                        ---       ------                                        
                       ...|       |.....                                        
                       .@<.#######......                                        
                       ...|       |....                                         
                                                                                
                                                                                
                                                                                
                                                                                
                                                                                
                                                                                
                                                                                
                                                                                
Agent the Gallant              St:13 Dx:10 Co:12 In:7 Wi:16 Ch:17 Lawful S:0    
Dlvl:1 $:0 HP:10(16) Pw:4(4) AC:3 Xp:1/0                                        

",0.0,False
40,east,,"message:


language observation:
dark area near west
horizontal wall very near north
dark area very near south, southwest, and northwest
vertical wall adjacent northeast and southeast
giant rat adjacent east

cursor:
Yourself a knight
(x=25, y=12)

map:
                                                                                
                                                                                
                                                                                
                                                                                
                                                                                
                                                                                
                                                                                
                                                                                
                                                                                
                        ---       ------                                        
                       ...|       |.....                                        
                       ..@r#######......                                        
                       ...|       |....                                         
                                                                                
                                                                                
                                                                                
                                                                                
                                                                                
                                                                                
                                                                                
                                                                                
Agent the Gallant              St:13 Dx:10 Co:12 In:7 Wi:16 Ch:17 Lawful S:0    
Dlvl:1 $:0 HP:10(16) Pw:4(4) AC:3 Xp:1/0                                        

",0.0,False
41,up,,"

Your previous output did not contain a valid action. Defaulted to action: north

Observation:
message:


language observation:
dark area near south, southwest, and west
dark area very near southeast
horizontal wall adjacent north and northwest
northeast room corner adjacent northeast
vertical wall adjacent east
giant rat adjacent southeast
stairs up adjacent south

cursor:
Yourself a knight
(x=25, y=11)

map:
                                                                                
                                                                                
                                                                                
                                                                                
                                                                                
                                                                                
                                                                                
                                                                                
                                                                                
                        ---       ------                                        
                       ..@|       |.....                                        
                       ..<r#######......                                        
                       ...|       |....                                         
                                                                                
                                                                                
                                                                                
                                                                                
                                                                                
                                                                                
                                                                                
                                                                                
Agent the Gallant              St:13 Dx:10 Co:12 In:7 Wi:16 Ch:17 Lawful S:0    
Dlvl:1 $:0 HP:10(16) Pw:4(4) AC:3 Xp:1/0                                        

",0.0,False
42,south,,"message:


language observation:
dark area near west
horizontal wall very near north
dark area very near south, southwest, and northwest
vertical wall adjacent northeast and southeast
giant rat adjacent east

cursor:
Yourself a knight
(x=25, y=12)

map:
                                                                                
                                                                                
                                                                                
                                                                                
                                                                                
                                                                                
                                                                                
                                                                                
                                                                                
                        ---       ------                                        
                       ...|       |.....                                        
                       ..@r#######......                                        
                       ...|       |....                                         
                                                                                
                                                                                
                                                                                
                                                                                
                                                                                
                                                                                
                                                                                
                                                                                
Agent the Gallant              St:13 Dx:10 Co:12 In:7 Wi:16 Ch:17 Lawful S:0    
Dlvl:1 $:0 HP:10(16) Pw:4(4) AC:3 Xp:1/0                                        

",0.0,False
43,east,,"message:
You kill the giant rat!

language observation:
dark area near west
horizontal wall very near north
dark area very near south, southwest, and northwest
vertical wall adjacent northeast and southeast
giant rat adjacent east

cursor:
Yourself a knight
(x=25, y=12)

map:
                                                                                
                                                                                
                                                                                
                                                                                
                                                                                
                                                                                
                                                                                
                                                                                
                                                                                
                        ---       ------                                        
                       ...|       |.....                                        
                       ..@r#######......                                        
                       ...|       |....                                         
                                                                                
                                                                                
                                                                                
                                                                                
                                                                                
                                                                                
                                                                                
                                                                                
Agent the Gallant              St:13 Dx:10 Co:12 In:7 Wi:16 Ch:17 Lawful S:8    
Dlvl:1 $:0 HP:10(16) Pw:4(4) AC:3 Xp:1/2                                        

",0.0,False
44,east,,"message:
You miss the giant rat.  The giant rat bites!

language observation:
dark area near west
horizontal wall very near north
dark area very near south, southwest, and northwest
vertical wall adjacent northeast and southeast
giant rat adjacent east

cursor:
Yourself a knight
(x=25, y=12)

map:
                                                                                
                                                                                
                                                                                
                                                                                
                                                                                
                                                                                
                                                                                
                                                                                
                                                                                
                        ---       ------                                        
                       ...|       |.....                                        
                       ..@r#######......                                        
                       ...|       |....                                         
                                                                                
                                                                                
                                                                                
                                                                                
                                                                                
                                                                                
                                                                                
                                                                                
Agent the Gallant              St:13 Dx:10 Co:12 In:7 Wi:16 Ch:17 Lawful S:8    
Dlvl:1 $:0 HP:7(16) Pw:4(4) AC:3 Xp:1/2                                         

",0.0,False
45,east,,"message:
You kill the giant rat!

language observation:
dark area near west
horizontal wall very near north
dark area very near south, southwest, and northwest
vertical wall adjacent northeast and southeast
giant rat corpse adjacent east

cursor:
Yourself a knight
(x=25, y=12)

map:
                                                                                
                                                                                
                                                                                
                                                                                
                                                                                
                                                                                
                                                                                
                                                                                
                                                                                
                        ---       ------                                        
                       ...|       |.....                                        
                       ..@%#######......                                        
                       ...|       |....                                         
                                                                                
                                                                                
                                                                                
                                                                                
                                                                                
                                                                                
                                                                                
                                                                                
Agent the Gallant              St:13 Dx:10 Co:12 In:7 Wi:16 Ch:17 Lawful S:16   
Dlvl:1 $:0 HP:7(16) Pw:4(4) AC:3 Xp:1/4                                         

",0.0,False
46,east,,"message:
You see here 2 giant rat corpses.

language observation:
dark area near west
dark area very near southwest
horizontal wall very near northwest
vertical wall adjacent north and south
dark area adjacent northeast and southeast
stairs up adjacent west

cursor:
Yourself a knight
(x=26, y=12)

map:
                                                                                
                                                                                
                                                                                
                                                                                
                                                                                
                                                                                
                                                                                
                                                                                
                                                                                
                        ---       ------                                        
                       ...|       |.....                                        
                       ..<@#######......                                        
                       ...|       |....                                         
                                                                                
                                                                                
                                                                                
                                                                                
                                                                                
                                                                                
                                                                                
                                                                                
Agent the Gallant              St:13 Dx:10 Co:12 In:7 Wi:16 Ch:17 Lawful S:16   
Dlvl:1 $:0 HP:7(16) Pw:4(4) AC:3 Xp:1/4                                         

",0.0,False
47,west,,"message:


language observation:
dark area near west
horizontal wall very near north
dark area very near south, southwest, and northwest
vertical wall adjacent northeast and southeast
giant rat corpse adjacent east

cursor:
Yourself a knight
(x=25, y=12)

map:
                                                                                
                                                                                
                                                                                
                                                                                
                                                                                
                                                                                
                                                                                
                                                                                
                                                                                
                        ---       ------                                        
                       ...|       |.....                                        
                       ..@%#######......                                        
                       ...|       |....                                         
                                                                                
                                                                                
                                                                                
                                                                                
                                                                                
                                                                                
                                                                                
                                                                                
Agent the Gallant              St:13 Dx:10 Co:12 In:7 Wi:16 Ch:17 Lawful S:16   
Dlvl:1 $:0 HP:7(16) Pw:4(4) AC:3 Xp:1/4                                         

",0.0,False
48,north,,"message:


language observation:
dark area near south, southwest, and west
dark area very near southeast
horizontal wall adjacent north and northwest
northeast room corner adjacent northeast
vertical wall adjacent east
giant rat corpse adjacent southeast
stairs up adjacent south

cursor:
Yourself a knight
(x=25, y=11)

map:
                                                                                
                                                                                
                                                                                
                                                                                
                                                                                
                                                                                
                                                                                
                                                                                
                                                                                
                        ---       ------                                        
                       ..@|       |.....                                        
                       ..<%#######......                                        
                       ...|       |....                                         
                                                                                
                                                                                
                                                                                
                                                                                
                                                                                
                                                                                
                                                                                
                                                                                
Agent the Gallant              St:13 Dx:10 Co:12 In:7 Wi:16 Ch:17 Lawful S:16   
Dlvl:1 $:0 HP:8(16) Pw:4(4) AC:3 Xp:1/4                                         

",0.0,False
49,north,,"message:
It's a wall.

language observation:
dark area near south, southwest, and west
dark area very near southeast
horizontal wall adjacent north and northwest
northeast room corner adjacent northeast
vertical wall adjacent east
giant rat corpse adjacent southeast
stairs up adjacent south

cursor:
Yourself a knight
(x=25, y=11)

map:
                                                                                
                                                                                
                                                                                
                                                                                
                                                                                
                                                                                
                                                                                
                                                                                
                                                                                
                        ---       ------                                        
                       ..@|       |.....                                        
                       ..<%#######......                                        
                       ...|       |....                                         
                                                                                
                                                                                
                                                                                
                                                                                
                                                                                
                                                                                
                                                                                
                                                                                
Agent the Gallant              St:13 Dx:10 Co:12 In:7 Wi:16 Ch:17 Lawful S:16   
Dlvl:1 $:0 HP:8(16) Pw:4(4) AC:3 Xp:1/4                                         

",-0.01,False
50,south,,"message:


language observation:
dark area near west
horizontal wall very near north
dark area very near south, southwest, and northwest
vertical wall adjacent northeast and southeast
giant rat corpse adjacent east

cursor:
Yourself a knight
(x=25, y=12)

map:
                                                                                
                                                                                
                                                                                
                                                                                
                                                                                
                                                                                
                                                                                
                                                                                
                                                                                
                        ---       ------                                        
                       ...|       |.....                                        
                       ..@%#######......                                        
                       ...|       |....                                         
                                                                                
                                                                                
                                                                                
                                                                                
                                                                                
                                                                                
                                                                                
                                                                                
Agent the Gallant              St:13 Dx:10 Co:12 In:7 Wi:16 Ch:17 Lawful S:16   
Dlvl:1 $:0 HP:8(16) Pw:4(4) AC:3 Xp:1/4                                         

",0.0,False
51,south,,"message:


language observation:
horizontal wall near north
dark area near west and northwest
dark area very near northeast
stairs up adjacent north
giant rat corpse adjacent northeast
vertical wall adjacent east
southeast corner adjacent southeast
horizontal wall adjacent south and southwest

cursor:
Yourself a knight
(x=25, y=13)

map:
                                                                                
                                                                                
                                                                                
                                                                                
                                                                                
                                                                                
                                                                                
                                                                                
                                                                                
                        ---       ------                                        
                       ...|       |.....                                        
                       ..<%#######......                                        
                       ..@|       |....                                         
                        ---                                                     
                                                                                
                                                                                
                                                                                
                                                                                
                                                                                
                                                                                
                                                                                
Agent the Gallant              St:13 Dx:10 Co:12 In:7 Wi:16 Ch:17 Lawful S:16   
Dlvl:1 $:0 HP:8(16) Pw:4(4) AC:3 Xp:1/4                                         

",0.0,False
52,north,,"message:


language observation:
dark area near west
horizontal wall very near north and south
dark area very near southwest and northwest
vertical wall adjacent northeast and southeast
giant rat corpse adjacent east

cursor:
Yourself a knight
(x=25, y=12)

map:
                                                                                
                                                                                
                                                                                
                                                                                
                                                                                
                                                                                
                                                                                
                                                                                
                                                                                
                        ---       ------                                        
                       ...|       |.....                                        
                       ..@%#######......                                        
                       ...|       |....                                         
                        ---                                                     
                                                                                
                                                                                
                                                                                
                                                                                
                                                                                
                                                                                
                                                                                
Agent the Gallant              St:13 Dx:10 Co:12 In:7 Wi:16 Ch:17 Lawful S:16   
Dlvl:1 $:0 HP:8(16) Pw:4(4) AC:3 Xp:1/4                                         

",0.0,False
53,south,,"message:


language observation:
horizontal wall near north
dark area near west and northwest
dark area very near northeast
stairs up adjacent north
giant rat corpse adjacent northeast
vertical wall adjacent east
southeast corner adjacent southeast
horizontal wall adjacent south and southwest

cursor:
Yourself a knight
(x=25, y=13)

map:
                                                                                
                                                                                
                                                                                
                                                                                
                                                                                
                                                                                
                                                                                
                                                                                
                                                                                
                        ---       ------                                        
                       ...|       |.....                                        
                       ..<%#######......                                        
                       ..@|       |....                                         
                        ---                                                     
                                                                                
                                                                                
                                                                                
                                                                                
                                                                                
                                                                                
                                                                                
Agent the Gallant              St:13 Dx:10 Co:12 In:7 Wi:16 Ch:17 Lawful S:16   
Dlvl:1 $:0 HP:8(16) Pw:4(4) AC:3 Xp:1/4                                         

",0.0,False
54,down,,"

Your previous output did not contain a valid action. Defaulted to action: north

Observation:
message:


language observation:
dark area near west
horizontal wall very near north and south
dark area very near southwest and northwest
vertical wall adjacent northeast and southeast
giant rat adjacent east

cursor:
Yourself a knight
(x=25, y=12)

map:
                                                                                
                                                                                
                                                                                
                                                                                
                                                                                
                                                                                
                                                                                
                                                                                
                                                                                
                        ---       ------                                        
                       ...|       |.....                                        
                       ..@r#######......                                        
                       ...|       |....                                         
                        ---                                                     
                                                                                
                                                                                
                                                                                
                                                                                
                                                                                
                                                                                
                                                                                
Agent the Gallant              St:13 Dx:10 Co:12 In:7 Wi:16 Ch:17 Lawful S:16   
Dlvl:1 $:0 HP:8(16) Pw:4(4) AC:3 Xp:1/4                                         

",0.0,False
55,east,,"message:
You miss the giant rat.

language observation:
dark area near west
horizontal wall very near north and south
dark area very near southwest and northwest
vertical wall adjacent northeast and southeast
giant rat adjacent east

cursor:
Yourself a knight
(x=25, y=12)

map:
                                                                                
                                                                                
                                                                                
                                                                                
                                                                                
                                                                                
                                                                                
                                                                                
                                                                                
                        ---       ------                                        
                       ...|       |.....                                        
                       ..@r#######......                                        
                       ...|       |....                                         
                        ---                                                     
                                                                                
                                                                                
                                                                                
                                                                                
                                                                                
                                                                                
                                                                                
Agent the Gallant              St:13 Dx:10 Co:12 In:7 Wi:16 Ch:17 Lawful S:16   
Dlvl:1 $:0 HP:8(16) Pw:4(4) AC:3 Xp:1/4                                         

",0.0,False
56,east,,"message:
You hit the giant rat.

language observation:
dark area near west
horizontal wall very near north and south
dark area very near southwest and northwest
vertical wall adjacent northeast and southeast
giant rat adjacent east

cursor:
Yourself a knight
(x=25, y=12)

map:
                                                                                
                                                                                
                                                                                
                                                                                
                                                                                
                                                                                
                                                                                
                                                                                
                                                                                
                        ---       ------                                        
                       ...|       |.....                                        
                       ..@r#######......                                        
                       ...|       |....                                         
                        ---                                                     
                                                                                
                                                                                
                                                                                
                                                                                
                                                                                
                                                                                
                                                                                
Agent the Gallant              St:13 Dx:10 Co:12 In:7 Wi:16 Ch:17 Lawful S:16   
Dlvl:1 $:0 HP:8(16) Pw:4(4) AC:3 Xp:1/4                                         

",0.0,False
57,east,,"message:
You miss the giant rat.  The giant rat misses!

language observation:
dark area near west
horizontal wall very near north and south
dark area very near southwest and northwest
vertical wall adjacent northeast and southeast
giant rat adjacent east

cursor:
Yourself a knight
(x=25, y=12)

map:
                                                                                
                                                                                
                                                                                
                                                                                
                                                                                
                                                                                
                                                                                
                                                                                
                                                                                
                        ---       ------                                        
                       ...|       |.....                                        
                       ..@r#######......                                        
                       ...|       |....                                         
                        ---                                                     
                                                                                
                                                                                
                                                                                
                                                                                
                                                                                
                                                                                
                                                                                
Agent the Gallant              St:13 Dx:10 Co:12 In:7 Wi:16 Ch:17 Lawful S:16   
Dlvl:1 $:0 HP:8(16) Pw:4(4) AC:3 Xp:1/4                                         

",0.0,False
58,east,,"message:
You miss the giant rat.  The giant rat misses!

language observation:
dark area near west
horizontal wall very near north and south
dark area very near southwest and northwest
vertical wall adjacent northeast and southeast
giant rat adjacent east

cursor:
Yourself a knight
(x=25, y=12)

map:
                                                                                
                                                                                
                                                                                
                                                                                
                                                                                
                                                                                
                                                                                
                                                                                
                                                                                
                        ---       ------                                        
                       ...|       |.....                                        
                       ..@r#######......                                        
                       ...|       |....                                         
                        ---                                                     
                                                                                
                                                                                
                                                                                
                                                                                
                                                                                
                                                                                
                                                                                
Agent the Gallant              St:13 Dx:10 Co:12 In:7 Wi:16 Ch:17 Lawful S:16   
Dlvl:1 $:0 HP:8(16) Pw:4(4) AC:3 Xp:1/4                                         

",0.0,False
59,east,,"message:
You kill the giant rat!

language observation:
dark area near west
horizontal wall very near north and south
dark area very near southwest and northwest
vertical wall adjacent northeast and southeast
giant rat corpse adjacent east

cursor:
Yourself a knight
(x=25, y=12)

map:
                                                                                
                                                                                
                                                                                
                                                                                
                                                                                
                                                                                
                                                                                
                                                                                
                                                                                
                        ---       ------                                        
                       ...|       |.....                                        
                       ..@%#######......                                        
                       ...|       |....                                         
                        ---                                                     
                                                                                
                                                                                
                                                                                
                                                                                
                                                                                
                                                                                
                                                                                
Agent the Gallant              St:13 Dx:10 Co:12 In:7 Wi:16 Ch:17 Lawful S:24   
Dlvl:1 $:0 HP:8(16) Pw:4(4) AC:3 Xp:1/6                                         

",0.0,False
60,west,,"message:


language observation:
horizontal wall very near north and south
northeast room corner very near northeast
giant rat corpse very near east
southeast corner very near southeast
dark area very near southwest, west, and northwest
stairs up adjacent east

cursor:
Yourself a knight
(x=24, y=12)

map:
                                                                                
                                                                                
                                                                                
                                                                                
                                                                                
                                                                                
                                                                                
                                                                                
                                                                                
                        ---       ------                                        
                       ...|       |.....                                        
                       .@<%#######......                                        
                       ...|       |....                                         
                        ---                                                     
                                                                                
                                                                                
                                                                                
                                                                                
                                                                                
                                                                                
                                                                                
Agent the Gallant              St:13 Dx:10 Co:12 In:7 Wi:16 Ch:17 Lawful S:24   
Dlvl:1 $:0 HP:8(16) Pw:4(4) AC:3 Xp:1/6                                         

",0.0,False
61,east,,"message:


language observation:
dark area near west
horizontal wall very near north and south
dark area very near southwest and northwest
vertical wall adjacent northeast and southeast
giant rat corpse adjacent east

cursor:
Yourself a knight
(x=25, y=12)

map:
                                                                                
                                                                                
                                                                                
                                                                                
                                                                                
                                                                                
                                                                                
                                                                                
                                                                                
                        ---       ------                                        
                       ...|       |.....                                        
                       ..@%#######......                                        
                       ...|       |....                                         
                        ---                                                     
                                                                                
                                                                                
                                                                                
                                                                                
                                                                                
                                                                                
                                                                                
Agent the Gallant              St:13 Dx:10 Co:12 In:7 Wi:16 Ch:17 Lawful S:24   
Dlvl:1 $:0 HP:8(16) Pw:4(4) AC:3 Xp:1/6                                         

",0.0,False
62,down,,"

Your previous output did not contain a valid action. Defaulted to action: north

Observation:
message:


language observation:
horizontal wall near south
dark area near southwest and west
dark area very near southeast
horizontal wall adjacent north and northwest
northeast room corner adjacent northeast
vertical wall adjacent east
giant rat corpse adjacent southeast
stairs up adjacent south

cursor:
Yourself a knight
(x=25, y=11)

map:
                                                                                
                                                                                
                                                                                
                                                                                
                                                                                
                                                                                
                                                                                
                                                                                
                                                                                
                        ---       ------                                        
                       ..@|       |.....                                        
                       ..<%#######......                                        
                       ...|       |....                                         
                        ---                                                     
                                                                                
                                                                                
                                                                                
                                                                                
                                                                                
                                                                                
                                                                                
Agent the Gallant              St:13 Dx:10 Co:12 In:7 Wi:16 Ch:17 Lawful S:24   
Dlvl:1 $:0 HP:8(16) Pw:4(4) AC:3 Xp:1/6                                         

",0.0,False
63,down,,"

Your previous output did not contain a valid action. Defaulted to action: north

Observation:
message:
It's a wall.

language observation:
horizontal wall near south
dark area near southwest and west
dark area very near southeast
horizontal wall adjacent north and northwest
northeast room corner adjacent northeast
vertical wall adjacent east
giant rat corpse adjacent southeast
stairs up adjacent south

cursor:
Yourself a knight
(x=25, y=11)

map:
                                                                                
                                                                                
                                                                                
                                                                                
                                                                                
                                                                                
                                                                                
                                                                                
                                                                                
                        ---       ------                                        
                       ..@|       |.....                                        
                       ..<%#######......                                        
                       ...|       |....                                         
                        ---                                                     
                                                                                
                                                                                
                                                                                
                                                                                
                                                                                
                                                                                
                                                                                
Agent the Gallant              St:13 Dx:10 Co:12 In:7 Wi:16 Ch:17 Lawful S:24   
Dlvl:1 $:0 HP:8(16) Pw:4(4) AC:3 Xp:1/6                                         

",-0.01,False
64,south,,"message:


language observation:
dark area near west
horizontal wall very near north and south
dark area very near southwest and northwest
vertical wall adjacent northeast and southeast
giant rat adjacent east

cursor:
Yourself a knight
(x=25, y=12)

map:
                                                                                
                                                                                
                                                                                
                                                                                
                                                                                
                                                                                
                                                                                
                                                                                
                                                                                
                        ---       ------                                        
                       ...|       |.....                                        
                       ..@r#######......                                        
                       ...|       |....                                         
                        ---                                                     
                                                                                
                                                                                
                                                                                
                                                                                
                                                                                
                                                                                
                                                                                
Agent the Gallant              St:13 Dx:10 Co:12 In:7 Wi:16 Ch:17 Lawful S:24   
Dlvl:1 $:0 HP:8(16) Pw:4(4) AC:3 Xp:1/6                                         

",0.0,False
65,east,,"message:
You miss the giant rat.  The giant rat bites!

language observation:
dark area near west
horizontal wall very near north and south
dark area very near southwest and northwest
vertical wall adjacent northeast and southeast
giant rat adjacent east

cursor:
Yourself a knight
(x=25, y=12)

map:
                                                                                
                                                                                
                                                                                
                                                                                
                                                                                
                                                                                
                                                                                
                                                                                
                                                                                
                        ---       ------                                        
                       ...|       |.....                                        
                       ..@r#######......                                        
                       ...|       |....                                         
                        ---                                                     
                                                                                
                                                                                
                                                                                
                                                                                
                                                                                
                                                                                
                                                                                
Agent the Gallant              St:13 Dx:10 Co:12 In:7 Wi:16 Ch:17 Lawful S:24   
Dlvl:1 $:0 HP:8(16) Pw:4(4) AC:3 Xp:1/6                                         

",0.0,False
66,east,,"message:
You miss the giant rat.  The giant rat bites!

language observation:
dark area near west
horizontal wall very near north and south
dark area very near southwest and northwest
vertical wall adjacent northeast and southeast
giant rat adjacent east

cursor:
Yourself a knight
(x=25, y=12)

map:
                                                                                
                                                                                
                                                                                
                                                                                
                                                                                
                                                                                
                                                                                
                                                                                
                                                                                
                        ---       ------                                        
                       ...|       |.....                                        
                       ..@r#######......                                        
                       ...|       |....                                         
                        ---                                                     
                                                                                
                                                                                
                                                                                
                                                                                
                                                                                
                                                                                
                                                                                
Agent the Gallant              St:13 Dx:10 Co:12 In:7 Wi:16 Ch:17 Lawful S:24   
Dlvl:1 $:0 HP:6(16) Pw:4(4) AC:3 Xp:1/6                                         

",0.0,False
67,east,,"message:
You miss the giant rat.  The giant rat misses!

language observation:
dark area near west
horizontal wall very near north and south
dark area very near southwest and northwest
vertical wall adjacent northeast and southeast
giant rat adjacent east

cursor:
Yourself a knight
(x=25, y=12)

map:
                                                                                
                                                                                
                                                                                
                                                                                
                                                                                
                                                                                
                                                                                
                                                                                
                                                                                
                        ---       ------                                        
                       ...|       |.....                                        
                       ..@r#######......                                        
                       ...|       |....                                         
                        ---                                                     
                                                                                
                                                                                
                                                                                
                                                                                
                                                                                
                                                                                
                                                                                
Agent the Gallant              St:13 Dx:10 Co:12 In:7 Wi:16 Ch:17 Lawful S:24   
Dlvl:1 $:0 HP:6(16) Pw:4(4) AC:3 Xp:1/6                                         

",0.0,False
68,east,,"message:
You miss the giant rat.  The giant rat misses!

language observation:
dark area near west
horizontal wall very near north and south
dark area very near southwest and northwest
vertical wall adjacent northeast and southeast
giant rat adjacent east

cursor:
Yourself a knight
(x=25, y=12)

map:
                                                                                
                                                                                
                                                                                
                                                                                
                                                                                
                                                                                
                                                                                
                                                                                
                                                                                
                        ---       ------                                        
                       ...|       |.....                                        
                       ..@r#######......                                        
                       ...|       |....                                         
                        ---                                                     
                                                                                
                                                                                
                                                                                
                                                                                
                                                                                
                                                                                
                                                                                
Agent the Gallant              St:13 Dx:10 Co:12 In:7 Wi:16 Ch:17 Lawful S:24   
Dlvl:1 $:0 HP:6(16) Pw:4(4) AC:3 Xp:1/6                                         

",0.0,False
69,east,,"message:
You kill the giant rat!

language observation:
dark area near west
horizontal wall very near north and south
dark area very near southwest and northwest
vertical wall adjacent northeast and southeast
giant rat corpse adjacent east

cursor:
Yourself a knight
(x=25, y=12)

map:
                                                                                
                                                                                
                                                                                
                                                                                
                                                                                
                                                                                
                                                                                
                                                                                
                                                                                
                        ---       ------                                        
                       ...|       |.....                                        
                       ..@%#######......                                        
                       ...|       |....                                         
                        ---                                                     
                                                                                
                                                                                
                                                                                
                                                                                
                                                                                
                                                                                
                                                                                
Agent the Gallant              St:13 Dx:10 Co:12 In:7 Wi:16 Ch:17 Lawful S:32   
Dlvl:1 $:0 HP:6(16) Pw:4(4) AC:3 Xp:1/8                                         

",0.0,False
70,down,,"

Your previous output did not contain a valid action. Defaulted to action: north

Observation:
message:


language observation:
horizontal wall near south
dark area near southwest and west
dark area very near southeast
horizontal wall adjacent north and northwest
northeast room corner adjacent northeast
vertical wall adjacent east
giant rat corpse adjacent southeast
stairs up adjacent south

cursor:
Yourself a knight
(x=25, y=11)

map:
                                                                                
                                                                                
                                                                                
                                                                                
                                                                                
                                                                                
                                                                                
                                                                                
                                                                                
                        ---       ------                                        
                       ..@|       |.....                                        
                       ..<%#######......                                        
                       ...|       |....                                         
                        ---                                                     
                                                                                
                                                                                
                                                                                
                                                                                
                                                                                
                                                                                
                                                                                
Agent the Gallant              St:13 Dx:10 Co:12 In:7 Wi:16 Ch:17 Lawful S:32   
Dlvl:1 $:0 HP:6(16) Pw:4(4) AC:3 Xp:1/8                                         

",0.0,False
71,down,,"

Your previous output did not contain a valid action. Defaulted to action: north

Observation:
message:
It's a wall.

language observation:
horizontal wall near south
dark area near southwest and west
dark area very near southeast
horizontal wall adjacent north and northwest
northeast room corner adjacent northeast
vertical wall adjacent east
giant rat corpse adjacent southeast
stairs up adjacent south

cursor:
Yourself a knight
(x=25, y=11)

map:
                                                                                
                                                                                
                                                                                
                                                                                
                                                                                
                                                                                
                                                                                
                                                                                
                                                                                
                        ---       ------                                        
                       ..@|       |.....                                        
                       ..<%#######......                                        
                       ...|       |....                                         
                        ---                                                     
                                                                                
                                                                                
                                                                                
                                                                                
                                                                                
                                                                                
                                                                                
Agent the Gallant              St:13 Dx:10 Co:12 In:7 Wi:16 Ch:17 Lawful S:32   
Dlvl:1 $:0 HP:6(16) Pw:4(4) AC:3 Xp:1/8                                         

",-0.01,False
72,south,,"message:


language observation:
dark area near west
horizontal wall very near north and south
dark area very near southwest and northwest
vertical wall adjacent northeast and southeast
giant rat corpse adjacent east

cursor:
Yourself a knight
(x=25, y=12)

map:
                                                                                
                                                                                
                                                                                
                                                                                
                                                                                
                                                                                
                                                                                
                                                                                
                                                                                
                        ---       ------                                        
                       ...|       |.....                                        
                       ..@%#######......                                        
                       ...|       |....                                         
                        ---                                                     
                                                                                
                                                                                
                                                                                
                                                                                
                                                                                
                                                                                
                                                                                
Agent the Gallant              St:13 Dx:10 Co:12 In:7 Wi:16 Ch:17 Lawful S:32   
Dlvl:1 $:0 HP:6(16) Pw:4(4) AC:3 Xp:1/8                                         

",0.0,False
73,down,,"

Your previous output did not contain a valid action. Defaulted to action: north

Observation:
message:


language observation:
horizontal wall near south
dark area near southwest and west
dark area very near southeast
horizontal wall adjacent north and northwest
northeast room corner adjacent northeast
vertical wall adjacent east
giant rat corpse adjacent southeast
stairs up adjacent south

cursor:
Yourself a knight
(x=25, y=11)

map:
                                                                                
                                                                                
                                                                                
                                                                                
                                                                                
                                                                                
                                                                                
                                                                                
                                                                                
                        ---       ------                                        
                       ..@|       |.....                                        
                       ..<%#######......                                        
                       ...|       |....                                         
                        ---                                                     
                                                                                
                                                                                
                                                                                
                                                                                
                                                                                
                                                                                
                                                                                
Agent the Gallant              St:13 Dx:10 Co:12 In:7 Wi:16 Ch:17 Lawful S:32   
Dlvl:1 $:0 HP:6(16) Pw:4(4) AC:3 Xp:1/8                                         

",0.0,False
74,down,,"

Your previous output did not contain a valid action. Defaulted to action: north

Observation:
message:
It's a wall.

language observation:
horizontal wall near south
dark area near southwest and west
dark area very near southeast
horizontal wall adjacent north and northwest
northeast room corner adjacent northeast
vertical wall adjacent east
giant rat corpse adjacent southeast
stairs up adjacent south

cursor:
Yourself a knight
(x=25, y=11)

map:
                                                                                
                                                                                
                                                                                
                                                                                
                                                                                
                                                                                
                                                                                
                                                                                
                                                                                
                        ---       ------                                        
                       ..@|       |.....                                        
                       ..<%#######......                                        
                       ...|       |....                                         
                        ---                                                     
                                                                                
                                                                                
                                                                                
                                                                                
                                                                                
                                                                                
                                                                                
Agent the Gallant              St:13 Dx:10 Co:12 In:7 Wi:16 Ch:17 Lawful S:32   
Dlvl:1 $:0 HP:6(16) Pw:4(4) AC:3 Xp:1/8                                         

",-0.01,False
75,south,,"message:


language observation:
dark area near west
horizontal wall very near north and south
dark area very near southwest and northwest
vertical wall adjacent northeast and southeast
giant rat corpse adjacent east

cursor:
Yourself a knight
(x=25, y=12)

map:
                                                                                
                                                                                
                                                                                
                                                                                
                                                                                
                                                                                
                                                                                
                                                                                
                                                                                
                        ---       ------                                        
                       ...|       |.....                                        
                       ..@%#######......                                        
                       ...|       |....                                         
                        ---                                                     
                                                                                
                                                                                
                                                                                
                                                                                
                                                                                
                                                                                
                                                                                
Agent the Gallant              St:13 Dx:10 Co:12 In:7 Wi:16 Ch:17 Lawful S:32   
Dlvl:1 $:0 HP:6(16) Pw:4(4) AC:3 Xp:1/8                                         

",0.0,False
76,down,,"

Your previous output did not contain a valid action. Defaulted to action: north

Observation:
message:


language observation:
horizontal wall near south
dark area near southwest and west
dark area very near southeast
horizontal wall adjacent north and northwest
northeast room corner adjacent northeast
vertical wall adjacent east
giant rat corpse adjacent southeast
stairs up adjacent south

cursor:
Yourself a knight
(x=25, y=11)

map:
                                                                                
                                                                                
                                                                                
                                                                                
                                                                                
                                                                                
                                                                                
                                                                                
                                                                                
                        ---       ------                                        
                       ..@|       |.....                                        
                       ..<%#######......                                        
                       ...|       |....                                         
                        ---                                                     
                                                                                
                                                                                
                                                                                
                                                                                
                                                                                
                                                                                
                                                                                
Agent the Gallant              St:13 Dx:10 Co:12 In:7 Wi:16 Ch:17 Lawful S:32   
Dlvl:1 $:0 HP:6(16) Pw:4(4) AC:3 Xp:1/8                                         

",0.0,False
77,down,,"

Your previous output did not contain a valid action. Defaulted to action: north

Observation:
message:
It's a wall.

language observation:
horizontal wall near south
dark area near southwest and west
dark area very near southeast
horizontal wall adjacent north and northwest
northeast room corner adjacent northeast
vertical wall adjacent east
giant rat corpse adjacent southeast
stairs up adjacent south

cursor:
Yourself a knight
(x=25, y=11)

map:
                                                                                
                                                                                
                                                                                
                                                                                
                                                                                
                                                                                
                                                                                
                                                                                
                                                                                
                        ---       ------                                        
                       ..@|       |.....                                        
                       ..<%#######......                                        
                       ...|       |....                                         
                        ---                                                     
                                                                                
                                                                                
                                                                                
                                                                                
                                                                                
                                                                                
                                                                                
Agent the Gallant              St:13 Dx:10 Co:12 In:7 Wi:16 Ch:17 Lawful S:32   
Dlvl:1 $:0 HP:6(16) Pw:4(4) AC:3 Xp:1/8                                         

",-0.01,False
78,south,,"message:


language observation:
dark area near west
horizontal wall very near north and south
dark area very near southwest and northwest
vertical wall adjacent northeast and southeast
giant rat corpse adjacent east

cursor:
Yourself a knight
(x=25, y=12)

map:
                                                                                
                                                                                
                                                                                
                                                                                
                                                                                
                                                                                
                                                                                
                                                                                
                                                                                
                        ---       ------                                        
                       ...|       |.....                                        
                       ..@%#######......                                        
                       ...|       |....                                         
                        ---                                                     
                                                                                
                                                                                
                                                                                
                                                                                
                                                                                
                                                                                
                                                                                
Agent the Gallant              St:13 Dx:10 Co:12 In:7 Wi:16 Ch:17 Lawful S:32   
Dlvl:1 $:0 HP:6(16) Pw:4(4) AC:3 Xp:1/8                                         

",0.0,False
79,down,,"

Your previous output did not contain a valid action. Defaulted to action: north

Observation:
message:


language observation:
horizontal wall near south
dark area near southwest and west
dark area very near southeast
horizontal wall adjacent north and northwest
northeast room corner adjacent northeast
vertical wall adjacent east
giant rat corpse adjacent southeast
stairs up adjacent south

cursor:
Yourself a knight
(x=25, y=11)

map:
                                                                                
                                                                                
                                                                                
                                                                                
                                                                                
                                                                                
                                                                                
                                                                                
                                                                                
                        ---       ------                                        
                       ..@|       |.....                                        
                       ..<%#######......                                        
                       ...|       |....                                         
                        ---                                                     
                                                                                
                                                                                
                                                                                
                                                                                
                                                                                
                                                                                
                                                                                
Agent the Gallant              St:13 Dx:10 Co:12 In:7 Wi:16 Ch:17 Lawful S:32   
Dlvl:1 $:0 HP:6(16) Pw:4(4) AC:3 Xp:1/8                                         

",0.0,False
80,down,,"

Your previous output did not contain a valid action. Defaulted to action: north

Observation:
message:
It's a wall.

language observation:
horizontal wall near south
dark area near southwest and west
dark area very near southeast
horizontal wall adjacent north and northwest
northeast room corner adjacent northeast
vertical wall adjacent east
giant rat corpse adjacent southeast
stairs up adjacent south

cursor:
Yourself a knight
(x=25, y=11)

map:
                                                                                
                                                                                
                                                                                
                                                                                
                                                                                
                                                                                
                                                                                
                                                                                
                                                                                
                        ---       ------                                        
                       ..@|       |.....                                        
                       ..<%#######......                                        
                       ...|       |....                                         
                        ---                                                     
                                                                                
                                                                                
                                                                                
                                                                                
                                                                                
                                                                                
                                                                                
Agent the Gallant              St:13 Dx:10 Co:12 In:7 Wi:16 Ch:17 Lawful S:32   
Dlvl:1 $:0 HP:6(16) Pw:4(4) AC:3 Xp:1/8                                         

",-0.01,False
81,south,,"message:


language observation:
dark area near west
horizontal wall very near north and south
dark area very near southwest and northwest
vertical wall adjacent northeast and southeast
giant rat corpse adjacent east

cursor:
Yourself a knight
(x=25, y=12)

map:
                                                                                
                                                                                
                                                                                
                                                                                
                                                                                
                                                                                
                                                                                
                                                                                
                                                                                
                        ---       ------                                        
                       ...|       |.....                                        
                       ..@%#######......                                        
                       ...|       |....                                         
                        ---                                                     
                                                                                
                                                                                
                                                                                
                                                                                
                                                                                
                                                                                
                                                                                
Agent the Gallant              St:13 Dx:10 Co:12 In:7 Wi:16 Ch:17 Lawful S:32   
Dlvl:1 $:0 HP:6(16) Pw:4(4) AC:3 Xp:1/8                                         

",0.0,False
82,down,,"

Your previous output did not contain a valid action. Defaulted to action: north

Observation:
message:


language observation:
horizontal wall near south
dark area near southwest and west
dark area very near southeast
horizontal wall adjacent north and northwest
northeast room corner adjacent northeast
vertical wall adjacent east
giant rat corpse adjacent southeast
stairs up adjacent south

cursor:
Yourself a knight
(x=25, y=11)

map:
                                                                                
                                                                                
                                                                                
                                                                                
                                                                                
                                                                                
                                                                                
                                                                                
                                                                                
                        ---       ------                                        
                       ..@|       |.....                                        
                       ..<%#######......                                        
                       ...|       |....                                         
                        ---                                                     
                                                                                
                                                                                
                                                                                
                                                                                
                                                                                
                                                                                
                                                                                
Agent the Gallant              St:13 Dx:10 Co:12 In:7 Wi:16 Ch:17 Lawful S:32   
Dlvl:1 $:0 HP:6(16) Pw:4(4) AC:3 Xp:1/8                                         

",0.0,False
83,down,,"

Your previous output did not contain a valid action. Defaulted to action: north

Observation:
message:
It's a wall.

language observation:
horizontal wall near south
dark area near southwest and west
dark area very near southeast
horizontal wall adjacent north and northwest
northeast room corner adjacent northeast
vertical wall adjacent east
giant rat corpse adjacent southeast
stairs up adjacent south

cursor:
Yourself a knight
(x=25, y=11)

map:
                                                                                
                                                                                
                                                                                
                                                                                
                                                                                
                                                                                
                                                                                
                                                                                
                                                                                
                        ---       ------                                        
                       ..@|       |.....                                        
                       ..<%#######......                                        
                       ...|       |....                                         
                        ---                                                     
                                                                                
                                                                                
                                                                                
                                                                                
                                                                                
                                                                                
                                                                                
Agent the Gallant              St:13 Dx:10 Co:12 In:7 Wi:16 Ch:17 Lawful S:32   
Dlvl:1 $:0 HP:6(16) Pw:4(4) AC:3 Xp:1/8                                         

",-0.01,False
84,south,,"message:


language observation:
dark area near west
horizontal wall very near north and south
dark area very near southwest and northwest
vertical wall adjacent northeast and southeast
giant rat corpse adjacent east

cursor:
Yourself a knight
(x=25, y=12)

map:
                                                                                
                                                                                
                                                                                
                                                                                
                                                                                
                                                                                
                                                                                
                                                                                
                                                                                
                        ---       ------                                        
                       ...|       |.....                                        
                       ..@%#######......                                        
                       ...|       |....                                         
                        ---                                                     
                                                                                
                                                                                
                                                                                
                                                                                
                                                                                
                                                                                
                                                                                
Agent the Gallant              St:13 Dx:10 Co:12 In:7 Wi:16 Ch:17 Lawful S:32   
Dlvl:1 $:0 HP:6(16) Pw:4(4) AC:3 Xp:1/8                                         

",0.0,False
85,down,,"

Your previous output did not contain a valid action. Defaulted to action: north

Observation:
message:


language observation:
horizontal wall near south
dark area near southwest and west
dark area very near southeast
horizontal wall adjacent north and northwest
northeast room corner adjacent northeast
vertical wall adjacent east
giant rat corpse adjacent southeast
stairs up adjacent south

cursor:
Yourself a knight
(x=25, y=11)

map:
                                                                                
                                                                                
                                                                                
                                                                                
                                                                                
                                                                                
                                                                                
                                                                                
                                                                                
                        ---       ------                                        
                       ..@|       |.....                                        
                       ..<%#######......                                        
                       ...|       |....                                         
                        ---                                                     
                                                                                
                                                                                
                                                                                
                                                                                
                                                                                
                                                                                
                                                                                
Agent the Gallant              St:13 Dx:10 Co:12 In:7 Wi:16 Ch:17 Lawful S:32   
Dlvl:1 $:0 HP:7(16) Pw:4(4) AC:3 Xp:1/8                                         

",0.0,False
86,south,,"message:


language observation:
dark area near west
horizontal wall very near north and south
dark area very near southwest and northwest
vertical wall adjacent northeast and southeast
giant rat corpse adjacent east

cursor:
Yourself a knight
(x=25, y=12)

map:
                                                                                
                                                                                
                                                                                
                                                                                
                                                                                
                                                                                
                                                                                
                                                                                
                                                                                
                        ---       ------                                        
                       ...|       |.....                                        
                       ..@%#######......                                        
                       ...|       |....                                         
                        ---                                                     
                                                                                
                                                                                
                                                                                
                                                                                
                                                                                
                                                                                
                                                                                
Agent the Gallant              St:13 Dx:10 Co:12 In:7 Wi:16 Ch:17 Lawful S:32   
Dlvl:1 $:0 HP:7(16) Pw:4(4) AC:3 Xp:1/8                                         

",0.0,False
87,down,,"

Your previous output did not contain a valid action. Defaulted to action: north

Observation:
message:


language observation:
horizontal wall near south
dark area near southwest and west
dark area very near southeast
horizontal wall adjacent north and northwest
northeast room corner adjacent northeast
vertical wall adjacent east
giant rat corpse adjacent southeast
stairs up adjacent south

cursor:
Yourself a knight
(x=25, y=11)

map:
                                                                                
                                                                                
                                                                                
                                                                                
                                                                                
                                                                                
                                                                                
                                                                                
                                                                                
                        ---       ------                                        
                       ..@|       |.....                                        
                       ..<%#######......                                        
                       ...|       |....                                         
                        ---                                                     
                                                                                
                                                                                
                                                                                
                                                                                
                                                                                
                                                                                
                                                                                
Agent the Gallant              St:13 Dx:10 Co:12 In:7 Wi:16 Ch:17 Lawful S:32   
Dlvl:1 $:0 HP:7(16) Pw:4(4) AC:3 Xp:1/8                                         

",0.0,False
88,south,,"message:


language observation:
dark area near west
horizontal wall very near north and south
dark area very near southwest and northwest
vertical wall adjacent northeast and southeast
giant rat corpse adjacent east

cursor:
Yourself a knight
(x=25, y=12)

map:
                                                                                
                                                                                
                                                                                
                                                                                
                                                                                
                                                                                
                                                                                
                                                                                
                                                                                
                        ---       ------                                        
                       ...|       |.....                                        
                       ..@%#######......                                        
                       ...|       |....                                         
                        ---                                                     
                                                                                
                                                                                
                                                                                
                                                                                
                                                                                
                                                                                
                                                                                
Agent the Gallant              St:13 Dx:10 Co:12 In:7 Wi:16 Ch:17 Lawful S:32   
Dlvl:1 $:0 HP:7(16) Pw:4(4) AC:3 Xp:1/8                                         

",0.0,False
89,down,,"

Your previous output did not contain a valid action. Defaulted to action: north

Observation:
message:


language observation:
horizontal wall near south
dark area near southwest and west
dark area very near southeast
horizontal wall adjacent north and northwest
northeast room corner adjacent northeast
vertical wall adjacent east
giant rat corpse adjacent southeast
stairs up adjacent south

cursor:
Yourself a knight
(x=25, y=11)

map:
                                                                                
                                                                                
                                                                                
                                                                                
                                                                                
                                                                                
                                                                                
                                                                                
                                                                                
                        ---       ------                                        
                       ..@|       |.....                                        
                       ..<%#######......                                        
                       ...|       |....                                         
                        ---                                                     
                                                                                
                                                                                
                                                                                
                                                                                
                                                                                
                                                                                
                                                                                
Agent the Gallant              St:13 Dx:10 Co:12 In:7 Wi:16 Ch:17 Lawful S:32   
Dlvl:1 $:0 HP:7(16) Pw:4(4) AC:3 Xp:1/8                                         

",0.0,False
90,south,,"message:


language observation:
dark area near west
horizontal wall very near north and south
dark area very near southwest and northwest
vertical wall adjacent northeast and southeast
giant rat corpse adjacent east

cursor:
Yourself a knight
(x=25, y=12)

map:
                                                                                
                                                                                
                                                                                
                                                                                
                                                                                
                                                                                
                                                                                
                                                                                
                                                                                
                        ---       ------                                        
                       ...|       |.....                                        
                       ..@%#######......                                        
                       ...|       |....                                         
                        ---                                                     
                                                                                
                                                                                
                                                                                
                                                                                
                                                                                
                                                                                
                                                                                
Agent the Gallant              St:13 Dx:10 Co:12 In:7 Wi:16 Ch:17 Lawful S:32   
Dlvl:1 $:0 HP:7(16) Pw:4(4) AC:3 Xp:1/8                                         

",0.0,False
91,down,,"

Your previous output did not contain a valid action. Defaulted to action: north

Observation:
message:


language observation:
horizontal wall near south
dark area near southwest and west
dark area very near southeast
horizontal wall adjacent north and northwest
northeast room corner adjacent northeast
vertical wall adjacent east
giant rat corpse adjacent southeast
stairs up adjacent south

cursor:
Yourself a knight
(x=25, y=11)

map:
                                                                                
                                                                                
                                                                                
                                                                                
                                                                                
                                                                                
                                                                                
                                                                                
                                                                                
                        ---       ------                                        
                       ..@|       |.....                                        
                       ..<%#######......                                        
                       ...|       |....                                         
                        ---                                                     
                                                                                
                                                                                
                                                                                
                                                                                
                                                                                
                                                                                
                                                                                
Agent the Gallant              St:13 Dx:10 Co:12 In:7 Wi:16 Ch:17 Lawful S:32   
Dlvl:1 $:0 HP:7(16) Pw:4(4) AC:3 Xp:1/8                                         

",0.0,False
92,south,,"message:


language observation:
dark area near west
horizontal wall very near north and south
dark area very near southwest and northwest
vertical wall adjacent northeast and southeast
giant rat adjacent east

cursor:
Yourself a knight
(x=25, y=12)

map:
                                                                                
                                                                                
                                                                                
                                                                                
                                                                                
                                                                                
                                                                                
                                                                                
                                                                                
                        ---       ------                                        
                       ...|       |.....                                        
                       ..@r#######......                                        
                       ...|       |....                                         
                        ---                                                     
                                                                                
                                                                                
                                                                                
                                                                                
                                                                                
                                                                                
                                                                                
Agent the Gallant              St:13 Dx:10 Co:12 In:7 Wi:16 Ch:17 Lawful S:32   
Dlvl:1 $:0 HP:7(16) Pw:4(4) AC:3 Xp:1/8                                         

",0.0,False
93,east,,"message:
You miss the giant rat.  The giant rat bites!

language observation:
dark area near west
horizontal wall very near north and south
dark area very near southwest and northwest
vertical wall adjacent northeast and southeast
giant rat adjacent east

cursor:
Yourself a knight
(x=25, y=12)

map:
                                                                                
                                                                                
                                                                                
                                                                                
                                                                                
                                                                                
                                                                                
                                                                                
                                                                                
                        ---       ------                                        
                       ...|       |.....                                        
                       ..@r#######......                                        
                       ...|       |....                                         
                        ---                                                     
                                                                                
                                                                                
                                                                                
                                                                                
                                                                                
                                                                                
                                                                                
Agent the Gallant              St:13 Dx:10 Co:12 In:7 Wi:16 Ch:17 Lawful S:32   
Dlvl:1 $:0 HP:4(16) Pw:4(4) AC:3 Xp:1/8                                         

",0.0,False
94,north,,"message:
The giant rat misses!

language observation:
horizontal wall near south
dark area near southwest and west
dark area very near southeast
horizontal wall adjacent north and northwest
northeast room corner adjacent northeast
vertical wall adjacent east
giant rat adjacent southeast
stairs up adjacent south

cursor:
Yourself a knight
(x=25, y=11)

map:
                                                                                
                                                                                
                                                                                
                                                                                
                                                                                
                                                                                
                                                                                
                                                                                
                                                                                
                        ---       ------                                        
                       ..@|       |.....                                        
                       ..<r#######......                                        
                       ...|       |....                                         
                        ---                                                     
                                                                                
                                                                                
                                                                                
                                                                                
                                                                                
                                                                                
                                                                                
Agent the Gallant              St:13 Dx:10 Co:12 In:7 Wi:16 Ch:17 Lawful S:32   
Dlvl:1 $:0 HP:4(16) Pw:4(4) AC:3 Xp:1/8                                         

",0.0,False
95,south,,"message:
The giant rat bites!

language observation:
dark area near west
horizontal wall very near north and south
dark area very near southwest and northwest
vertical wall adjacent northeast and southeast
giant rat adjacent east

cursor:
Yourself a knight
(x=25, y=12)

map:
                                                                                
                                                                                
                                                                                
                                                                                
                                                                                
                                                                                
                                                                                
                                                                                
                                                                                
                        ---       ------                                        
                       ...|       |.....                                        
                       ..@r#######......                                        
                       ...|       |....                                         
                        ---                                                     
                                                                                
                                                                                
                                                                                
                                                                                
                                                                                
                                                                                
                                                                                
Agent the Gallant              St:13 Dx:10 Co:12 In:7 Wi:16 Ch:17 Lawful S:32   
Dlvl:1 $:0 HP:2(16) Pw:4(4) AC:3 Xp:1/8                                         

",0.0,False
96,north,,"message:
The giant rat misses!

language observation:
horizontal wall near south
dark area near southwest and west
dark area very near southeast
horizontal wall adjacent north and northwest
northeast room corner adjacent northeast
vertical wall adjacent east
giant rat adjacent southeast
stairs up adjacent south

cursor:
Yourself a knight
(x=25, y=11)

map:
                                                                                
                                                                                
                                                                                
                                                                                
                                                                                
                                                                                
                                                                                
                                                                                
                                                                                
                        ---       ------                                        
                       ..@|       |.....                                        
                       ..<r#######......                                        
                       ...|       |....                                         
                        ---                                                     
                                                                                
                                                                                
                                                                                
                                                                                
                                                                                
                                                                                
                                                                                
Agent the Gallant              St:13 Dx:10 Co:12 In:7 Wi:16 Ch:17 Lawful S:32   
Dlvl:1 $:0 HP:2(16) Pw:4(4) AC:3 Xp:1/8                                         

",0.0,False
97,down,,"

Your previous output did not contain a valid action. Defaulted to action: north

Observation:
message:
It's a wall.

language observation:
horizontal wall near south
dark area near southwest and west
dark area very near southeast
horizontal wall adjacent north and northwest
northeast room corner adjacent northeast
vertical wall adjacent east
giant rat adjacent southeast
stairs up adjacent south

cursor:
Yourself a knight
(x=25, y=11)

map:
                                                                                
                                                                                
                                                                                
                                                                                
                                                                                
                                                                                
                                                                                
                                                                                
                                                                                
                        ---       ------                                        
                       ..@|       |.....                                        
                       ..<r#######......                                        
                       ...|       |....                                         
                        ---                                                     
                                                                                
                                                                                
                                                                                
                                                                                
                                                                                
                                                                                
                                                                                
Agent the Gallant              St:13 Dx:10 Co:12 In:7 Wi:16 Ch:17 Lawful S:32   
Dlvl:1 $:0 HP:2(16) Pw:4(4) AC:3 Xp:1/8                                         

",-0.01,False
98,south,,"message:


language observation:
dark area near west
horizontal wall very near north and south
dark area very near southwest and northwest
vertical wall adjacent northeast and southeast
giant rat adjacent east

cursor:
Yourself a knight
(x=25, y=12)

map:
                                                                                
                                                                                
                                                                                
                                                                                
                                                                                
                                                                                
                                                                                
                                                                                
                                                                                
                        ---       ------                                        
                       ...|       |.....                                        
                       ..@r#######......                                        
                       ...|       |....                                         
                        ---                                                     
                                                                                
                                                                                
                                                                                
                                                                                
                                                                                
                                                                                
                                                                                
Agent the Gallant              St:13 Dx:10 Co:12 In:7 Wi:16 Ch:17 Lawful S:32   
Dlvl:1 $:0 HP:2(16) Pw:4(4) AC:3 Xp:1/8                                         

",0.0,False
99,north,,"message:
 
You made the top ten list!
No  Points     Name
Hp [max]
1         32  Agent-Kni-Hum-Fem-Law died in The Dunge
eons of Doom on
level 1.  Killed by a giant rat.
-  [16]


language observation:
dark area adjacent east, southeast, and south

cursor:
very far eastsoutheast 
(x=23, y=9)

map:
You made the top ten list!                                                      
                                                                                
                           No  Points     Name                                  
                 Hp [max]                                                       
                           1         32  Agent-Kni-Hum-Fem-Law died in The Dunge
ons of Doom on                                                                  
                                        level 1.  Killed by a giant rat.        
                -  [16]                                                         
                                                                                
                                                                                
                                                                                
                                                                                
                                                                                
                                                                                
                                                                                
                                                                                
                                                                                
                                                                                
                                                                                
                                                                                
                                                                                
                                                                                
                                                                                

",0.0,True
