Step,Action,Reasoning,Observation,Reward,Done
0,north,,"message:


language observation:
bars far north, northnortheast, westsouthwest, westnorthwest, northwest, and northnorthwest
bars far north, northnortheast, westsouthwest, westnorthwest, northwest, and northnorthwest
dark area far north, west, and northwest
fountain far westsouthwest
fountains far westnorthwest
bars near northnortheast, westsouthwest, and westnorthwest
bars near northnortheast, westsouthwest, and westnorthwest
fountain near north
dark area near south and southwest
boulder near westnorthwest
boulders near northnorthwest
bars very near north, northnortheast, southsoutheast, south, southsouthwest, southwest, westsouthwest, westnorthwest, northwest, and northnorthwest
dark area very near northeast, east, and southeast
bars adjacent northeast, east, and southeast
stairs up adjacent south
boulder adjacent west

cursor:
Yourself a wizard
(x=42, y=15)

map:
                                                                                
                                                                                
                                                                                
                                                                                
                                                                                
                                                                                
                                                                                
                                  ##########                                    
                                  ####.#####                                    
                                  #.{....###                                    
                                  #....`...#                                    
                                  ##{###.`{#                                    
                                  ##.#######                                    
                                  ##..`.#..#                                    
                                  #......`@#                                    
                                  ##{...#.<#                                    
                                  ##########                                    
                                                                                
                                                                                
                                                                                
                                                                                
Agent the Evoker               St:7 Dx:16 Co:13 In:18 Wi:11 Ch:10 Neutral S:0   
Dlvl:1 $:0 HP:12(12) Pw:8(8) AC:9 Xp:1/0                                        

",-0.001,False
1,north,,"message:


language observation:
bars far westsouthwest, west, westnorthwest, and northnorthwest
bars far westsouthwest, west, westnorthwest, and northnorthwest
dark area far north, west, and northwest
fountain far westsouthwest
fountains far westnorthwest
bars near north, northnortheast, southsouthwest, westsouthwest, westnorthwest, and northnorthwest
bars near north, northnortheast, southsouthwest, westsouthwest, westnorthwest, and northnorthwest
dark area near south and southwest
boulder near west and northwest
fountain very near north
bars very near northnortheast, southsoutheast, southwest, west, and westnorthwest
dark area very near northeast, east, and southeast
stairs up very near south
boulder very near northnorthwest
bars adjacent north, northeast, east, southeast, and northwest
boulder adjacent southwest

cursor:
Yourself a wizard
(x=42, y=14)

map:
                                                                                
                                                                                
                                                                                
                                                                                
                                                                                
                                                                                
                                                                                
                                  ##########                                    
                                  ####.#####                                    
                                  #.{....###                                    
                                  #....`...#                                    
                                  ##{###.`{#                                    
                                  ##.#######                                    
                                  ##..`.#.@#                                    
                                  #......`.#                                    
                                  ##{...#.<#                                    
                                  ##########                                    
                                                                                
                                                                                
                                                                                
                                                                                
Agent the Evoker               St:7 Dx:16 Co:13 In:18 Wi:11 Ch:10 Neutral S:0   
Dlvl:1 $:0 HP:12(12) Pw:8(8) AC:9 Xp:1/0                                        

",-0.001,False
2,north,,"message:
You cannot pass through the bars.

language observation:
bars far westsouthwest, west, westnorthwest, and northnorthwest
bars far westsouthwest, west, westnorthwest, and northnorthwest
dark area far north, west, and northwest
fountain far westsouthwest
fountains far westnorthwest
bars near north, northnortheast, southsouthwest, westsouthwest, westnorthwest, and northnorthwest
bars near north, northnortheast, southsouthwest, westsouthwest, westnorthwest, and northnorthwest
dark area near south and southwest
boulder near west and northwest
fountain very near north
bars very near northnortheast, southsoutheast, southwest, west, and westnorthwest
dark area very near northeast, east, and southeast
stairs up very near south
boulder very near northnorthwest
bars adjacent north, northeast, east, southeast, and northwest
boulder adjacent southwest

cursor:
Yourself a wizard
(x=42, y=14)

map:
                                                                                
                                                                                
                                                                                
                                                                                
                                                                                
                                                                                
                                                                                
                                  ##########                                    
                                  ####.#####                                    
                                  #.{....###                                    
                                  #....`...#                                    
                                  ##{###.`{#                                    
                                  ##.#######                                    
                                  ##..`.#.@#                                    
                                  #......`.#                                    
                                  ##{...#.<#                                    
                                  ##########                                    
                                                                                
                                                                                
                                                                                
                                                                                
Agent the Evoker               St:7 Dx:16 Co:13 In:18 Wi:11 Ch:10 Neutral S:0   
Dlvl:1 $:0 HP:12(12) Pw:8(8) AC:9 Xp:1/0                                        

",-0.001,False
3,north,,"message:
You cannot pass through the bars.

language observation:
bars far westsouthwest, west, westnorthwest, and northnorthwest
bars far westsouthwest, west, westnorthwest, and northnorthwest
dark area far north, west, and northwest
fountain far westsouthwest
fountains far westnorthwest
bars near north, northnortheast, southsouthwest, westsouthwest, westnorthwest, and northnorthwest
bars near north, northnortheast, southsouthwest, westsouthwest, westnorthwest, and northnorthwest
dark area near south and southwest
boulder near west and northwest
fountain very near north
bars very near northnortheast, southsoutheast, southwest, west, and westnorthwest
dark area very near northeast, east, and southeast
stairs up very near south
boulder very near northnorthwest
bars adjacent north, northeast, east, southeast, and northwest
boulder adjacent southwest

cursor:
Yourself a wizard
(x=42, y=14)

map:
                                                                                
                                                                                
                                                                                
                                                                                
                                                                                
                                                                                
                                                                                
                                  ##########                                    
                                  ####.#####                                    
                                  #.{....###                                    
                                  #....`...#                                    
                                  ##{###.`{#                                    
                                  ##.#######                                    
                                  ##..`.#.@#                                    
                                  #......`.#                                    
                                  ##{...#.<#                                    
                                  ##########                                    
                                                                                
                                                                                
                                                                                
                                                                                
Agent the Evoker               St:7 Dx:16 Co:13 In:18 Wi:11 Ch:10 Neutral S:0   
Dlvl:1 $:0 HP:12(12) Pw:8(8) AC:9 Xp:1/0                                        

",-0.001,False
4,south,,"message:


language observation:
bars far north, northnortheast, westsouthwest, westnorthwest, northwest, and northnorthwest
bars far north, northnortheast, westsouthwest, westnorthwest, northwest, and northnorthwest
dark area far north, west, and northwest
fountain far westsouthwest
fountains far westnorthwest
bars near northnortheast, westsouthwest, and westnorthwest
bars near northnortheast, westsouthwest, and westnorthwest
fountain near north
dark area near south and southwest
boulder near westnorthwest
boulders near northnorthwest
bars very near north, northnortheast, southsoutheast, south, southsouthwest, southwest, westsouthwest, westnorthwest, northwest, and northnorthwest
dark area very near northeast, east, and southeast
bars adjacent northeast, east, and southeast
stairs up adjacent south
boulder adjacent west

cursor:
Yourself a wizard
(x=42, y=15)

map:
                                                                                
                                                                                
                                                                                
                                                                                
                                                                                
                                                                                
                                                                                
                                  ##########                                    
                                  ####.#####                                    
                                  #.{....###                                    
                                  #....`...#                                    
                                  ##{###.`{#                                    
                                  ##.#######                                    
                                  ##..`.#..#                                    
                                  #......`@#                                    
                                  ##{...#.<#                                    
                                  ##########                                    
                                                                                
                                                                                
                                                                                
                                                                                
Agent the Evoker               St:7 Dx:16 Co:13 In:18 Wi:11 Ch:10 Neutral S:0   
Dlvl:1 $:0 HP:12(12) Pw:8(8) AC:9 Xp:1/0                                        

",-0.001,False
5,west,,"message:
With great effort you move the boulder.

language observation:
bars far north, northnortheast, westsouthwest, westnorthwest, northwest, and northnorthwest
bars far north, northnortheast, westsouthwest, westnorthwest, northwest, and northnorthwest
dark area far north, west, and northwest
bars near northnortheast, westsouthwest, and westnorthwest
bars near northnortheast, westsouthwest, and westnorthwest
boulder near north, westnorthwest, and northnorthwest
fountain near northnortheast, westsouthwest, westnorthwest, and northwest
dark area near northeast, east, southeast, south, and southwest
bars very near north, northnortheast, northeast, eastnortheast, east, eastsoutheast, southeast, southsoutheast, south, southsouthwest, southwest, northwest, and northnorthwest
stairs up adjacent southeast
bars adjacent southwest and northwest
boulder adjacent west

cursor:
Yourself a wizard
(x=41, y=15)

map:
                                                                                
                                                                                
                                                                                
                                                                                
                                                                                
                                                                                
                                                                                
                                  ##########                                    
                                  ####.#####                                    
                                  #.{....###                                    
                                  #....`...#                                    
                                  ##{###.`{#                                    
                                  ##.#######                                    
                                  ##..`.#..#                                    
                                  #.....`@.#                                    
                                  ##{...#.<#                                    
                                  ##########                                    
                                                                                
                                                                                
                                                                                
                                                                                
Agent the Evoker               St:7 Dx:16 Co:13 In:18 Wi:11 Ch:10 Neutral S:0   
Dlvl:1 $:0 HP:12(12) Pw:8(8) AC:9 Xp:1/0                                        

",-0.001,False
6,west,,"message:


language observation:
bars far north, northnortheast, westsouthwest, westnorthwest, and northnorthwest
bars far north, northnortheast, westsouthwest, westnorthwest, and northnorthwest
dark area far north, west, and northwest
bars near northnortheast, eastnortheast, eastsoutheast, westsouthwest, westnorthwest, and northnorthwest
bars near northnortheast, eastnortheast, eastsoutheast, westsouthwest, westnorthwest, and northnorthwest
boulder near northnortheast and northnorthwest
fountain near northnortheast, westsouthwest, westnorthwest, and northnorthwest
dark area near northeast, east, southeast, south, and southwest
bars very near north, northnortheast, northeast, southeast, southsoutheast, south, southsouthwest, southwest, northwest, and northnorthwest
stairs up very near eastsoutheast
boulder very near westnorthwest
bars adjacent north and south
boulder adjacent west

cursor:
Yourself a wizard
(x=40, y=15)

map:
                                                                                
                                                                                
                                                                                
                                                                                
                                                                                
                                                                                
                                                                                
                                  ##########                                    
                                  ####.#####                                    
                                  #.{....###                                    
                                  #....`...#                                    
                                  ##{###.`{#                                    
                                  ##.#######                                    
                                  ##..`.#..#                                    
                                  #....`@..#                                    
                                  ##{...#.<#                                    
                                  ##########                                    
                                                                                
                                                                                
                                                                                
                                                                                
Agent the Evoker               St:7 Dx:16 Co:13 In:18 Wi:11 Ch:10 Neutral S:0   
Dlvl:1 $:0 HP:12(12) Pw:8(8) AC:9 Xp:1/0                                        

",-0.001,False
7,west,,"message:


language observation:
bars far north, northnortheast, and northnorthwest
dark area far north, west, and northwest
boulder near north and northnortheast
bars near northnortheast, eastnortheast, eastsoutheast, westsouthwest, westnorthwest, and northnorthwest
bars near northnortheast, eastnortheast, eastsoutheast, westsouthwest, westnorthwest, and northnorthwest
fountain near northeast, westsouthwest, northwest, and northnorthwest
dark area near northeast, east, southeast, south, and southwest
stairs up near eastsoutheast
bars very near north, northnortheast, northeast, southeast, southsoutheast, south, southsouthwest, southwest, northwest, and northnorthwest
bars adjacent northeast and southeast
boulder adjacent west and northwest

cursor:
Yourself a wizard
(x=39, y=15)

map:
                                                                                
                                                                                
                                                                                
                                                                                
                                                                                
                                                                                
                                                                                
                                  ##########                                    
                                  ####.#####                                    
                                  #.{....###                                    
                                  #....`...#                                    
                                  ##{###.`{#                                    
                                  ##.#######                                    
                                  ##..`.#..#                                    
                                  #...`@...#                                    
                                  ##{...#.<#                                    
                                  ##########                                    
                                                                                
                                                                                
                                                                                
                                                                                
Agent the Evoker               St:7 Dx:16 Co:13 In:18 Wi:11 Ch:10 Neutral S:0   
Dlvl:1 $:0 HP:12(12) Pw:8(8) AC:9 Xp:1/0                                        

",-0.001,False
8,west,,"message:


language observation:
bars far northnortheast and northnorthwest
bars far northnortheast and northnorthwest
dark area far north, northeast, and east
bars near northnortheast, eastnortheast, eastsoutheast, westsouthwest, westnorthwest, northwest, and northnorthwest
bars near northnortheast, eastnortheast, eastsoutheast, westsouthwest, westnorthwest, northwest, and northnorthwest
boulder near northnortheast and northeast
fountain near eastnortheast
fountains near northnorthwest
stairs up near eastsoutheast
dark area near southeast, south, southwest, west, and northwest
bars very near north, northnortheast, northeast, eastnortheast, eastsoutheast, southeast, southsoutheast, south, southsouthwest, southwest, and northnorthwest
fountain very near westsouthwest
boulder adjacent north and west

cursor:
Yourself a wizard
(x=38, y=15)

map:
                                                                                
                                                                                
                                                                                
                                                                                
                                                                                
                                                                                
                                                                                
                                  ##########                                    
                                  ####.#####                                    
                                  #.{....###                                    
                                  #....`...#                                    
                                  ##{###.`{#                                    
                                  ##.#######                                    
                                  ##..`.#..#                                    
                                  #..`@....#                                    
                                  ##{...#.<#                                    
                                  ##########                                    
                                                                                
                                                                                
                                                                                
                                                                                
Agent the Evoker               St:7 Dx:16 Co:13 In:18 Wi:11 Ch:10 Neutral S:0   
Dlvl:1 $:0 HP:12(12) Pw:8(8) AC:9 Xp:1/0                                        

",-0.001,False
9,west,,"message:


language observation:
bars far north, northnortheast, eastnortheast, eastsoutheast, and northnorthwest
bars far north, northnortheast, eastnortheast, eastsoutheast, and northnorthwest
dark area far north, northeast, and east
bars near northnortheast, eastnortheast, eastsoutheast, westsouthwest, westnorthwest, and northnorthwest
bars near northnortheast, eastnortheast, eastsoutheast, westsouthwest, westnorthwest, and northnorthwest
boulder near northnortheast and eastnortheast
fountain near eastnortheast
fountains near northnorthwest
stairs up near eastsoutheast
dark area near southeast, south, southwest, west, and northwest
bars very near north, northnortheast, northeast, southeast, southsoutheast, south, southsouthwest, southwest, westsouthwest, westnorthwest, and northwest
boulder adjacent northeast and west
fountain adjacent southwest

cursor:
Yourself a wizard
(x=37, y=15)

map:
                                                                                
                                                                                
                                                                                
                                                                                
                                                                                
                                                                                
                                                                                
                                  ##########                                    
                                  ####.#####                                    
                                  #.{....###                                    
                                  #....`...#                                    
                                  ##{###.`{#                                    
                                  ##.#######                                    
                                  ##..`.#..#                                    
                                  #.`@.....#                                    
                                  ##{...#.<#                                    
                                  ##########                                    
                                                                                
                                                                                
                                                                                
                                                                                
Agent the Evoker               St:7 Dx:16 Co:13 In:18 Wi:11 Ch:10 Neutral S:0   
Dlvl:1 $:0 HP:12(12) Pw:8(8) AC:9 Xp:1/0                                        

",-0.001,False
10,west,,"message:


language observation:
bars far north, northnortheast, northeast, eastnortheast, eastsoutheast, and northnorthwest
bars far north, northnortheast, northeast, eastnortheast, eastsoutheast, and northnorthwest
dark area far north, northeast, and east
fountain far eastnortheast
stairs up far eastsoutheast
fountains near north
boulder near northnortheast and eastnortheast
bars near northnortheast, northeast, eastnortheast, eastsoutheast, and northnorthwest
dark area near southeast, south, southwest, west, and northwest
bars very near northnortheast, northeast, southeast, southsoutheast, south, southsouthwest, southwest, westsouthwest, west, westnorthwest, northwest, and northnorthwest
boulder very near eastnortheast
fountain adjacent south
bars adjacent southwest and northwest
boulder adjacent west

cursor:
Yourself a wizard
(x=36, y=15)

map:
                                                                                
                                                                                
                                                                                
                                                                                
                                                                                
                                                                                
                                                                                
                                  ##########                                    
                                  ####.#####                                    
                                  #.{....###                                    
                                  #....`...#                                    
                                  ##{###.`{#                                    
                                  ##.#######                                    
                                  ##..`.#..#                                    
                                  #`@......#                                    
                                  ##{...#.<#                                    
                                  ##########                                    
                                                                                
                                                                                
                                                                                
                                                                                
Agent the Evoker               St:7 Dx:16 Co:13 In:18 Wi:11 Ch:10 Neutral S:0   
Dlvl:1 $:0 HP:12(12) Pw:8(8) AC:9 Xp:1/0                                        

",-0.001,False
11,north,,"message:


language observation:
bars far northnortheast, eastnortheast, eastsoutheast, and northnorthwest
bars far northnortheast, eastnortheast, eastsoutheast, and northnorthwest
dark area far north, northeast, and east
fountain far eastnortheast
stairs up far eastsoutheast
bars near northnortheast, eastnortheast, eastsoutheast, southsoutheast, southsouthwest, and northnorthwest
bars near northnortheast, eastnortheast, eastsoutheast, southsoutheast, southsouthwest, and northnorthwest
fountain near north
boulder near northeast and eastnortheast
dark area near southeast, south, southwest, west, and northwest
fountain very near north and south
bars very near northnortheast, northeast, eastnortheast, southsouthwest, southwest, westsouthwest, west, westnorthwest, northwest, and northnorthwest
boulder very near east
bars adjacent northeast, west, and northwest
boulder adjacent southwest

cursor:
Yourself a wizard
(x=36, y=14)

map:
                                                                                
                                                                                
                                                                                
                                                                                
                                                                                
                                                                                
                                                                                
                                  ##########                                    
                                  ####.#####                                    
                                  #.{....###                                    
                                  #....`...#                                    
                                  ##{###.`{#                                    
                                  ##.#######                                    
                                  ##@.`.#..#                                    
                                  #`.......#                                    
                                  ##{...#.<#                                    
                                  ##########                                    
                                                                                
                                                                                
                                                                                
                                                                                
Agent the Evoker               St:7 Dx:16 Co:13 In:18 Wi:11 Ch:10 Neutral S:0   
Dlvl:1 $:0 HP:12(12) Pw:8(8) AC:9 Xp:1/0                                        

",-0.001,False
12,west,,"message:
You cannot pass through the bars.

language observation:
bars far northnortheast, eastnortheast, eastsoutheast, and northnorthwest
bars far northnortheast, eastnortheast, eastsoutheast, and northnorthwest
dark area far north, northeast, and east
fountain far eastnortheast
stairs up far eastsoutheast
bars near northnortheast, eastnortheast, eastsoutheast, southsoutheast, southsouthwest, and northnorthwest
bars near northnortheast, eastnortheast, eastsoutheast, southsoutheast, southsouthwest, and northnorthwest
fountain near north
boulder near northeast and eastnortheast
dark area near southeast, south, southwest, west, and northwest
fountain very near north and south
bars very near northnortheast, northeast, eastnortheast, southsouthwest, southwest, westsouthwest, west, westnorthwest, northwest, and northnorthwest
boulder very near east
bars adjacent northeast, west, and northwest
boulder adjacent southwest

cursor:
Yourself a wizard
(x=36, y=14)

map:
                                                                                
                                                                                
                                                                                
                                                                                
                                                                                
                                                                                
                                                                                
                                  ##########                                    
                                  ####.#####                                    
                                  #.{....###                                    
                                  #....`...#                                    
                                  ##{###.`{#                                    
                                  ##.#######                                    
                                  ##@.`.#..#                                    
                                  #`.......#                                    
                                  ##{...#.<#                                    
                                  ##########                                    
                                                                                
                                                                                
                                                                                
                                                                                
Agent the Evoker               St:7 Dx:16 Co:13 In:18 Wi:11 Ch:10 Neutral S:0   
Dlvl:1 $:0 HP:12(12) Pw:8(8) AC:9 Xp:1/0                                        

",-0.001,False
13,south,,"message:


language observation:
bars far north, northnortheast, northeast, eastnortheast, eastsoutheast, and northnorthwest
bars far north, northnortheast, northeast, eastnortheast, eastsoutheast, and northnorthwest
dark area far north, northeast, and east
fountain far eastnortheast
stairs up far eastsoutheast
fountains near north
boulder near northnortheast and eastnortheast
bars near northnortheast, northeast, eastnortheast, eastsoutheast, and northnorthwest
dark area near southeast, south, southwest, west, and northwest
bars very near northnortheast, northeast, southeast, southsoutheast, south, southsouthwest, southwest, westsouthwest, west, westnorthwest, northwest, and northnorthwest
boulder very near eastnortheast
fountain adjacent south
bars adjacent southwest and northwest
boulder adjacent west

cursor:
Yourself a wizard
(x=36, y=15)

map:
                                                                                
                                                                                
                                                                                
                                                                                
                                                                                
                                                                                
                                                                                
                                  ##########                                    
                                  ####.#####                                    
                                  #.{....###                                    
                                  #....`...#                                    
                                  ##{###.`{#                                    
                                  ##.#######                                    
                                  ##..`.#..#                                    
                                  #`@......#                                    
                                  ##{...#.<#                                    
                                  ##########                                    
                                                                                
                                                                                
                                                                                
                                                                                
Agent the Evoker               St:7 Dx:16 Co:13 In:18 Wi:11 Ch:10 Neutral S:0   
Dlvl:1 $:0 HP:12(12) Pw:8(8) AC:9 Xp:1/0                                        

",-0.001,False
14,south,,"message:


language observation:
bars far north, northnortheast, northeast, eastnortheast, eastsoutheast, and northnorthwest
bars far north, northnortheast, northeast, eastnortheast, eastsoutheast, and northnorthwest
fountain far north and eastnortheast
dark area far north, northeast, and east
stairs up far east
fountain near north
boulder near northnortheast and eastnortheast
bars near northnortheast, eastnortheast, eastsoutheast, and northnorthwest
bars near northnortheast, eastnortheast, eastsoutheast, and northnorthwest
dark area near west and northwest
boulder very near northeast
bars very near eastsoutheast, westsouthwest, west, westnorthwest, northwest, and northnorthwest
dark area very near southeast, south, and southwest
bars adjacent southeast, south, southwest, and west
boulder adjacent northwest

cursor:
Yourself a wizard
(x=36, y=16)

map:
                                                                                
                                                                                
                                                                                
                                                                                
                                                                                
                                                                                
                                                                                
                                  ##########                                    
                                  ####.#####                                    
                                  #.{....###                                    
                                  #....`...#                                    
                                  ##{###.`{#                                    
                                  ##.#######                                    
                                  ##..`.#..#                                    
                                  #`.......#                                    
                                  ##@...#.<#                                    
                                  ##########                                    
                                                                                
                                                                                
                                                                                
                                                                                
Agent the Evoker               St:7 Dx:16 Co:13 In:18 Wi:11 Ch:10 Neutral S:0   
Dlvl:1 $:0 HP:12(12) Pw:8(8) AC:9 Xp:1/0                                        

",-0.001,False
15,north,,"message:


language observation:
bars far north, northnortheast, northeast, eastnortheast, eastsoutheast, and northnorthwest
bars far north, northnortheast, northeast, eastnortheast, eastsoutheast, and northnorthwest
dark area far north, northeast, and east
fountain far eastnortheast
stairs up far eastsoutheast
fountains near north
boulder near northnortheast and eastnortheast
bars near northnortheast, northeast, eastnortheast, eastsoutheast, and northnorthwest
dark area near southeast, south, southwest, west, and northwest
bars very near northnortheast, northeast, southeast, southsoutheast, south, southsouthwest, southwest, westsouthwest, west, westnorthwest, northwest, and northnorthwest
boulder very near eastnortheast
fountain adjacent south
bars adjacent southwest and northwest
boulder adjacent west

cursor:
Yourself a wizard
(x=36, y=15)

map:
                                                                                
                                                                                
                                                                                
                                                                                
                                                                                
                                                                                
                                                                                
                                  ##########                                    
                                  ####.#####                                    
                                  #.{....###                                    
                                  #....`...#                                    
                                  ##{###.`{#                                    
                                  ##.#######                                    
                                  ##..`.#..#                                    
                                  #`@......#                                    
                                  ##{...#.<#                                    
                                  ##########                                    
                                                                                
                                                                                
                                                                                
                                                                                
Agent the Evoker               St:7 Dx:16 Co:13 In:18 Wi:11 Ch:10 Neutral S:0   
Dlvl:1 $:0 HP:12(12) Pw:8(8) AC:9 Xp:1/0                                        

",-0.001,False
16,north,,"message:


language observation:
bars far northnortheast, eastnortheast, eastsoutheast, and northnorthwest
bars far northnortheast, eastnortheast, eastsoutheast, and northnorthwest
dark area far north, northeast, and east
fountain far eastnortheast
stairs up far eastsoutheast
bars near northnortheast, eastnortheast, eastsoutheast, southsoutheast, southsouthwest, and northnorthwest
bars near northnortheast, eastnortheast, eastsoutheast, southsoutheast, southsouthwest, and northnorthwest
fountain near north
boulder near northeast and eastnortheast
dark area near southeast, south, southwest, west, and northwest
fountain very near north and south
bars very near northnortheast, northeast, eastnortheast, southsouthwest, southwest, westsouthwest, west, westnorthwest, northwest, and northnorthwest
boulder very near east
bars adjacent northeast, west, and northwest
boulder adjacent southwest

cursor:
Yourself a wizard
(x=36, y=14)

map:
                                                                                
                                                                                
                                                                                
                                                                                
                                                                                
                                                                                
                                                                                
                                  ##########                                    
                                  ####.#####                                    
                                  #.{....###                                    
                                  #....`...#                                    
                                  ##{###.`{#                                    
                                  ##.#######                                    
                                  ##@.`.#..#                                    
                                  #`.......#                                    
                                  ##{...#.<#                                    
                                  ##########                                    
                                                                                
                                                                                
                                                                                
                                                                                
Agent the Evoker               St:7 Dx:16 Co:13 In:18 Wi:11 Ch:10 Neutral S:0   
Dlvl:1 $:0 HP:12(12) Pw:8(8) AC:9 Xp:1/0                                        

",-0.001,False
17,west,,"message:
You cannot pass through the bars.

language observation:
bars far northnortheast, eastnortheast, eastsoutheast, and northnorthwest
bars far northnortheast, eastnortheast, eastsoutheast, and northnorthwest
dark area far north, northeast, and east
fountain far eastnortheast
stairs up far eastsoutheast
bars near northnortheast, eastnortheast, eastsoutheast, southsoutheast, southsouthwest, and northnorthwest
bars near northnortheast, eastnortheast, eastsoutheast, southsoutheast, southsouthwest, and northnorthwest
fountain near north
boulder near northeast and eastnortheast
dark area near southeast, south, southwest, west, and northwest
fountain very near north and south
bars very near northnortheast, northeast, eastnortheast, southsouthwest, southwest, westsouthwest, west, westnorthwest, northwest, and northnorthwest
boulder very near east
bars adjacent northeast, west, and northwest
boulder adjacent southwest

cursor:
Yourself a wizard
(x=36, y=14)

map:
                                                                                
                                                                                
                                                                                
                                                                                
                                                                                
                                                                                
                                                                                
                                  ##########                                    
                                  ####.#####                                    
                                  #.{....###                                    
                                  #....`...#                                    
                                  ##{###.`{#                                    
                                  ##.#######                                    
                                  ##@.`.#..#                                    
                                  #`.......#                                    
                                  ##{...#.<#                                    
                                  ##########                                    
                                                                                
                                                                                
                                                                                
                                                                                
Agent the Evoker               St:7 Dx:16 Co:13 In:18 Wi:11 Ch:10 Neutral S:0   
Dlvl:1 $:0 HP:12(12) Pw:8(8) AC:9 Xp:1/0                                        

",-0.001,False
18,north,,"message:


language observation:
dark area far north, northeast, and east
bars far eastnortheast, east, and eastsoutheast
fountain far eastnortheast
stairs up far eastsoutheast
bars near north, northnortheast, northeast, eastnortheast, east, eastsoutheast, southsoutheast, southsouthwest, and northnorthwest
bars near north, northnortheast, northeast, eastnortheast, east, eastsoutheast, southsoutheast, southsouthwest, and northnorthwest
fountain near north and south
boulders near eastnortheast
dark area near southeast, south, southwest, west, and northwest
bars very near eastnortheast, east, southwest, westsouthwest, west, westnorthwest, and northwest
boulder very near eastsoutheast and southsouthwest
fountain adjacent north
bars adjacent northeast, east, southwest, west, and northwest

cursor:
Yourself a wizard
(x=36, y=13)

map:
                                                                                
                                                                                
                                                                                
                                                                                
                                                                                
                                                                                
                                                                                
                                  ##########                                    
                                  ####.#####                                    
                                  #.{....###                                    
                                  #....`...#                                    
                                  ##{###.`{#                                    
                                  ##@#######                                    
                                  ##..`.#..#                                    
                                  #`.......#                                    
                                  ##{...#.<#                                    
                                  ##########                                    
                                                                                
                                                                                
                                                                                
                                                                                
Agent the Evoker               St:7 Dx:16 Co:13 In:18 Wi:11 Ch:10 Neutral S:0   
Dlvl:1 $:0 HP:12(12) Pw:8(8) AC:9 Xp:1/0                                        

",-0.001,False
19,east,,"message:
You cannot pass through the bars.

language observation:
dark area far north, northeast, and east
bars far eastnortheast, east, and eastsoutheast
fountain far eastnortheast
stairs up far eastsoutheast
bars near north, northnortheast, northeast, eastnortheast, east, eastsoutheast, southsoutheast, southsouthwest, and northnorthwest
bars near north, northnortheast, northeast, eastnortheast, east, eastsoutheast, southsoutheast, southsouthwest, and northnorthwest
fountain near north and south
boulders near eastnortheast
dark area near southeast, south, southwest, west, and northwest
bars very near eastnortheast, east, southwest, westsouthwest, west, westnorthwest, and northwest
boulder very near eastsoutheast and southsouthwest
fountain adjacent north
bars adjacent northeast, east, southwest, west, and northwest

cursor:
Yourself a wizard
(x=36, y=13)

map:
                                                                                
                                                                                
                                                                                
                                                                                
                                                                                
                                                                                
                                                                                
                                  ##########                                    
                                  ####.#####                                    
                                  #.{....###                                    
                                  #....`...#                                    
                                  ##{###.`{#                                    
                                  ##@#######                                    
                                  ##..`.#..#                                    
                                  #`.......#                                    
                                  ##{...#.<#                                    
                                  ##########                                    
                                                                                
                                                                                
                                                                                
                                                                                
Agent the Evoker               St:7 Dx:16 Co:13 In:18 Wi:11 Ch:10 Neutral S:0   
Dlvl:1 $:0 HP:12(12) Pw:8(8) AC:9 Xp:1/0                                        

",-0.001,False
20,south,,"message:


language observation:
bars far northnortheast, eastnortheast, eastsoutheast, and northnorthwest
bars far northnortheast, eastnortheast, eastsoutheast, and northnorthwest
dark area far north, northeast, and east
fountain far eastnortheast
stairs up far eastsoutheast
bars near northnortheast, eastnortheast, eastsoutheast, southsoutheast, southsouthwest, and northnorthwest
bars near northnortheast, eastnortheast, eastsoutheast, southsoutheast, southsouthwest, and northnorthwest
fountain near north
boulder near northeast and eastnortheast
dark area near southeast, south, southwest, west, and northwest
fountain very near north and south
bars very near northnortheast, northeast, eastnortheast, southsouthwest, southwest, westsouthwest, west, westnorthwest, northwest, and northnorthwest
boulder very near east
bars adjacent northeast, west, and northwest
boulder adjacent southwest

cursor:
Yourself a wizard
(x=36, y=14)

map:
                                                                                
                                                                                
                                                                                
                                                                                
                                                                                
                                                                                
                                                                                
                                  ##########                                    
                                  ####.#####                                    
                                  #.{....###                                    
                                  #....`...#                                    
                                  ##{###.`{#                                    
                                  ##.#######                                    
                                  ##@.`.#..#                                    
                                  #`.......#                                    
                                  ##{...#.<#                                    
                                  ##########                                    
                                                                                
                                                                                
                                                                                
                                                                                
Agent the Evoker               St:7 Dx:16 Co:13 In:18 Wi:11 Ch:10 Neutral S:0   
Dlvl:1 $:0 HP:12(12) Pw:8(8) AC:9 Xp:1/0                                        

",-0.001,False
21,south,,"message:


language observation:
bars far north, northnortheast, northeast, eastnortheast, eastsoutheast, and northnorthwest
bars far north, northnortheast, northeast, eastnortheast, eastsoutheast, and northnorthwest
dark area far north, northeast, and east
fountain far eastnortheast
stairs up far eastsoutheast
fountains near north
boulder near northnortheast and eastnortheast
bars near northnortheast, northeast, eastnortheast, eastsoutheast, and northnorthwest
dark area near southeast, south, southwest, west, and northwest
bars very near northnortheast, northeast, southeast, southsoutheast, south, southsouthwest, southwest, westsouthwest, west, westnorthwest, northwest, and northnorthwest
boulder very near eastnortheast
fountain adjacent south
bars adjacent southwest and northwest
boulder adjacent west

cursor:
Yourself a wizard
(x=36, y=15)

map:
                                                                                
                                                                                
                                                                                
                                                                                
                                                                                
                                                                                
                                                                                
                                  ##########                                    
                                  ####.#####                                    
                                  #.{....###                                    
                                  #....`...#                                    
                                  ##{###.`{#                                    
                                  ##.#######                                    
                                  ##..`.#..#                                    
                                  #`@......#                                    
                                  ##{...#.<#                                    
                                  ##########                                    
                                                                                
                                                                                
                                                                                
                                                                                
Agent the Evoker               St:7 Dx:16 Co:13 In:18 Wi:11 Ch:10 Neutral S:0   
Dlvl:1 $:0 HP:12(12) Pw:8(8) AC:9 Xp:1/0                                        

",-0.001,False
22,north,,"message:


language observation:
bars far northnortheast, eastnortheast, eastsoutheast, and northnorthwest
bars far northnortheast, eastnortheast, eastsoutheast, and northnorthwest
dark area far north, northeast, and east
fountain far eastnortheast
stairs up far eastsoutheast
bars near northnortheast, eastnortheast, eastsoutheast, southsoutheast, southsouthwest, and northnorthwest
bars near northnortheast, eastnortheast, eastsoutheast, southsoutheast, southsouthwest, and northnorthwest
fountain near north
boulder near northeast and eastnortheast
dark area near southeast, south, southwest, west, and northwest
fountain very near north and south
bars very near northnortheast, northeast, eastnortheast, southsouthwest, southwest, westsouthwest, west, westnorthwest, northwest, and northnorthwest
boulder very near east
bars adjacent northeast, west, and northwest
boulder adjacent southwest

cursor:
Yourself a wizard
(x=36, y=14)

map:
                                                                                
                                                                                
                                                                                
                                                                                
                                                                                
                                                                                
                                                                                
                                  ##########                                    
                                  ####.#####                                    
                                  #.{....###                                    
                                  #....`...#                                    
                                  ##{###.`{#                                    
                                  ##.#######                                    
                                  ##@.`.#..#                                    
                                  #`.......#                                    
                                  ##{...#.<#                                    
                                  ##########                                    
                                                                                
                                                                                
                                                                                
                                                                                
Agent the Evoker               St:7 Dx:16 Co:13 In:18 Wi:11 Ch:10 Neutral S:0   
Dlvl:1 $:0 HP:12(12) Pw:8(8) AC:9 Xp:1/0                                        

",-0.001,False
23,south,,"message:


language observation:
bars far north, northnortheast, northeast, eastnortheast, eastsoutheast, and northnorthwest
bars far north, northnortheast, northeast, eastnortheast, eastsoutheast, and northnorthwest
dark area far north, northeast, and east
fountain far eastnortheast
stairs up far eastsoutheast
fountains near north
boulder near northnortheast and eastnortheast
bars near northnortheast, northeast, eastnortheast, eastsoutheast, and northnorthwest
dark area near southeast, south, southwest, west, and northwest
bars very near northnortheast, northeast, southeast, southsoutheast, south, southsouthwest, southwest, westsouthwest, west, westnorthwest, northwest, and northnorthwest
boulder very near eastnortheast
fountain adjacent south
bars adjacent southwest and northwest
boulder adjacent west

cursor:
Yourself a wizard
(x=36, y=15)

map:
                                                                                
                                                                                
                                                                                
                                                                                
                                                                                
                                                                                
                                                                                
                                  ##########                                    
                                  ####.#####                                    
                                  #.{....###                                    
                                  #....`...#                                    
                                  ##{###.`{#                                    
                                  ##.#######                                    
                                  ##..`.#..#                                    
                                  #`@......#                                    
                                  ##{...#.<#                                    
                                  ##########                                    
                                                                                
                                                                                
                                                                                
                                                                                
Agent the Evoker               St:7 Dx:16 Co:13 In:18 Wi:11 Ch:10 Neutral S:0   
Dlvl:1 $:0 HP:12(12) Pw:8(8) AC:9 Xp:1/0                                        

",-0.001,False
24,north,,"message:


language observation:
bars far northnortheast, eastnortheast, eastsoutheast, and northnorthwest
bars far northnortheast, eastnortheast, eastsoutheast, and northnorthwest
dark area far north, northeast, and east
fountain far eastnortheast
stairs up far eastsoutheast
bars near northnortheast, eastnortheast, eastsoutheast, southsoutheast, southsouthwest, and northnorthwest
bars near northnortheast, eastnortheast, eastsoutheast, southsoutheast, southsouthwest, and northnorthwest
fountain near north
boulder near northeast and eastnortheast
dark area near southeast, south, southwest, west, and northwest
fountain very near north and south
bars very near northnortheast, northeast, eastnortheast, southsouthwest, southwest, westsouthwest, west, westnorthwest, northwest, and northnorthwest
boulder very near east
bars adjacent northeast, west, and northwest
boulder adjacent southwest

cursor:
Yourself a wizard
(x=36, y=14)

map:
                                                                                
                                                                                
                                                                                
                                                                                
                                                                                
                                                                                
                                                                                
                                  ##########                                    
                                  ####.#####                                    
                                  #.{....###                                    
                                  #....`...#                                    
                                  ##{###.`{#                                    
                                  ##.#######                                    
                                  ##@.`.#..#                                    
                                  #`.......#                                    
                                  ##{...#.<#                                    
                                  ##########                                    
                                                                                
                                                                                
                                                                                
                                                                                
Agent the Evoker               St:7 Dx:16 Co:13 In:18 Wi:11 Ch:10 Neutral S:0   
Dlvl:1 $:0 HP:12(12) Pw:8(8) AC:9 Xp:1/0                                        

",-0.001,False
25,north,,"message:


language observation:
dark area far north, northeast, and east
bars far eastnortheast, east, and eastsoutheast
fountain far eastnortheast
stairs up far eastsoutheast
bars near north, northnortheast, northeast, eastnortheast, east, eastsoutheast, southsoutheast, southsouthwest, and northnorthwest
bars near north, northnortheast, northeast, eastnortheast, east, eastsoutheast, southsoutheast, southsouthwest, and northnorthwest
fountain near north and south
boulders near eastnortheast
dark area near southeast, south, southwest, west, and northwest
bars very near eastnortheast, east, southwest, westsouthwest, west, westnorthwest, and northwest
boulder very near eastsoutheast and southsouthwest
fountain adjacent north
bars adjacent northeast, east, southwest, west, and northwest

cursor:
Yourself a wizard
(x=36, y=13)

map:
                                                                                
                                                                                
                                                                                
                                                                                
                                                                                
                                                                                
                                                                                
                                  ##########                                    
                                  ####.#####                                    
                                  #.{....###                                    
                                  #....`...#                                    
                                  ##{###.`{#                                    
                                  ##@#######                                    
                                  ##..`.#..#                                    
                                  #`.......#                                    
                                  ##{...#.<#                                    
                                  ##########                                    
                                                                                
                                                                                
                                                                                
                                                                                
Agent the Evoker               St:7 Dx:16 Co:13 In:18 Wi:11 Ch:10 Neutral S:0   
Dlvl:1 $:0 HP:12(12) Pw:8(8) AC:9 Xp:1/0                                        

",-0.001,False
26,north,,"message:


language observation:
bars far eastnortheast and eastsoutheast
bars far eastnortheast and eastsoutheast
fountain far east
dark area far east, southeast, and south
stairs up far eastsoutheast
bars near north, northnortheast, northeast, eastnortheast, eastsoutheast, southeast, southsoutheast, southsouthwest, and northnorthwest
bars near north, northnortheast, northeast, eastnortheast, eastsoutheast, southeast, southsoutheast, southsouthwest, and northnorthwest
dark area near north, northeast, southwest, west, and northwest
boulder near eastnortheast, east, and southsouthwest
fountain near south
fountain very near north
bars very near east, eastsoutheast, southsouthwest, southwest, westsouthwest, west, westnorthwest, and northwest
boulder very near southeast
bars adjacent east, southeast, southwest, and west

cursor:
Yourself a wizard
(x=36, y=12)

map:
                                                                                
                                                                                
                                                                                
                                                                                
                                                                                
                                                                                
                                                                                
                                  ##########                                    
                                  ####.#####                                    
                                  #.{....###                                    
                                  #....`...#                                    
                                  ##@###.`{#                                    
                                  ##.#######                                    
                                  ##..`.#..#                                    
                                  #`.......#                                    
                                  ##{...#.<#                                    
                                  ##########                                    
                                                                                
                                                                                
                                                                                
                                                                                
Agent the Evoker               St:7 Dx:16 Co:13 In:18 Wi:11 Ch:10 Neutral S:0   
Dlvl:1 $:0 HP:12(12) Pw:8(8) AC:9 Xp:1/0                                        

",-0.001,False
27,south,,"message:


language observation:
dark area far north, northeast, and east
bars far eastnortheast, east, and eastsoutheast
fountain far eastnortheast
stairs up far eastsoutheast
bars near north, northnortheast, northeast, eastnortheast, east, eastsoutheast, southsoutheast, southsouthwest, and northnorthwest
bars near north, northnortheast, northeast, eastnortheast, east, eastsoutheast, southsoutheast, southsouthwest, and northnorthwest
fountain near north and south
boulders near eastnortheast
dark area near southeast, south, southwest, west, and northwest
bars very near eastnortheast, east, southwest, westsouthwest, west, westnorthwest, and northwest
boulder very near eastsoutheast and southsouthwest
fountain adjacent north
bars adjacent northeast, east, southwest, west, and northwest

cursor:
Yourself a wizard
(x=36, y=13)

map:
                                                                                
                                                                                
                                                                                
                                                                                
                                                                                
                                                                                
                                                                                
                                  ##########                                    
                                  ####.#####                                    
                                  #.{....###                                    
                                  #....`...#                                    
                                  ##{###.`{#                                    
                                  ##@#######                                    
                                  ##..`.#..#                                    
                                  #`.......#                                    
                                  ##{...#.<#                                    
                                  ##########                                    
                                                                                
                                                                                
                                                                                
                                                                                
Agent the Evoker               St:7 Dx:16 Co:13 In:18 Wi:11 Ch:10 Neutral S:0   
Dlvl:1 $:0 HP:12(12) Pw:8(8) AC:9 Xp:1/0                                        

",-0.001,False
28,north,,"message:


language observation:
bars far eastnortheast and eastsoutheast
bars far eastnortheast and eastsoutheast
fountain far east
dark area far east, southeast, and south
stairs up far eastsoutheast
bars near north, northnortheast, northeast, eastnortheast, eastsoutheast, southeast, southsoutheast, southsouthwest, and northnorthwest
bars near north, northnortheast, northeast, eastnortheast, eastsoutheast, southeast, southsoutheast, southsouthwest, and northnorthwest
dark area near north, northeast, southwest, west, and northwest
boulder near eastnortheast, east, and southsouthwest
fountain near south
fountain very near north
bars very near east, eastsoutheast, southsouthwest, southwest, westsouthwest, west, westnorthwest, and northwest
boulder very near southeast
bars adjacent east, southeast, southwest, and west

cursor:
Yourself a wizard
(x=36, y=12)

map:
                                                                                
                                                                                
                                                                                
                                                                                
                                                                                
                                                                                
                                                                                
                                  ##########                                    
                                  ####.#####                                    
                                  #.{....###                                    
                                  #....`...#                                    
                                  ##@###.`{#                                    
                                  ##.#######                                    
                                  ##..`.#..#                                    
                                  #`.......#                                    
                                  ##{...#.<#                                    
                                  ##########                                    
                                                                                
                                                                                
                                                                                
                                                                                
Agent the Evoker               St:7 Dx:16 Co:13 In:18 Wi:11 Ch:10 Neutral S:0   
Dlvl:1 $:0 HP:12(12) Pw:8(8) AC:9 Xp:1/0                                        

",-0.001,False
29,south,,"message:


language observation:
dark area far north, northeast, and east
bars far eastnortheast, east, and eastsoutheast
fountain far eastnortheast
stairs up far eastsoutheast
bars near north, northnortheast, northeast, eastnortheast, east, eastsoutheast, southsoutheast, southsouthwest, and northnorthwest
bars near north, northnortheast, northeast, eastnortheast, east, eastsoutheast, southsoutheast, southsouthwest, and northnorthwest
fountain near north and south
boulders near eastnortheast
dark area near southeast, south, southwest, west, and northwest
bars very near eastnortheast, east, southwest, westsouthwest, west, westnorthwest, and northwest
boulder very near eastsoutheast and southsouthwest
fountain adjacent north
bars adjacent northeast, east, southwest, west, and northwest

cursor:
Yourself a wizard
(x=36, y=13)

map:
                                                                                
                                                                                
                                                                                
                                                                                
                                                                                
                                                                                
                                                                                
                                  ##########                                    
                                  ####.#####                                    
                                  #.{....###                                    
                                  #....`...#                                    
                                  ##{###.`{#                                    
                                  ##@#######                                    
                                  ##..`.#..#                                    
                                  #`.......#                                    
                                  ##{...#.<#                                    
                                  ##########                                    
                                                                                
                                                                                
                                                                                
                                                                                
Agent the Evoker               St:7 Dx:16 Co:13 In:18 Wi:11 Ch:10 Neutral S:0   
Dlvl:1 $:0 HP:12(12) Pw:8(8) AC:9 Xp:1/0                                        

",-0.001,False
30,north,,"message:


language observation:
bars far eastnortheast and eastsoutheast
bars far eastnortheast and eastsoutheast
fountain far east
dark area far east, southeast, and south
stairs up far eastsoutheast
bars near north, northnortheast, northeast, eastnortheast, eastsoutheast, southeast, southsoutheast, southsouthwest, and northnorthwest
bars near north, northnortheast, northeast, eastnortheast, eastsoutheast, southeast, southsoutheast, southsouthwest, and northnorthwest
dark area near north, northeast, southwest, west, and northwest
boulder near eastnortheast, east, and southsouthwest
fountain near south
fountain very near north
bars very near east, eastsoutheast, southsouthwest, southwest, westsouthwest, west, westnorthwest, and northwest
boulder very near southeast
bars adjacent east, southeast, southwest, and west

cursor:
Yourself a wizard
(x=36, y=12)

map:
                                                                                
                                                                                
                                                                                
                                                                                
                                                                                
                                                                                
                                                                                
                                  ##########                                    
                                  ####.#####                                    
                                  #.{....###                                    
                                  #....`...#                                    
                                  ##@###.`{#                                    
                                  ##.#######                                    
                                  ##..`.#..#                                    
                                  #`.......#                                    
                                  ##{...#.<#                                    
                                  ##########                                    
                                                                                
                                                                                
                                                                                
                                                                                
Agent the Evoker               St:7 Dx:16 Co:13 In:18 Wi:11 Ch:10 Neutral S:0   
Dlvl:1 $:0 HP:12(12) Pw:8(8) AC:9 Xp:1/0                                        

",-0.001,False
31,east,,"message:
You cannot pass through the bars.

language observation:
bars far eastnortheast and eastsoutheast
bars far eastnortheast and eastsoutheast
fountain far east
dark area far east, southeast, and south
stairs up far eastsoutheast
bars near north, northnortheast, northeast, eastnortheast, eastsoutheast, southeast, southsoutheast, southsouthwest, and northnorthwest
bars near north, northnortheast, northeast, eastnortheast, eastsoutheast, southeast, southsoutheast, southsouthwest, and northnorthwest
dark area near north, northeast, southwest, west, and northwest
boulder near eastnortheast, east, and southsouthwest
fountain near south
fountain very near north
bars very near east, eastsoutheast, southsouthwest, southwest, westsouthwest, west, westnorthwest, and northwest
boulder very near southeast
bars adjacent east, southeast, southwest, and west

cursor:
Yourself a wizard
(x=36, y=12)

map:
                                                                                
                                                                                
                                                                                
                                                                                
                                                                                
                                                                                
                                                                                
                                  ##########                                    
                                  ####.#####                                    
                                  #.{....###                                    
                                  #....`...#                                    
                                  ##@###.`{#                                    
                                  ##.#######                                    
                                  ##..`.#..#                                    
                                  #`.......#                                    
                                  ##{...#.<#                                    
                                  ##########                                    
                                                                                
                                                                                
                                                                                
                                                                                
Agent the Evoker               St:7 Dx:16 Co:13 In:18 Wi:11 Ch:10 Neutral S:0   
Dlvl:1 $:0 HP:12(12) Pw:8(8) AC:9 Xp:1/0                                        

",-0.001,False
32,south,,"message:


language observation:
dark area far north, northeast, and east
bars far eastnortheast, east, and eastsoutheast
fountain far eastnortheast
stairs up far eastsoutheast
bars near north, northnortheast, northeast, eastnortheast, east, eastsoutheast, southsoutheast, southsouthwest, and northnorthwest
bars near north, northnortheast, northeast, eastnortheast, east, eastsoutheast, southsoutheast, southsouthwest, and northnorthwest
fountain near north and south
boulders near eastnortheast
dark area near southeast, south, southwest, west, and northwest
bars very near eastnortheast, east, southwest, westsouthwest, west, westnorthwest, and northwest
boulder very near eastsoutheast and southsouthwest
fountain adjacent north
bars adjacent northeast, east, southwest, west, and northwest

cursor:
Yourself a wizard
(x=36, y=13)

map:
                                                                                
                                                                                
                                                                                
                                                                                
                                                                                
                                                                                
                                                                                
                                  ##########                                    
                                  ####.#####                                    
                                  #.{....###                                    
                                  #....`...#                                    
                                  ##{###.`{#                                    
                                  ##@#######                                    
                                  ##..`.#..#                                    
                                  #`.......#                                    
                                  ##{...#.<#                                    
                                  ##########                                    
                                                                                
                                                                                
                                                                                
                                                                                
Agent the Evoker               St:7 Dx:16 Co:13 In:18 Wi:11 Ch:10 Neutral S:0   
Dlvl:1 $:0 HP:12(12) Pw:8(8) AC:9 Xp:1/0                                        

",-0.001,False
33,north,,"message:


language observation:
bars far eastnortheast and eastsoutheast
bars far eastnortheast and eastsoutheast
fountain far east
dark area far east, southeast, and south
stairs up far eastsoutheast
bars near north, northnortheast, northeast, eastnortheast, eastsoutheast, southeast, southsoutheast, southsouthwest, and northnorthwest
bars near north, northnortheast, northeast, eastnortheast, eastsoutheast, southeast, southsoutheast, southsouthwest, and northnorthwest
dark area near north, northeast, southwest, west, and northwest
boulder near eastnortheast, east, and southsouthwest
fountain near south
fountain very near north
bars very near east, eastsoutheast, southsouthwest, southwest, westsouthwest, west, westnorthwest, and northwest
boulder very near southeast
bars adjacent east, southeast, southwest, and west

cursor:
Yourself a wizard
(x=36, y=12)

map:
                                                                                
                                                                                
                                                                                
                                                                                
                                                                                
                                                                                
                                                                                
                                  ##########                                    
                                  ####.#####                                    
                                  #.{....###                                    
                                  #....`...#                                    
                                  ##@###.`{#                                    
                                  ##.#######                                    
                                  ##..`.#..#                                    
                                  #`.......#                                    
                                  ##{...#.<#                                    
                                  ##########                                    
                                                                                
                                                                                
                                                                                
                                                                                
Agent the Evoker               St:7 Dx:16 Co:13 In:18 Wi:11 Ch:10 Neutral S:0   
Dlvl:1 $:0 HP:12(12) Pw:8(8) AC:9 Xp:1/0                                        

",-0.001,False
34,south,,"message:


language observation:
dark area far north, northeast, and east
bars far eastnortheast, east, and eastsoutheast
fountain far eastnortheast
stairs up far eastsoutheast
bars near north, northnortheast, northeast, eastnortheast, east, eastsoutheast, southsoutheast, southsouthwest, and northnorthwest
bars near north, northnortheast, northeast, eastnortheast, east, eastsoutheast, southsoutheast, southsouthwest, and northnorthwest
fountain near north and south
boulders near eastnortheast
dark area near southeast, south, southwest, west, and northwest
bars very near eastnortheast, east, southwest, westsouthwest, west, westnorthwest, and northwest
boulder very near eastsoutheast and southsouthwest
fountain adjacent north
bars adjacent northeast, east, southwest, west, and northwest

cursor:
Yourself a wizard
(x=36, y=13)

map:
                                                                                
                                                                                
                                                                                
                                                                                
                                                                                
                                                                                
                                                                                
                                  ##########                                    
                                  ####.#####                                    
                                  #.{....###                                    
                                  #....`...#                                    
                                  ##{###.`{#                                    
                                  ##@#######                                    
                                  ##..`.#..#                                    
                                  #`.......#                                    
                                  ##{...#.<#                                    
                                  ##########                                    
                                                                                
                                                                                
                                                                                
                                                                                
Agent the Evoker               St:7 Dx:16 Co:13 In:18 Wi:11 Ch:10 Neutral S:0   
Dlvl:1 $:0 HP:12(12) Pw:8(8) AC:9 Xp:1/0                                        

",-0.001,False
35,north,,"message:


language observation:
bars far eastnortheast and eastsoutheast
bars far eastnortheast and eastsoutheast
fountain far east
dark area far east, southeast, and south
stairs up far eastsoutheast
bars near north, northnortheast, northeast, eastnortheast, eastsoutheast, southeast, southsoutheast, southsouthwest, and northnorthwest
bars near north, northnortheast, northeast, eastnortheast, eastsoutheast, southeast, southsoutheast, southsouthwest, and northnorthwest
dark area near north, northeast, southwest, west, and northwest
boulder near eastnortheast, east, and southsouthwest
fountain near south
fountain very near north
bars very near east, eastsoutheast, southsouthwest, southwest, westsouthwest, west, westnorthwest, and northwest
boulder very near southeast
bars adjacent east, southeast, southwest, and west

cursor:
Yourself a wizard
(x=36, y=12)

map:
                                                                                
                                                                                
                                                                                
                                                                                
                                                                                
                                                                                
                                                                                
                                  ##########                                    
                                  ####.#####                                    
                                  #.{....###                                    
                                  #....`...#                                    
                                  ##@###.`{#                                    
                                  ##.#######                                    
                                  ##..`.#..#                                    
                                  #`.......#                                    
                                  ##{...#.<#                                    
                                  ##########                                    
                                                                                
                                                                                
                                                                                
                                                                                
Agent the Evoker               St:7 Dx:16 Co:13 In:18 Wi:11 Ch:10 Neutral S:0   
Dlvl:1 $:0 HP:12(12) Pw:8(8) AC:9 Xp:1/0                                        

",-0.001,False
36,"Ill output south
south",,"

Your previous output did not contain a valid action. Defaulted to action: north

Observation:
message:


language observation:
bars far eastnortheast, eastsoutheast, southsoutheast, and southsouthwest
bars far eastnortheast, eastsoutheast, southsoutheast, and southsouthwest
dark area far east, southeast, and south
fountain far eastsoutheast
stairs up far eastsoutheast
bars near northnortheast, eastnortheast, eastsoutheast, southsouthwest, and northnorthwest
bars near northnortheast, eastnortheast, eastsoutheast, southsouthwest, and northnorthwest
dark area near north, northeast, southwest, west, and northwest
boulder near east, eastsoutheast, southsoutheast, and southsouthwest
fountain near south
bars very near north, northnortheast, eastsoutheast, southeast, southsoutheast, southsouthwest, southwest, westsouthwest, west, westnorthwest, northwest, and northnorthwest
fountain adjacent north and south
bars adjacent southeast and southwest

cursor:
Yourself a wizard
(x=36, y=11)

map:
                                                                                
                                                                                
                                                                                
                                                                                
                                                                                
                                                                                
                                                                                
                                  ##########                                    
                                  ####.#####                                    
                                  #.{....###                                    
                                  #.@..`...#                                    
                                  ##{###.`{#                                    
                                  ##.#######                                    
                                  ##..`.#..#                                    
                                  #`.......#                                    
                                  ##{...#.<#                                    
                                  ##########                                    
                                                                                
                                                                                
                                                                                
                                                                                
Agent the Evoker               St:7 Dx:16 Co:13 In:18 Wi:11 Ch:10 Neutral S:0   
Dlvl:1 $:0 HP:12(12) Pw:8(8) AC:9 Xp:1/0                                        

",-0.001,False
37,north,,"message:


language observation:
bars far eastnortheast, east, eastsoutheast, southsoutheast, and southsouthwest
bars far eastnortheast, east, eastsoutheast, southsoutheast, and southsouthwest
dark area far east, southeast, and south
fountain far eastsoutheast and south
stairs up far southeast
dark area near north, northeast, southwest, west, and northwest
bars near eastnortheast, eastsoutheast, southeast, southsoutheast, and southsouthwest
bars near eastnortheast, eastsoutheast, southeast, southsoutheast, and southsouthwest
boulder near southsoutheast and southsouthwest
boulders near eastsoutheast
bars very near north, northnortheast, northeast, southeast, southsoutheast, southsouthwest, southwest, westsouthwest, west, westnorthwest, northwest, and northnorthwest
fountain very near south
bars adjacent north, northeast, and northwest

cursor:
Yourself a wizard
(x=36, y=10)

map:
                                                                                
                                                                                
                                                                                
                                                                                
                                                                                
                                                                                
                                                                                
                                  ##########                                    
                                  ####.#####                                    
                                  #.@....###                                    
                                  #....`...#                                    
                                  ##{###.`{#                                    
                                  ##.#######                                    
                                  ##..`.#..#                                    
                                  #`.......#                                    
                                  ##{...#.<#                                    
                                  ##########                                    
                                                                                
                                                                                
                                                                                
                                                                                
Agent the Evoker               St:7 Dx:16 Co:13 In:18 Wi:11 Ch:10 Neutral S:0   
Dlvl:1 $:0 HP:12(12) Pw:8(8) AC:9 Xp:1/0                                        

",-0.001,False
38,east,,"message:


language observation:
bars far eastnortheast, eastsoutheast, southsoutheast, and southsouthwest
bars far eastnortheast, eastsoutheast, southsoutheast, and southsouthwest
dark area far east, southeast, and south
stairs up far southsoutheast
fountain far southsouthwest
dark area near north, northeast, southwest, west, and northwest
bars near eastnortheast, east, eastsoutheast, southsoutheast, southsouthwest, westsouthwest, and westnorthwest
bars near eastnortheast, east, eastsoutheast, southsoutheast, southsouthwest, westsouthwest, and westnorthwest
boulder near eastsoutheast, southsoutheast, and southsouthwest
fountain near eastsoutheast
bars very near north, northnortheast, northeast, eastnortheast, southeast, southsoutheast, south, southwest, westnorthwest, northwest, and northnorthwest
boulder very near eastsoutheast
fountain very near southsouthwest
bars adjacent north and northwest
fountain adjacent west

cursor:
Yourself a wizard
(x=37, y=10)

map:
                                                                                
                                                                                
                                                                                
                                                                                
                                                                                
                                                                                
                                                                                
                                  ##########                                    
                                  ####.#####                                    
                                  #.{@...###                                    
                                  #....`...#                                    
                                  ##{###.`{#                                    
                                  ##.#######                                    
                                  ##..`.#..#                                    
                                  #`.......#                                    
                                  ##{...#.<#                                    
                                  ##########                                    
                                                                                
                                                                                
                                                                                
                                                                                
Agent the Evoker               St:7 Dx:16 Co:13 In:18 Wi:11 Ch:10 Neutral S:0   
Dlvl:1 $:0 HP:12(12) Pw:8(8) AC:9 Xp:1/0                                        

",-0.001,False
39,west,,"message:


language observation:
bars far eastnortheast, east, eastsoutheast, southsoutheast, and southsouthwest
bars far eastnortheast, east, eastsoutheast, southsoutheast, and southsouthwest
dark area far east, southeast, and south
fountain far eastsoutheast and south
stairs up far southeast
dark area near north, northeast, southwest, west, and northwest
bars near eastnortheast, eastsoutheast, southeast, southsoutheast, and southsouthwest
bars near eastnortheast, eastsoutheast, southeast, southsoutheast, and southsouthwest
boulder near southsoutheast and southsouthwest
boulders near eastsoutheast
bars very near north, northnortheast, northeast, southeast, southsoutheast, southsouthwest, southwest, westsouthwest, west, westnorthwest, northwest, and northnorthwest
fountain very near south
bars adjacent north, northeast, and northwest

cursor:
Yourself a wizard
(x=36, y=10)

map:
                                                                                
                                                                                
                                                                                
                                                                                
                                                                                
                                                                                
                                                                                
                                  ##########                                    
                                  ####.#####                                    
                                  #.@....###                                    
                                  #....`...#                                    
                                  ##{###.`{#                                    
                                  ##.#######                                    
                                  ##..`.#..#                                    
                                  #`.......#                                    
                                  ##{...#.<#                                    
                                  ##########                                    
                                                                                
                                                                                
                                                                                
                                                                                
Agent the Evoker               St:7 Dx:16 Co:13 In:18 Wi:11 Ch:10 Neutral S:0   
Dlvl:1 $:0 HP:12(12) Pw:8(8) AC:9 Xp:1/0                                        

",-0.001,False
40,south,,"message:


language observation:
bars far eastnortheast, eastsoutheast, southsoutheast, and southsouthwest
bars far eastnortheast, eastsoutheast, southsoutheast, and southsouthwest
dark area far east, southeast, and south
fountain far eastsoutheast
stairs up far eastsoutheast
bars near northnortheast, eastnortheast, eastsoutheast, southsouthwest, and northnorthwest
bars near northnortheast, eastnortheast, eastsoutheast, southsouthwest, and northnorthwest
dark area near north, northeast, southwest, west, and northwest
boulder near east, eastsoutheast, southsoutheast, and southsouthwest
fountain near south
bars very near north, northnortheast, eastsoutheast, southeast, southsoutheast, southsouthwest, southwest, westsouthwest, west, westnorthwest, northwest, and northnorthwest
fountain adjacent north and south
bars adjacent southeast and southwest

cursor:
Yourself a wizard
(x=36, y=11)

map:
                                                                                
                                                                                
                                                                                
                                                                                
                                                                                
                                                                                
                                                                                
                                  ##########                                    
                                  ####.#####                                    
                                  #.{....###                                    
                                  #.@..`...#                                    
                                  ##{###.`{#                                    
                                  ##.#######                                    
                                  ##..`.#..#                                    
                                  #`.......#                                    
                                  ##{...#.<#                                    
                                  ##########                                    
                                                                                
                                                                                
                                                                                
                                                                                
Agent the Evoker               St:7 Dx:16 Co:13 In:18 Wi:11 Ch:10 Neutral S:0   
Dlvl:1 $:0 HP:12(12) Pw:8(8) AC:9 Xp:1/0                                        

",-0.001,False
41,north,,"message:


language observation:
bars far eastnortheast, east, eastsoutheast, southsoutheast, and southsouthwest
bars far eastnortheast, east, eastsoutheast, southsoutheast, and southsouthwest
dark area far east, southeast, and south
fountain far eastsoutheast and south
stairs up far southeast
dark area near north, northeast, southwest, west, and northwest
bars near eastnortheast, eastsoutheast, southeast, southsoutheast, and southsouthwest
bars near eastnortheast, eastsoutheast, southeast, southsoutheast, and southsouthwest
boulder near southsoutheast and southsouthwest
boulders near eastsoutheast
bars very near north, northnortheast, northeast, southeast, southsoutheast, southsouthwest, southwest, westsouthwest, west, westnorthwest, northwest, and northnorthwest
fountain very near south
bars adjacent north, northeast, and northwest

cursor:
Yourself a wizard
(x=36, y=10)

map:
                                                                                
                                                                                
                                                                                
                                                                                
                                                                                
                                                                                
                                                                                
                                  ##########                                    
                                  ####.#####                                    
                                  #.@....###                                    
                                  #....`...#                                    
                                  ##{###.`{#                                    
                                  ##.#######                                    
                                  ##..`.#..#                                    
                                  #`.......#                                    
                                  ##{...#.<#                                    
                                  ##########                                    
                                                                                
                                                                                
                                                                                
                                                                                
Agent the Evoker               St:7 Dx:16 Co:13 In:18 Wi:11 Ch:10 Neutral S:0   
Dlvl:1 $:0 HP:12(12) Pw:8(8) AC:9 Xp:1/0                                        

",-0.001,False
42,south,,"message:


language observation:
bars far eastnortheast, eastsoutheast, southsoutheast, and southsouthwest
bars far eastnortheast, eastsoutheast, southsoutheast, and southsouthwest
dark area far east, southeast, and south
fountain far eastsoutheast
stairs up far eastsoutheast
bars near northnortheast, eastnortheast, eastsoutheast, southsouthwest, and northnorthwest
bars near northnortheast, eastnortheast, eastsoutheast, southsouthwest, and northnorthwest
dark area near north, northeast, southwest, west, and northwest
boulder near east, eastsoutheast, southsoutheast, and southsouthwest
fountain near south
bars very near north, northnortheast, eastsoutheast, southeast, southsoutheast, southsouthwest, southwest, westsouthwest, west, westnorthwest, northwest, and northnorthwest
fountain adjacent north and south
bars adjacent southeast and southwest

cursor:
Yourself a wizard
(x=36, y=11)

map:
                                                                                
                                                                                
                                                                                
                                                                                
                                                                                
                                                                                
                                                                                
                                  ##########                                    
                                  ####.#####                                    
                                  #.{....###                                    
                                  #.@..`...#                                    
                                  ##{###.`{#                                    
                                  ##.#######                                    
                                  ##..`.#..#                                    
                                  #`.......#                                    
                                  ##{...#.<#                                    
                                  ##########                                    
                                                                                
                                                                                
                                                                                
                                                                                
Agent the Evoker               St:7 Dx:16 Co:13 In:18 Wi:11 Ch:10 Neutral S:0   
Dlvl:1 $:0 HP:12(12) Pw:8(8) AC:9 Xp:1/0                                        

",-0.001,False
43,east,,"message:


language observation:
bars far eastnortheast, eastsoutheast, southsoutheast, and southsouthwest
bars far eastnortheast, eastsoutheast, southsoutheast, and southsouthwest
dark area far east, southeast, and south
bars near northnortheast, eastnortheast, eastsoutheast, southsouthwest, westsouthwest, westnorthwest, and northnorthwest
bars near northnortheast, eastnortheast, eastsoutheast, southsouthwest, westsouthwest, westnorthwest, and northnorthwest
dark area near north, northeast, southwest, west, and northwest
boulder near eastsoutheast, southsoutheast, and southsouthwest
fountain near eastsoutheast and southsouthwest
stairs up near southeast
bars very near north, northeast, eastsoutheast, southeast, southsoutheast, south, southwest, westsouthwest, northwest, and northnorthwest
boulder very near east
bars adjacent southeast and south
fountain adjacent southwest and northwest

cursor:
Yourself a wizard
(x=37, y=11)

map:
                                                                                
                                                                                
                                                                                
                                                                                
                                                                                
                                                                                
                                                                                
                                  ##########                                    
                                  ####.#####                                    
                                  #.{....###                                    
                                  #..@.`...#                                    
                                  ##{###.`{#                                    
                                  ##.#######                                    
                                  ##..`.#..#                                    
                                  #`.......#                                    
                                  ##{...#.<#                                    
                                  ##########                                    
                                                                                
                                                                                
                                                                                
                                                                                
Agent the Evoker               St:7 Dx:16 Co:13 In:18 Wi:11 Ch:10 Neutral S:0   
Dlvl:1 $:0 HP:12(12) Pw:8(8) AC:9 Xp:1/0                                        

",-0.001,False
44,north,,"message:


language observation:
bars far eastnortheast, eastsoutheast, southsoutheast, and southsouthwest
bars far eastnortheast, eastsoutheast, southsoutheast, and southsouthwest
dark area far east, southeast, and south
stairs up far southsoutheast
fountain far southsouthwest
dark area near north, northeast, southwest, west, and northwest
bars near eastnortheast, east, eastsoutheast, southsoutheast, southsouthwest, westsouthwest, and westnorthwest
bars near eastnortheast, east, eastsoutheast, southsoutheast, southsouthwest, westsouthwest, and westnorthwest
boulder near eastsoutheast, southsoutheast, and southsouthwest
fountain near eastsoutheast
bars very near north, northnortheast, northeast, eastnortheast, southeast, southsoutheast, south, southwest, westnorthwest, northwest, and northnorthwest
boulder very near eastsoutheast
fountain very near southsouthwest
bars adjacent north and northwest
fountain adjacent west

cursor:
Yourself a wizard
(x=37, y=10)

map:
                                                                                
                                                                                
                                                                                
                                                                                
                                                                                
                                                                                
                                                                                
                                  ##########                                    
                                  ####.#####                                    
                                  #.{@...###                                    
                                  #....`...#                                    
                                  ##{###.`{#                                    
                                  ##.#######                                    
                                  ##..`.#..#                                    
                                  #`.......#                                    
                                  ##{...#.<#                                    
                                  ##########                                    
                                                                                
                                                                                
                                                                                
                                                                                
Agent the Evoker               St:7 Dx:16 Co:13 In:18 Wi:11 Ch:10 Neutral S:0   
Dlvl:1 $:0 HP:12(12) Pw:8(8) AC:9 Xp:1/0                                        

",-0.001,False
45,west,,"message:


language observation:
bars far eastnortheast, east, eastsoutheast, southsoutheast, and southsouthwest
bars far eastnortheast, east, eastsoutheast, southsoutheast, and southsouthwest
dark area far east, southeast, and south
fountain far eastsoutheast and south
stairs up far southeast
dark area near north, northeast, southwest, west, and northwest
bars near eastnortheast, eastsoutheast, southeast, southsoutheast, and southsouthwest
bars near eastnortheast, eastsoutheast, southeast, southsoutheast, and southsouthwest
boulder near southsoutheast and southsouthwest
boulders near eastsoutheast
bars very near north, northnortheast, northeast, southeast, southsoutheast, southsouthwest, southwest, westsouthwest, west, westnorthwest, northwest, and northnorthwest
fountain very near south
bars adjacent north, northeast, and northwest

cursor:
Yourself a wizard
(x=36, y=10)

map:
                                                                                
                                                                                
                                                                                
                                                                                
                                                                                
                                                                                
                                                                                
                                  ##########                                    
                                  ####.#####                                    
                                  #.@....###                                    
                                  #....`...#                                    
                                  ##{###.`{#                                    
                                  ##.#######                                    
                                  ##..`.#..#                                    
                                  #`.......#                                    
                                  ##{...#.<#                                    
                                  ##########                                    
                                                                                
                                                                                
                                                                                
                                                                                
Agent the Evoker               St:7 Dx:16 Co:13 In:18 Wi:11 Ch:10 Neutral S:0   
Dlvl:1 $:0 HP:12(12) Pw:8(8) AC:9 Xp:1/0                                        

",-0.001,False
46,south,,"message:


language observation:
bars far eastnortheast, eastsoutheast, southsoutheast, and southsouthwest
bars far eastnortheast, eastsoutheast, southsoutheast, and southsouthwest
dark area far east, southeast, and south
fountain far eastsoutheast
stairs up far eastsoutheast
bars near northnortheast, eastnortheast, eastsoutheast, southsouthwest, and northnorthwest
bars near northnortheast, eastnortheast, eastsoutheast, southsouthwest, and northnorthwest
dark area near north, northeast, southwest, west, and northwest
boulder near east, eastsoutheast, southsoutheast, and southsouthwest
fountain near south
bars very near north, northnortheast, eastsoutheast, southeast, southsoutheast, southsouthwest, southwest, westsouthwest, west, westnorthwest, northwest, and northnorthwest
fountain adjacent north and south
bars adjacent southeast and southwest

cursor:
Yourself a wizard
(x=36, y=11)

map:
                                                                                
                                                                                
                                                                                
                                                                                
                                                                                
                                                                                
                                                                                
                                  ##########                                    
                                  ####.#####                                    
                                  #.{....###                                    
                                  #.@..`...#                                    
                                  ##{###.`{#                                    
                                  ##.#######                                    
                                  ##..`.#..#                                    
                                  #`.......#                                    
                                  ##{...#.<#                                    
                                  ##########                                    
                                                                                
                                                                                
                                                                                
                                                                                
Agent the Evoker               St:7 Dx:16 Co:13 In:18 Wi:11 Ch:10 Neutral S:0   
Dlvl:1 $:0 HP:12(12) Pw:8(8) AC:9 Xp:1/0                                        

",-0.001,False
47,south,,"message:


language observation:
bars far eastnortheast and eastsoutheast
bars far eastnortheast and eastsoutheast
fountain far east
dark area far east, southeast, and south
stairs up far eastsoutheast
bars near north, northnortheast, northeast, eastnortheast, eastsoutheast, southeast, southsoutheast, southsouthwest, and northnorthwest
bars near north, northnortheast, northeast, eastnortheast, eastsoutheast, southeast, southsoutheast, southsouthwest, and northnorthwest
dark area near north, northeast, southwest, west, and northwest
boulder near eastnortheast, east, and southsouthwest
fountain near south
fountain very near north
bars very near east, eastsoutheast, southsouthwest, southwest, westsouthwest, west, westnorthwest, and northwest
boulder very near southeast
bars adjacent east, southeast, southwest, and west

cursor:
Yourself a wizard
(x=36, y=12)

map:
                                                                                
                                                                                
                                                                                
                                                                                
                                                                                
                                                                                
                                                                                
                                  ##########                                    
                                  ####.#####                                    
                                  #.{....###                                    
                                  #....`...#                                    
                                  ##@###.`{#                                    
                                  ##.#######                                    
                                  ##..`.#..#                                    
                                  #`.......#                                    
                                  ##{...#.<#                                    
                                  ##########                                    
                                                                                
                                                                                
                                                                                
                                                                                
Agent the Evoker               St:7 Dx:16 Co:13 In:18 Wi:11 Ch:10 Neutral S:0   
Dlvl:1 $:0 HP:12(12) Pw:8(8) AC:9 Xp:1/0                                        

",-0.001,False
48,north,,"message:


language observation:
bars far eastnortheast, eastsoutheast, southsoutheast, and southsouthwest
bars far eastnortheast, eastsoutheast, southsoutheast, and southsouthwest
dark area far east, southeast, and south
fountain far eastsoutheast
stairs up far eastsoutheast
bars near northnortheast, eastnortheast, eastsoutheast, southsouthwest, and northnorthwest
bars near northnortheast, eastnortheast, eastsoutheast, southsouthwest, and northnorthwest
dark area near north, northeast, southwest, west, and northwest
boulder near east, eastsoutheast, southsoutheast, and southsouthwest
fountain near south
bars very near north, northnortheast, eastsoutheast, southeast, southsoutheast, southsouthwest, southwest, westsouthwest, west, westnorthwest, northwest, and northnorthwest
fountain adjacent north and south
bars adjacent southeast and southwest

cursor:
Yourself a wizard
(x=36, y=11)

map:
                                                                                
                                                                                
                                                                                
                                                                                
                                                                                
                                                                                
                                                                                
                                  ##########                                    
                                  ####.#####                                    
                                  #.{....###                                    
                                  #.@..`...#                                    
                                  ##{###.`{#                                    
                                  ##.#######                                    
                                  ##..`.#..#                                    
                                  #`.......#                                    
                                  ##{...#.<#                                    
                                  ##########                                    
                                                                                
                                                                                
                                                                                
                                                                                
Agent the Evoker               St:7 Dx:16 Co:13 In:18 Wi:11 Ch:10 Neutral S:0   
Dlvl:1 $:0 HP:12(12) Pw:8(8) AC:9 Xp:1/0                                        

",-0.001,False
49,north,,"message:


language observation:
bars far eastnortheast, east, eastsoutheast, southsoutheast, and southsouthwest
bars far eastnortheast, east, eastsoutheast, southsoutheast, and southsouthwest
dark area far east, southeast, and south
fountain far eastsoutheast and south
stairs up far southeast
dark area near north, northeast, southwest, west, and northwest
bars near eastnortheast, eastsoutheast, southeast, southsoutheast, and southsouthwest
bars near eastnortheast, eastsoutheast, southeast, southsoutheast, and southsouthwest
boulder near southsoutheast and southsouthwest
boulders near eastsoutheast
bars very near north, northnortheast, northeast, southeast, southsoutheast, southsouthwest, southwest, westsouthwest, west, westnorthwest, northwest, and northnorthwest
fountain very near south
bars adjacent north, northeast, and northwest

cursor:
Yourself a wizard
(x=36, y=10)

map:
                                                                                
                                                                                
                                                                                
                                                                                
                                                                                
                                                                                
                                                                                
                                  ##########                                    
                                  ####.#####                                    
                                  #.@....###                                    
                                  #....`...#                                    
                                  ##{###.`{#                                    
                                  ##.#######                                    
                                  ##..`.#..#                                    
                                  #`.......#                                    
                                  ##{...#.<#                                    
                                  ##########                                    
                                                                                
                                                                                
                                                                                
                                                                                
Agent the Evoker               St:7 Dx:16 Co:13 In:18 Wi:11 Ch:10 Neutral S:0   
Dlvl:1 $:0 HP:12(12) Pw:8(8) AC:9 Xp:1/0                                        

",-0.001,False
50,south,,"message:


language observation:
bars far eastnortheast, eastsoutheast, southsoutheast, and southsouthwest
bars far eastnortheast, eastsoutheast, southsoutheast, and southsouthwest
dark area far east, southeast, and south
fountain far eastsoutheast
stairs up far eastsoutheast
bars near northnortheast, eastnortheast, eastsoutheast, southsouthwest, and northnorthwest
bars near northnortheast, eastnortheast, eastsoutheast, southsouthwest, and northnorthwest
dark area near north, northeast, southwest, west, and northwest
boulder near east, eastsoutheast, southsoutheast, and southsouthwest
fountain near south
bars very near north, northnortheast, eastsoutheast, southeast, southsoutheast, southsouthwest, southwest, westsouthwest, west, westnorthwest, northwest, and northnorthwest
fountain adjacent north and south
bars adjacent southeast and southwest

cursor:
Yourself a wizard
(x=36, y=11)

map:
                                                                                
                                                                                
                                                                                
                                                                                
                                                                                
                                                                                
                                                                                
                                  ##########                                    
                                  ####.#####                                    
                                  #.{....###                                    
                                  #.@..`...#                                    
                                  ##{###.`{#                                    
                                  ##.#######                                    
                                  ##..`.#..#                                    
                                  #`.......#                                    
                                  ##{...#.<#                                    
                                  ##########                                    
                                                                                
                                                                                
                                                                                
                                                                                
Agent the Evoker               St:7 Dx:16 Co:13 In:18 Wi:11 Ch:10 Neutral S:0   
Dlvl:1 $:0 HP:12(12) Pw:8(8) AC:9 Xp:1/0                                        

",-0.001,False
51,south,,"message:


language observation:
bars far eastnortheast and eastsoutheast
bars far eastnortheast and eastsoutheast
fountain far east
dark area far east, southeast, and south
stairs up far eastsoutheast
bars near north, northnortheast, northeast, eastnortheast, eastsoutheast, southeast, southsoutheast, southsouthwest, and northnorthwest
bars near north, northnortheast, northeast, eastnortheast, eastsoutheast, southeast, southsoutheast, southsouthwest, and northnorthwest
dark area near north, northeast, southwest, west, and northwest
boulder near eastnortheast, east, and southsouthwest
fountain near south
fountain very near north
bars very near east, eastsoutheast, southsouthwest, southwest, westsouthwest, west, westnorthwest, and northwest
boulder very near southeast
bars adjacent east, southeast, southwest, and west

cursor:
Yourself a wizard
(x=36, y=12)

map:
                                                                                
                                                                                
                                                                                
                                                                                
                                                                                
                                                                                
                                                                                
                                  ##########                                    
                                  ####.#####                                    
                                  #.{....###                                    
                                  #....`...#                                    
                                  ##@###.`{#                                    
                                  ##.#######                                    
                                  ##..`.#..#                                    
                                  #`.......#                                    
                                  ##{...#.<#                                    
                                  ##########                                    
                                                                                
                                                                                
                                                                                
                                                                                
Agent the Evoker               St:7 Dx:16 Co:13 In:18 Wi:11 Ch:10 Neutral S:0   
Dlvl:1 $:0 HP:12(12) Pw:8(8) AC:9 Xp:1/0                                        

",-0.001,False
52,north,,"message:


language observation:
bars far eastnortheast, eastsoutheast, southsoutheast, and southsouthwest
bars far eastnortheast, eastsoutheast, southsoutheast, and southsouthwest
dark area far east, southeast, and south
fountain far eastsoutheast
stairs up far eastsoutheast
bars near northnortheast, eastnortheast, eastsoutheast, southsouthwest, and northnorthwest
bars near northnortheast, eastnortheast, eastsoutheast, southsouthwest, and northnorthwest
dark area near north, northeast, southwest, west, and northwest
boulder near east, eastsoutheast, southsoutheast, and southsouthwest
fountain near south
bars very near north, northnortheast, eastsoutheast, southeast, southsoutheast, southsouthwest, southwest, westsouthwest, west, westnorthwest, northwest, and northnorthwest
fountain adjacent north and south
bars adjacent southeast and southwest

cursor:
Yourself a wizard
(x=36, y=11)

map:
                                                                                
                                                                                
                                                                                
                                                                                
                                                                                
                                                                                
                                                                                
                                  ##########                                    
                                  ####.#####                                    
                                  #.{....###                                    
                                  #.@..`...#                                    
                                  ##{###.`{#                                    
                                  ##.#######                                    
                                  ##..`.#..#                                    
                                  #`.......#                                    
                                  ##{...#.<#                                    
                                  ##########                                    
                                                                                
                                                                                
                                                                                
                                                                                
Agent the Evoker               St:7 Dx:16 Co:13 In:18 Wi:11 Ch:10 Neutral S:0   
Dlvl:1 $:0 HP:12(12) Pw:8(8) AC:9 Xp:1/0                                        

",-0.001,False
53,south,,"message:


language observation:
bars far eastnortheast and eastsoutheast
bars far eastnortheast and eastsoutheast
fountain far east
dark area far east, southeast, and south
stairs up far eastsoutheast
bars near north, northnortheast, northeast, eastnortheast, eastsoutheast, southeast, southsoutheast, southsouthwest, and northnorthwest
bars near north, northnortheast, northeast, eastnortheast, eastsoutheast, southeast, southsoutheast, southsouthwest, and northnorthwest
dark area near north, northeast, southwest, west, and northwest
boulder near eastnortheast, east, and southsouthwest
fountain near south
fountain very near north
bars very near east, eastsoutheast, southsouthwest, southwest, westsouthwest, west, westnorthwest, and northwest
boulder very near southeast
bars adjacent east, southeast, southwest, and west

cursor:
Yourself a wizard
(x=36, y=12)

map:
                                                                                
                                                                                
                                                                                
                                                                                
                                                                                
                                                                                
                                                                                
                                  ##########                                    
                                  ####.#####                                    
                                  #.{....###                                    
                                  #....`...#                                    
                                  ##@###.`{#                                    
                                  ##.#######                                    
                                  ##..`.#..#                                    
                                  #`.......#                                    
                                  ##{...#.<#                                    
                                  ##########                                    
                                                                                
                                                                                
                                                                                
                                                                                
Agent the Evoker               St:7 Dx:16 Co:13 In:18 Wi:11 Ch:10 Neutral S:0   
Dlvl:1 $:0 HP:12(12) Pw:8(8) AC:9 Xp:1/0                                        

",-0.001,False
54,north,,"message:


language observation:
bars far eastnortheast, eastsoutheast, southsoutheast, and southsouthwest
bars far eastnortheast, eastsoutheast, southsoutheast, and southsouthwest
dark area far east, southeast, and south
fountain far eastsoutheast
stairs up far eastsoutheast
bars near northnortheast, eastnortheast, eastsoutheast, southsouthwest, and northnorthwest
bars near northnortheast, eastnortheast, eastsoutheast, southsouthwest, and northnorthwest
dark area near north, northeast, southwest, west, and northwest
boulder near east, eastsoutheast, southsoutheast, and southsouthwest
fountain near south
bars very near north, northnortheast, eastsoutheast, southeast, southsoutheast, southsouthwest, southwest, westsouthwest, west, westnorthwest, northwest, and northnorthwest
fountain adjacent north and south
bars adjacent southeast and southwest

cursor:
Yourself a wizard
(x=36, y=11)

map:
                                                                                
                                                                                
                                                                                
                                                                                
                                                                                
                                                                                
                                                                                
                                  ##########                                    
                                  ####.#####                                    
                                  #.{....###                                    
                                  #.@..`...#                                    
                                  ##{###.`{#                                    
                                  ##.#######                                    
                                  ##..`.#..#                                    
                                  #`.......#                                    
                                  ##{...#.<#                                    
                                  ##########                                    
                                                                                
                                                                                
                                                                                
                                                                                
Agent the Evoker               St:7 Dx:16 Co:13 In:18 Wi:11 Ch:10 Neutral S:0   
Dlvl:1 $:0 HP:12(12) Pw:8(8) AC:9 Xp:1/0                                        

",-0.001,False
55,north,,"message:


language observation:
bars far eastnortheast, east, eastsoutheast, southsoutheast, and southsouthwest
bars far eastnortheast, east, eastsoutheast, southsoutheast, and southsouthwest
dark area far east, southeast, and south
fountain far eastsoutheast and south
stairs up far southeast
dark area near north, northeast, southwest, west, and northwest
bars near eastnortheast, eastsoutheast, southeast, southsoutheast, and southsouthwest
bars near eastnortheast, eastsoutheast, southeast, southsoutheast, and southsouthwest
boulder near southsoutheast and southsouthwest
boulders near eastsoutheast
bars very near north, northnortheast, northeast, southeast, southsoutheast, southsouthwest, southwest, westsouthwest, west, westnorthwest, northwest, and northnorthwest
fountain very near south
bars adjacent north, northeast, and northwest

cursor:
Yourself a wizard
(x=36, y=10)

map:
                                                                                
                                                                                
                                                                                
                                                                                
                                                                                
                                                                                
                                                                                
                                  ##########                                    
                                  ####.#####                                    
                                  #.@....###                                    
                                  #....`...#                                    
                                  ##{###.`{#                                    
                                  ##.#######                                    
                                  ##..`.#..#                                    
                                  #`.......#                                    
                                  ##{...#.<#                                    
                                  ##########                                    
                                                                                
                                                                                
                                                                                
                                                                                
Agent the Evoker               St:7 Dx:16 Co:13 In:18 Wi:11 Ch:10 Neutral S:0   
Dlvl:1 $:0 HP:12(12) Pw:8(8) AC:9 Xp:1/0                                        

",-0.001,False
56,east,,"message:


language observation:
bars far eastnortheast, eastsoutheast, southsoutheast, and southsouthwest
bars far eastnortheast, eastsoutheast, southsoutheast, and southsouthwest
dark area far east, southeast, and south
stairs up far southsoutheast
fountain far southsouthwest
dark area near north, northeast, southwest, west, and northwest
bars near eastnortheast, east, eastsoutheast, southsoutheast, southsouthwest, westsouthwest, and westnorthwest
bars near eastnortheast, east, eastsoutheast, southsoutheast, southsouthwest, westsouthwest, and westnorthwest
boulder near eastsoutheast, southsoutheast, and southsouthwest
fountain near eastsoutheast
bars very near north, northnortheast, northeast, eastnortheast, southeast, southsoutheast, south, southwest, westnorthwest, northwest, and northnorthwest
boulder very near eastsoutheast
fountain very near southsouthwest
bars adjacent north and northwest
fountain adjacent west

cursor:
Yourself a wizard
(x=37, y=10)

map:
                                                                                
                                                                                
                                                                                
                                                                                
                                                                                
                                                                                
                                                                                
                                  ##########                                    
                                  ####.#####                                    
                                  #.{@...###                                    
                                  #....`...#                                    
                                  ##{###.`{#                                    
                                  ##.#######                                    
                                  ##..`.#..#                                    
                                  #`.......#                                    
                                  ##{...#.<#                                    
                                  ##########                                    
                                                                                
                                                                                
                                                                                
                                                                                
Agent the Evoker               St:7 Dx:16 Co:13 In:18 Wi:11 Ch:10 Neutral S:0   
Dlvl:1 $:0 HP:12(12) Pw:8(8) AC:9 Xp:1/0                                        

",-0.001,False
57,north,,"message:
You cannot pass through the bars.

language observation:
bars far eastnortheast, eastsoutheast, southsoutheast, and southsouthwest
bars far eastnortheast, eastsoutheast, southsoutheast, and southsouthwest
dark area far east, southeast, and south
stairs up far southsoutheast
fountain far southsouthwest
dark area near north, northeast, southwest, west, and northwest
bars near eastnortheast, east, eastsoutheast, southsoutheast, southsouthwest, westsouthwest, and westnorthwest
bars near eastnortheast, east, eastsoutheast, southsoutheast, southsouthwest, westsouthwest, and westnorthwest
boulder near eastsoutheast, southsoutheast, and southsouthwest
fountain near eastsoutheast
bars very near north, northnortheast, northeast, eastnortheast, southeast, southsoutheast, south, southwest, westnorthwest, northwest, and northnorthwest
boulder very near eastsoutheast
fountain very near southsouthwest
bars adjacent north and northwest
fountain adjacent west

cursor:
Yourself a wizard
(x=37, y=10)

map:
                                                                                
                                                                                
                                                                                
                                                                                
                                                                                
                                                                                
                                                                                
                                  ##########                                    
                                  ####.#####                                    
                                  #.{@...###                                    
                                  #....`...#                                    
                                  ##{###.`{#                                    
                                  ##.#######                                    
                                  ##..`.#..#                                    
                                  #`.......#                                    
                                  ##{...#.<#                                    
                                  ##########                                    
                                                                                
                                                                                
                                                                                
                                                                                
Agent the Evoker               St:7 Dx:16 Co:13 In:18 Wi:11 Ch:10 Neutral S:0   
Dlvl:1 $:0 HP:12(12) Pw:8(8) AC:9 Xp:1/0                                        

",-0.001,False
58,west,,"message:


language observation:
bars far eastnortheast, east, eastsoutheast, southsoutheast, and southsouthwest
bars far eastnortheast, east, eastsoutheast, southsoutheast, and southsouthwest
dark area far east, southeast, and south
fountain far eastsoutheast and south
stairs up far southeast
dark area near north, northeast, southwest, west, and northwest
bars near eastnortheast, eastsoutheast, southeast, southsoutheast, and southsouthwest
bars near eastnortheast, eastsoutheast, southeast, southsoutheast, and southsouthwest
boulder near southsoutheast and southsouthwest
boulders near eastsoutheast
bars very near north, northnortheast, northeast, southeast, southsoutheast, southsouthwest, southwest, westsouthwest, west, westnorthwest, northwest, and northnorthwest
fountain very near south
bars adjacent north, northeast, and northwest

cursor:
Yourself a wizard
(x=36, y=10)

map:
                                                                                
                                                                                
                                                                                
                                                                                
                                                                                
                                                                                
                                                                                
                                  ##########                                    
                                  ####.#####                                    
                                  #.@....###                                    
                                  #....`...#                                    
                                  ##{###.`{#                                    
                                  ##.#######                                    
                                  ##..`.#..#                                    
                                  #`.......#                                    
                                  ##{...#.<#                                    
                                  ##########                                    
                                                                                
                                                                                
                                                                                
                                                                                
Agent the Evoker               St:7 Dx:16 Co:13 In:18 Wi:11 Ch:10 Neutral S:0   
Dlvl:1 $:0 HP:12(12) Pw:8(8) AC:9 Xp:1/0                                        

",-0.001,False
59,north,,"message:
You cannot pass through the bars.

language observation:
bars far eastnortheast, east, eastsoutheast, southsoutheast, and southsouthwest
bars far eastnortheast, east, eastsoutheast, southsoutheast, and southsouthwest
dark area far east, southeast, and south
fountain far eastsoutheast and south
stairs up far southeast
dark area near north, northeast, southwest, west, and northwest
bars near eastnortheast, eastsoutheast, southeast, southsoutheast, and southsouthwest
bars near eastnortheast, eastsoutheast, southeast, southsoutheast, and southsouthwest
boulder near southsoutheast and southsouthwest
boulders near eastsoutheast
bars very near north, northnortheast, northeast, southeast, southsoutheast, southsouthwest, southwest, westsouthwest, west, westnorthwest, northwest, and northnorthwest
fountain very near south
bars adjacent north, northeast, and northwest

cursor:
Yourself a wizard
(x=36, y=10)

map:
                                                                                
                                                                                
                                                                                
                                                                                
                                                                                
                                                                                
                                                                                
                                  ##########                                    
                                  ####.#####                                    
                                  #.@....###                                    
                                  #....`...#                                    
                                  ##{###.`{#                                    
                                  ##.#######                                    
                                  ##..`.#..#                                    
                                  #`.......#                                    
                                  ##{...#.<#                                    
                                  ##########                                    
                                                                                
                                                                                
                                                                                
                                                                                
Agent the Evoker               St:7 Dx:16 Co:13 In:18 Wi:11 Ch:10 Neutral S:0   
Dlvl:1 $:0 HP:12(12) Pw:8(8) AC:9 Xp:1/0                                        

",-0.001,False
60,east,,"message:


language observation:
bars far eastnortheast, eastsoutheast, southsoutheast, and southsouthwest
bars far eastnortheast, eastsoutheast, southsoutheast, and southsouthwest
dark area far east, southeast, and south
stairs up far southsoutheast
fountain far southsouthwest
dark area near north, northeast, southwest, west, and northwest
bars near eastnortheast, east, eastsoutheast, southsoutheast, southsouthwest, westsouthwest, and westnorthwest
bars near eastnortheast, east, eastsoutheast, southsoutheast, southsouthwest, westsouthwest, and westnorthwest
boulder near eastsoutheast, southsoutheast, and southsouthwest
fountain near eastsoutheast
bars very near north, northnortheast, northeast, eastnortheast, southeast, southsoutheast, south, southwest, westnorthwest, northwest, and northnorthwest
boulder very near eastsoutheast
fountain very near southsouthwest
bars adjacent north and northwest
fountain adjacent west

cursor:
Yourself a wizard
(x=37, y=10)

map:
                                                                                
                                                                                
                                                                                
                                                                                
                                                                                
                                                                                
                                                                                
                                  ##########                                    
                                  ####.#####                                    
                                  #.{@...###                                    
                                  #....`...#                                    
                                  ##{###.`{#                                    
                                  ##.#######                                    
                                  ##..`.#..#                                    
                                  #`.......#                                    
                                  ##{...#.<#                                    
                                  ##########                                    
                                                                                
                                                                                
                                                                                
                                                                                
Agent the Evoker               St:7 Dx:16 Co:13 In:18 Wi:11 Ch:10 Neutral S:0   
Dlvl:1 $:0 HP:12(12) Pw:8(8) AC:9 Xp:1/0                                        

",-0.001,False
61,north,,"message:
You cannot pass through the bars.

language observation:
bars far eastnortheast, eastsoutheast, southsoutheast, and southsouthwest
bars far eastnortheast, eastsoutheast, southsoutheast, and southsouthwest
dark area far east, southeast, and south
stairs up far southsoutheast
fountain far southsouthwest
dark area near north, northeast, southwest, west, and northwest
bars near eastnortheast, east, eastsoutheast, southsoutheast, southsouthwest, westsouthwest, and westnorthwest
bars near eastnortheast, east, eastsoutheast, southsoutheast, southsouthwest, westsouthwest, and westnorthwest
boulder near eastsoutheast, southsoutheast, and southsouthwest
fountain near eastsoutheast
bars very near north, northnortheast, northeast, eastnortheast, southeast, southsoutheast, south, southwest, westnorthwest, northwest, and northnorthwest
boulder very near eastsoutheast
fountain very near southsouthwest
bars adjacent north and northwest
fountain adjacent west

cursor:
Yourself a wizard
(x=37, y=10)

map:
                                                                                
                                                                                
                                                                                
                                                                                
                                                                                
                                                                                
                                                                                
                                  ##########                                    
                                  ####.#####                                    
                                  #.{@...###                                    
                                  #....`...#                                    
                                  ##{###.`{#                                    
                                  ##.#######                                    
                                  ##..`.#..#                                    
                                  #`.......#                                    
                                  ##{...#.<#                                    
                                  ##########                                    
                                                                                
                                                                                
                                                                                
                                                                                
Agent the Evoker               St:7 Dx:16 Co:13 In:18 Wi:11 Ch:10 Neutral S:0   
Dlvl:1 $:0 HP:12(12) Pw:8(8) AC:9 Xp:1/0                                        

",-0.001,False
62,west,,"message:


language observation:
bars far eastnortheast, east, eastsoutheast, southsoutheast, and southsouthwest
bars far eastnortheast, east, eastsoutheast, southsoutheast, and southsouthwest
dark area far east, southeast, and south
fountain far eastsoutheast and south
stairs up far southeast
dark area near north, northeast, southwest, west, and northwest
bars near eastnortheast, eastsoutheast, southeast, southsoutheast, and southsouthwest
bars near eastnortheast, eastsoutheast, southeast, southsoutheast, and southsouthwest
boulder near southsoutheast and southsouthwest
boulders near eastsoutheast
bars very near north, northnortheast, northeast, southeast, southsoutheast, southsouthwest, southwest, westsouthwest, west, westnorthwest, northwest, and northnorthwest
fountain very near south
bars adjacent north, northeast, and northwest

cursor:
Yourself a wizard
(x=36, y=10)

map:
                                                                                
                                                                                
                                                                                
                                                                                
                                                                                
                                                                                
                                                                                
                                  ##########                                    
                                  ####.#####                                    
                                  #.@....###                                    
                                  #....`...#                                    
                                  ##{###.`{#                                    
                                  ##.#######                                    
                                  ##..`.#..#                                    
                                  #`.......#                                    
                                  ##{...#.<#                                    
                                  ##########                                    
                                                                                
                                                                                
                                                                                
                                                                                
Agent the Evoker               St:7 Dx:16 Co:13 In:18 Wi:11 Ch:10 Neutral S:0   
Dlvl:1 $:0 HP:12(12) Pw:8(8) AC:9 Xp:1/0                                        

",-0.001,False
63,south,,"message:


language observation:
bars far eastnortheast, eastsoutheast, southsoutheast, and southsouthwest
bars far eastnortheast, eastsoutheast, southsoutheast, and southsouthwest
dark area far east, southeast, and south
fountain far eastsoutheast
stairs up far eastsoutheast
bars near northnortheast, eastnortheast, eastsoutheast, southsouthwest, and northnorthwest
bars near northnortheast, eastnortheast, eastsoutheast, southsouthwest, and northnorthwest
dark area near north, northeast, southwest, west, and northwest
boulder near east, eastsoutheast, southsoutheast, and southsouthwest
fountain near south
bars very near north, northnortheast, eastsoutheast, southeast, southsoutheast, southsouthwest, southwest, westsouthwest, west, westnorthwest, northwest, and northnorthwest
fountain adjacent north and south
bars adjacent southeast and southwest

cursor:
Yourself a wizard
(x=36, y=11)

map:
                                                                                
                                                                                
                                                                                
                                                                                
                                                                                
                                                                                
                                                                                
                                  ##########                                    
                                  ####.#####                                    
                                  #.{....###                                    
                                  #.@..`...#                                    
                                  ##{###.`{#                                    
                                  ##.#######                                    
                                  ##..`.#..#                                    
                                  #`.......#                                    
                                  ##{...#.<#                                    
                                  ##########                                    
                                                                                
                                                                                
                                                                                
                                                                                
Agent the Evoker               St:7 Dx:16 Co:13 In:18 Wi:11 Ch:10 Neutral S:0   
Dlvl:1 $:0 HP:12(12) Pw:8(8) AC:9 Xp:1/0                                        

",-0.001,False
64,north,,"message:


language observation:
bars far eastnortheast, east, eastsoutheast, southsoutheast, and southsouthwest
bars far eastnortheast, east, eastsoutheast, southsoutheast, and southsouthwest
dark area far east, southeast, and south
fountain far eastsoutheast and south
stairs up far southeast
dark area near north, northeast, southwest, west, and northwest
bars near eastnortheast, eastsoutheast, southeast, southsoutheast, and southsouthwest
bars near eastnortheast, eastsoutheast, southeast, southsoutheast, and southsouthwest
boulder near southsoutheast and southsouthwest
boulders near eastsoutheast
bars very near north, northnortheast, northeast, southeast, southsoutheast, southsouthwest, southwest, westsouthwest, west, westnorthwest, northwest, and northnorthwest
fountain very near south
bars adjacent north, northeast, and northwest

cursor:
Yourself a wizard
(x=36, y=10)

map:
                                                                                
                                                                                
                                                                                
                                                                                
                                                                                
                                                                                
                                                                                
                                  ##########                                    
                                  ####.#####                                    
                                  #.@....###                                    
                                  #....`...#                                    
                                  ##{###.`{#                                    
                                  ##.#######                                    
                                  ##..`.#..#                                    
                                  #`.......#                                    
                                  ##{...#.<#                                    
                                  ##########                                    
                                                                                
                                                                                
                                                                                
                                                                                
Agent the Evoker               St:7 Dx:16 Co:13 In:18 Wi:11 Ch:10 Neutral S:0   
Dlvl:1 $:0 HP:12(12) Pw:8(8) AC:9 Xp:1/0                                        

",-0.001,False
65,south,,"message:


language observation:
bars far eastnortheast, eastsoutheast, southsoutheast, and southsouthwest
bars far eastnortheast, eastsoutheast, southsoutheast, and southsouthwest
dark area far east, southeast, and south
fountain far eastsoutheast
stairs up far eastsoutheast
bars near northnortheast, eastnortheast, eastsoutheast, southsouthwest, and northnorthwest
bars near northnortheast, eastnortheast, eastsoutheast, southsouthwest, and northnorthwest
dark area near north, northeast, southwest, west, and northwest
boulder near east, eastsoutheast, southsoutheast, and southsouthwest
fountain near south
bars very near north, northnortheast, eastsoutheast, southeast, southsoutheast, southsouthwest, southwest, westsouthwest, west, westnorthwest, northwest, and northnorthwest
fountain adjacent north and south
bars adjacent southeast and southwest

cursor:
Yourself a wizard
(x=36, y=11)

map:
                                                                                
                                                                                
                                                                                
                                                                                
                                                                                
                                                                                
                                                                                
                                  ##########                                    
                                  ####.#####                                    
                                  #.{....###                                    
                                  #.@..`...#                                    
                                  ##{###.`{#                                    
                                  ##.#######                                    
                                  ##..`.#..#                                    
                                  #`.......#                                    
                                  ##{...#.<#                                    
                                  ##########                                    
                                                                                
                                                                                
                                                                                
                                                                                
Agent the Evoker               St:7 Dx:16 Co:13 In:18 Wi:11 Ch:10 Neutral S:0   
Dlvl:1 $:0 HP:12(12) Pw:8(8) AC:9 Xp:1/0                                        

",-0.001,False
66,east,,"message:


language observation:
bars far eastnortheast, eastsoutheast, southsoutheast, and southsouthwest
bars far eastnortheast, eastsoutheast, southsoutheast, and southsouthwest
dark area far east, southeast, and south
bars near northnortheast, eastnortheast, eastsoutheast, southsouthwest, westsouthwest, westnorthwest, and northnorthwest
bars near northnortheast, eastnortheast, eastsoutheast, southsouthwest, westsouthwest, westnorthwest, and northnorthwest
dark area near north, northeast, southwest, west, and northwest
boulder near eastsoutheast, southsoutheast, and southsouthwest
fountain near eastsoutheast and southsouthwest
stairs up near southeast
bars very near north, northeast, eastsoutheast, southeast, southsoutheast, south, southwest, westsouthwest, northwest, and northnorthwest
boulder very near east
bars adjacent southeast and south
fountain adjacent southwest and northwest

cursor:
Yourself a wizard
(x=37, y=11)

map:
                                                                                
                                                                                
                                                                                
                                                                                
                                                                                
                                                                                
                                                                                
                                  ##########                                    
                                  ####.#####                                    
                                  #.{....###                                    
                                  #..@.`...#                                    
                                  ##{###.`{#                                    
                                  ##.#######                                    
                                  ##..`.#..#                                    
                                  #`.......#                                    
                                  ##{...#.<#                                    
                                  ##########                                    
                                                                                
                                                                                
                                                                                
                                                                                
Agent the Evoker               St:7 Dx:16 Co:13 In:18 Wi:11 Ch:10 Neutral S:0   
Dlvl:1 $:0 HP:12(12) Pw:8(8) AC:9 Xp:1/0                                        

",-0.001,False
67,east,,"message:


language observation:
dark area far east, southeast, and south
bars far southsoutheast and southsouthwest
bars far southsoutheast and southsouthwest
bars near northnortheast, eastnortheast, eastsoutheast, southsoutheast, southsouthwest, southwest, westsouthwest, westnorthwest, and northnorthwest
bars near northnortheast, eastnortheast, eastsoutheast, southsoutheast, southsouthwest, southwest, westsouthwest, westnorthwest, and northnorthwest
dark area near north, northeast, southwest, west, and northwest
boulder near eastsoutheast, south, and southsouthwest
fountain near eastsoutheast and southsouthwest
stairs up near southsoutheast
bars very near northnortheast, northeast, southeast, southsoutheast, south, southsouthwest, northwest, and northnorthwest
fountain very near westsouthwest and westnorthwest
boulder adjacent east
bars adjacent southeast, south, and southwest

cursor:
Yourself a wizard
(x=38, y=11)

map:
                                                                                
                                                                                
                                                                                
                                                                                
                                                                                
                                                                                
                                                                                
                                  ##########                                    
                                  ####.#####                                    
                                  #.{....###                                    
                                  #...@`...#                                    
                                  ##{###.`{#                                    
                                  ##.#######                                    
                                  ##..`.#..#                                    
                                  #`.......#                                    
                                  ##{...#.<#                                    
                                  ##########                                    
                                                                                
                                                                                
                                                                                
                                                                                
Agent the Evoker               St:7 Dx:16 Co:13 In:18 Wi:11 Ch:10 Neutral S:0   
Dlvl:1 $:0 HP:12(12) Pw:8(8) AC:9 Xp:1/0                                        

",-0.001,False
68,east,,"message:
With great effort you move the boulder.

language observation:
bars far southsoutheast and southsouthwest
bars far southsoutheast and southsouthwest
dark area far south, southwest, and west
bars near northnortheast, eastnortheast, eastsoutheast, southsoutheast, westsouthwest, westnorthwest, and northnorthwest
bars near northnortheast, eastnortheast, eastsoutheast, southsoutheast, westsouthwest, westnorthwest, and northnorthwest
dark area near north, northeast, east, southeast, and northwest
fountain near eastsoutheast, southsouthwest, westsouthwest, and westnorthwest
stairs up near southsoutheast
boulder near southsouthwest and southwest
bars very near north, northnortheast, northeast, eastnortheast, southeast, southsoutheast, south, southsouthwest, southwest, westsouthwest, and northwest
boulder very near eastsoutheast
boulder adjacent east
bars adjacent south and southwest

cursor:
Yourself a wizard
(x=39, y=11)

map:
                                                                                
                                                                                
                                                                                
                                                                                
                                                                                
                                                                                
                                                                                
                                  ##########                                    
                                  ####.#####                                    
                                  #.{....###                                    
                                  #....@`..#                                    
                                  ##{###.`{#                                    
                                  ##.#######                                    
                                  ##..`.#..#                                    
                                  #`.......#                                    
                                  ##{...#.<#                                    
                                  ##########                                    
                                                                                
                                                                                
                                                                                
                                                                                
Agent the Evoker               St:7 Dx:16 Co:13 In:18 Wi:11 Ch:10 Neutral S:0   
Dlvl:1 $:0 HP:12(12) Pw:8(8) AC:9 Xp:1/0                                        

",-0.001,False
69,east,,"message:


language observation:
bars far southsoutheast, southsouthwest, westsouthwest, and westnorthwest
bars far southsoutheast, southsouthwest, westsouthwest, and westnorthwest
dark area far south, southwest, and west
bars near northnortheast, eastnortheast, eastsoutheast, southsoutheast, south, westsouthwest, westnorthwest, and northnorthwest
bars near northnortheast, eastnortheast, eastsoutheast, southsoutheast, south, westsouthwest, westnorthwest, and northnorthwest
dark area near north, northeast, east, southeast, and northwest
stairs up near southsoutheast
boulder near southsouthwest and westsouthwest
fountain near southsouthwest, westsouthwest, and westnorthwest
bars very near north, northnortheast, northeast, eastnortheast, southeast, southsoutheast, south, southsouthwest, southwest, westsouthwest, and northnorthwest
fountain very near eastsoutheast
bars adjacent northeast and southwest
boulder adjacent east and southeast

cursor:
Yourself a wizard
(x=40, y=11)

map:
                                                                                
                                                                                
                                                                                
                                                                                
                                                                                
                                                                                
                                                                                
                                  ##########                                    
                                  ####.#####                                    
                                  #.{....###                                    
                                  #.....@`.#                                    
                                  ##{###.`{#                                    
                                  ##.#######                                    
                                  ##..`.#..#                                    
                                  #`.......#                                    
                                  ##{...#.<#                                    
                                  ##########                                    
                                                                                
                                                                                
                                                                                
                                                                                
Agent the Evoker               St:7 Dx:16 Co:13 In:18 Wi:11 Ch:10 Neutral S:0   
Dlvl:1 $:0 HP:12(12) Pw:8(8) AC:9 Xp:1/0                                        

",-0.001,False
70,west,,"message:


language observation:
bars far southsoutheast and southsouthwest
bars far southsoutheast and southsouthwest
dark area far south, southwest, and west
bars near northnortheast, eastnortheast, eastsoutheast, southsoutheast, westsouthwest, westnorthwest, and northnorthwest
bars near northnortheast, eastnortheast, eastsoutheast, southsoutheast, westsouthwest, westnorthwest, and northnorthwest
dark area near north, northeast, east, southeast, and northwest
fountain near eastsoutheast, southsouthwest, westsouthwest, and westnorthwest
stairs up near southsoutheast
boulder near southsouthwest and southwest
bars very near north, northnortheast, northeast, eastnortheast, southeast, southsoutheast, south, southsouthwest, southwest, westsouthwest, and northwest
boulder very near east and eastsoutheast
bars adjacent south and southwest

cursor:
Yourself a wizard
(x=39, y=11)

map:
                                                                                
                                                                                
                                                                                
                                                                                
                                                                                
                                                                                
                                                                                
                                  ##########                                    
                                  ####.#####                                    
                                  #.{....###                                    
                                  #....@.`.#                                    
                                  ##{###.`{#                                    
                                  ##.#######                                    
                                  ##..`.#..#                                    
                                  #`.......#                                    
                                  ##{...#.<#                                    
                                  ##########                                    
                                                                                
                                                                                
                                                                                
                                                                                
Agent the Evoker               St:7 Dx:16 Co:13 In:18 Wi:11 Ch:10 Neutral S:0   
Dlvl:1 $:0 HP:12(12) Pw:8(8) AC:9 Xp:1/0                                        

",-0.001,False
71,east,,"message:


language observation:
bars far southsoutheast, southsouthwest, westsouthwest, and westnorthwest
bars far southsoutheast, southsouthwest, westsouthwest, and westnorthwest
dark area far south, southwest, and west
bars near northnortheast, eastnortheast, eastsoutheast, southsoutheast, south, westsouthwest, westnorthwest, and northnorthwest
bars near northnortheast, eastnortheast, eastsoutheast, southsoutheast, south, westsouthwest, westnorthwest, and northnorthwest
dark area near north, northeast, east, southeast, and northwest
stairs up near southsoutheast
boulder near southsouthwest and westsouthwest
fountain near southsouthwest, westsouthwest, and westnorthwest
bars very near north, northnortheast, northeast, eastnortheast, southeast, southsoutheast, south, southsouthwest, southwest, westsouthwest, and northnorthwest
fountain very near eastsoutheast
bars adjacent northeast and southwest
boulder adjacent east and southeast

cursor:
Yourself a wizard
(x=40, y=11)

map:
                                                                                
                                                                                
                                                                                
                                                                                
                                                                                
                                                                                
                                                                                
                                  ##########                                    
                                  ####.#####                                    
                                  #.{....###                                    
                                  #.....@`.#                                    
                                  ##{###.`{#                                    
                                  ##.#######                                    
                                  ##..`.#..#                                    
                                  #`.......#                                    
                                  ##{...#.<#                                    
                                  ##########                                    
                                                                                
                                                                                
                                                                                
                                                                                
Agent the Evoker               St:7 Dx:16 Co:13 In:18 Wi:11 Ch:10 Neutral S:0   
Dlvl:1 $:0 HP:12(12) Pw:8(8) AC:9 Xp:1/0                                        

",-0.001,False
72,north,,"message:


language observation:
stairs up far southsoutheast
bars far southsoutheast, south, southsouthwest, westsouthwest, and westnorthwest
bars far southsoutheast, south, southsouthwest, westsouthwest, and westnorthwest
dark area far south, southwest, and west
fountain far southsouthwest
dark area near north, northeast, east, southeast, and northwest
bars near eastnortheast, eastsoutheast, southsoutheast, south, southsouthwest, westsouthwest, and westnorthwest
bars near eastnortheast, eastsoutheast, southsoutheast, south, southsouthwest, westsouthwest, and westnorthwest
boulder near southsouthwest and southwest
fountain near westsouthwest and west
bars very near north, northnortheast, northeast, eastnortheast, east, southsouthwest, southwest, northwest, and northnorthwest
fountain very near southeast
boulder very near southsoutheast
bars adjacent north, northeast, east, and northwest
boulder adjacent southeast

cursor:
Yourself a wizard
(x=40, y=10)

map:
                                                                                
                                                                                
                                                                                
                                                                                
                                                                                
                                                                                
                                                                                
                                  ##########                                    
                                  ####.#####                                    
                                  #.{...@###                                    
                                  #......`.#                                    
                                  ##{###.`{#                                    
                                  ##.#######                                    
                                  ##..`.#..#                                    
                                  #`.......#                                    
                                  ##{...#.<#                                    
                                  ##########                                    
                                                                                
                                                                                
                                                                                
                                                                                
Agent the Evoker               St:7 Dx:16 Co:13 In:18 Wi:11 Ch:10 Neutral S:0   
Dlvl:1 $:0 HP:12(12) Pw:8(8) AC:9 Xp:1/0                                        

",-0.001,False
73,south,,"message:


language observation:
bars far southsoutheast, southsouthwest, westsouthwest, and westnorthwest
bars far southsoutheast, southsouthwest, westsouthwest, and westnorthwest
dark area far south, southwest, and west
bars near northnortheast, eastnortheast, eastsoutheast, southsoutheast, south, westsouthwest, westnorthwest, and northnorthwest
bars near northnortheast, eastnortheast, eastsoutheast, southsoutheast, south, westsouthwest, westnorthwest, and northnorthwest
dark area near north, northeast, east, southeast, and northwest
stairs up near southsoutheast
boulder near southsouthwest and westsouthwest
fountain near southsouthwest, westsouthwest, and westnorthwest
bars very near north, northnortheast, northeast, eastnortheast, southeast, southsoutheast, south, southsouthwest, southwest, westsouthwest, and northnorthwest
fountain very near eastsoutheast
bars adjacent northeast and southwest
boulder adjacent east and southeast

cursor:
Yourself a wizard
(x=40, y=11)

map:
                                                                                
                                                                                
                                                                                
                                                                                
                                                                                
                                                                                
                                                                                
                                  ##########                                    
                                  ####.#####                                    
                                  #.{....###                                    
                                  #.....@`.#                                    
                                  ##{###.`{#                                    
                                  ##.#######                                    
                                  ##..`.#..#                                    
                                  #`.......#                                    
                                  ##{...#.<#                                    
                                  ##########                                    
                                                                                
                                                                                
                                                                                
                                                                                
Agent the Evoker               St:7 Dx:16 Co:13 In:18 Wi:11 Ch:10 Neutral S:0   
Dlvl:1 $:0 HP:12(12) Pw:8(8) AC:9 Xp:1/0                                        

",-0.001,False
74,north,,"message:


language observation:
stairs up far southsoutheast
bars far southsoutheast, south, southsouthwest, westsouthwest, and westnorthwest
bars far southsoutheast, south, southsouthwest, westsouthwest, and westnorthwest
dark area far south, southwest, and west
fountain far southsouthwest
dark area near north, northeast, east, southeast, and northwest
bars near eastnortheast, eastsoutheast, southsoutheast, south, southsouthwest, westsouthwest, and westnorthwest
bars near eastnortheast, eastsoutheast, southsoutheast, south, southsouthwest, westsouthwest, and westnorthwest
boulder near southsouthwest and southwest
fountain near westsouthwest and west
bars very near north, northnortheast, northeast, eastnortheast, east, southsouthwest, southwest, northwest, and northnorthwest
fountain very near southeast
boulder very near southsoutheast
bars adjacent north, northeast, east, and northwest
boulder adjacent southeast

cursor:
Yourself a wizard
(x=40, y=10)

map:
                                                                                
                                                                                
                                                                                
                                                                                
                                                                                
                                                                                
                                                                                
                                  ##########                                    
                                  ####.#####                                    
                                  #.{...@###                                    
                                  #......`.#                                    
                                  ##{###.`{#                                    
                                  ##.#######                                    
                                  ##..`.#..#                                    
                                  #`.......#                                    
                                  ##{...#.<#                                    
                                  ##########                                    
                                                                                
                                                                                
                                                                                
                                                                                
Agent the Evoker               St:7 Dx:16 Co:13 In:18 Wi:11 Ch:10 Neutral S:0   
Dlvl:1 $:0 HP:12(12) Pw:8(8) AC:9 Xp:1/0                                        

",-0.001,False
75,"We think move south
south",,"

Your previous output did not contain a valid action. Defaulted to action: north

Observation:
message:
You cannot pass through the bars.

language observation:
stairs up far southsoutheast
bars far southsoutheast, south, southsouthwest, westsouthwest, and westnorthwest
bars far southsoutheast, south, southsouthwest, westsouthwest, and westnorthwest
dark area far south, southwest, and west
fountain far southsouthwest
dark area near north, northeast, east, southeast, and northwest
bars near eastnortheast, eastsoutheast, southsoutheast, south, southsouthwest, westsouthwest, and westnorthwest
bars near eastnortheast, eastsoutheast, southsoutheast, south, southsouthwest, westsouthwest, and westnorthwest
boulder near southsouthwest and southwest
fountain near westsouthwest and west
bars very near north, northnortheast, northeast, eastnortheast, east, southsouthwest, southwest, northwest, and northnorthwest
fountain very near southeast
boulder very near southsoutheast
bars adjacent north, northeast, east, and northwest
boulder adjacent southeast

cursor:
Yourself a wizard
(x=40, y=10)

map:
                                                                                
                                                                                
                                                                                
                                                                                
                                                                                
                                                                                
                                                                                
                                  ##########                                    
                                  ####.#####                                    
                                  #.{...@###                                    
                                  #......`.#                                    
                                  ##{###.`{#                                    
                                  ##.#######                                    
                                  ##..`.#..#                                    
                                  #`.......#                                    
                                  ##{...#.<#                                    
                                  ##########                                    
                                                                                
                                                                                
                                                                                
                                                                                
Agent the Evoker               St:7 Dx:16 Co:13 In:18 Wi:11 Ch:10 Neutral S:0   
Dlvl:1 $:0 HP:12(12) Pw:8(8) AC:9 Xp:1/0                                        

",-0.001,False
76,west,,"message:


language observation:
bars far southsoutheast and southsouthwest
bars far southsoutheast and southsouthwest
stairs up far southsoutheast
dark area far south, southwest, and west
fountain far southsouthwest
dark area near north, northeast, east, southeast, and northwest
bars near eastnortheast, east, eastsoutheast, southeast, southsoutheast, southsouthwest, southwest, westsouthwest, and westnorthwest
bars near eastnortheast, east, eastsoutheast, southeast, southsoutheast, southsouthwest, southwest, westsouthwest, and westnorthwest
fountain near eastsoutheast, westsouthwest, and west
boulders near southsouthwest
bars very near north, northnortheast, northeast, eastnortheast, east, south, southsouthwest, southwest, westnorthwest, northwest, and northnorthwest
boulder very near eastsoutheast and southeast
bars adjacent north and northeast

cursor:
Yourself a wizard
(x=39, y=10)

map:
                                                                                
                                                                                
                                                                                
                                                                                
                                                                                
                                                                                
                                                                                
                                  ##########                                    
                                  ####.#####                                    
                                  #.{..@.###                                    
                                  #......`.#                                    
                                  ##{###.`{#                                    
                                  ##.#######                                    
                                  ##..`.#..#                                    
                                  #`.......#                                    
                                  ##{...#.<#                                    
                                  ##########                                    
                                                                                
                                                                                
                                                                                
                                                                                
Agent the Evoker               St:7 Dx:16 Co:13 In:18 Wi:11 Ch:10 Neutral S:0   
Dlvl:1 $:0 HP:12(12) Pw:8(8) AC:9 Xp:1/0                                        

",-0.001,False
77,west,,"message:


language observation:
dark area far east, southeast, and south
bars far southsoutheast and southsouthwest
bars far southsoutheast and southsouthwest
stairs up far southsoutheast
fountain far southsouthwest
dark area near north, northeast, southwest, west, and northwest
bars near eastnortheast, east, eastsoutheast, southeast, southsoutheast, southsouthwest, southwest, westsouthwest, and westnorthwest
bars near eastnortheast, east, eastsoutheast, southeast, southsoutheast, southsouthwest, southwest, westsouthwest, and westnorthwest
boulder near south and southsouthwest
boulders near eastsoutheast
fountain near eastsoutheast
bars very near north, northnortheast, northeast, eastnortheast, southsoutheast, south, southsouthwest, westnorthwest, northwest, and northnorthwest
fountain very near southwest and west
bars adjacent northeast and northwest

cursor:
Yourself a wizard
(x=38, y=10)

map:
                                                                                
                                                                                
                                                                                
                                                                                
                                                                                
                                                                                
                                                                                
                                  ##########                                    
                                  ####.#####                                    
                                  #.{.@..###                                    
                                  #......`.#                                    
                                  ##{###.`{#                                    
                                  ##.#######                                    
                                  ##..`.#..#                                    
                                  #`.......#                                    
                                  ##{...#.<#                                    
                                  ##########                                    
                                                                                
                                                                                
                                                                                
                                                                                
Agent the Evoker               St:7 Dx:16 Co:13 In:18 Wi:11 Ch:10 Neutral S:0   
Dlvl:1 $:0 HP:12(12) Pw:8(8) AC:9 Xp:1/0                                        

",-0.001,False
78,south,,"message:


language observation:
dark area far east, southeast, and south
bars far southsoutheast and southsouthwest
bars far southsoutheast and southsouthwest
bars near northnortheast, eastnortheast, eastsoutheast, southsoutheast, southsouthwest, southwest, westsouthwest, westnorthwest, and northnorthwest
bars near northnortheast, eastnortheast, eastsoutheast, southsoutheast, southsouthwest, southwest, westsouthwest, westnorthwest, and northnorthwest
dark area near north, northeast, southwest, west, and northwest
boulder near east, eastsoutheast, south, and southsouthwest
fountain near eastsoutheast and southsouthwest
stairs up near southsoutheast
bars very near northnortheast, northeast, southeast, southsoutheast, south, southsouthwest, northwest, and northnorthwest
fountain very near westsouthwest and westnorthwest
bars adjacent southeast, south, and southwest

cursor:
Yourself a wizard
(x=38, y=11)

map:
                                                                                
                                                                                
                                                                                
                                                                                
                                                                                
                                                                                
                                                                                
                                  ##########                                    
                                  ####.#####                                    
                                  #.{....###                                    
                                  #...@..`.#                                    
                                  ##{###.`{#                                    
                                  ##.#######                                    
                                  ##..`.#..#                                    
                                  #`.......#                                    
                                  ##{...#.<#                                    
                                  ##########                                    
                                                                                
                                                                                
                                                                                
                                                                                
Agent the Evoker               St:7 Dx:16 Co:13 In:18 Wi:11 Ch:10 Neutral S:0   
Dlvl:1 $:0 HP:12(12) Pw:8(8) AC:9 Xp:1/0                                        

",-0.001,False
79,east,,"message:


language observation:
bars far southsoutheast and southsouthwest
bars far southsoutheast and southsouthwest
dark area far south, southwest, and west
bars near northnortheast, eastnortheast, eastsoutheast, southsoutheast, westsouthwest, westnorthwest, and northnorthwest
bars near northnortheast, eastnortheast, eastsoutheast, southsoutheast, westsouthwest, westnorthwest, and northnorthwest
dark area near north, northeast, east, southeast, and northwest
fountain near eastsoutheast, southsouthwest, westsouthwest, and westnorthwest
stairs up near southsoutheast
boulder near southsouthwest and southwest
bars very near north, northnortheast, northeast, eastnortheast, southeast, southsoutheast, south, southsouthwest, southwest, westsouthwest, and northwest
boulder very near east and eastsoutheast
bars adjacent south and southwest

cursor:
Yourself a wizard
(x=39, y=11)

map:
                                                                                
                                                                                
                                                                                
                                                                                
                                                                                
                                                                                
                                                                                
                                  ##########                                    
                                  ####.#####                                    
                                  #.{....###                                    
                                  #....@.`.#                                    
                                  ##{###.`{#                                    
                                  ##.#######                                    
                                  ##..`.#..#                                    
                                  #`.......#                                    
                                  ##{...#.<#                                    
                                  ##########                                    
                                                                                
                                                                                
                                                                                
                                                                                
Agent the Evoker               St:7 Dx:16 Co:13 In:18 Wi:11 Ch:10 Neutral S:0   
Dlvl:1 $:0 HP:12(12) Pw:8(8) AC:9 Xp:1/0                                        

",-0.001,False
80,east,,"message:


language observation:
bars far southsoutheast, southsouthwest, westsouthwest, and westnorthwest
bars far southsoutheast, southsouthwest, westsouthwest, and westnorthwest
dark area far south, southwest, and west
bars near northnortheast, eastnortheast, eastsoutheast, southsoutheast, south, westsouthwest, westnorthwest, and northnorthwest
bars near northnortheast, eastnortheast, eastsoutheast, southsoutheast, south, westsouthwest, westnorthwest, and northnorthwest
dark area near north, northeast, east, southeast, and northwest
stairs up near southsoutheast
boulder near southsouthwest and westsouthwest
fountain near southsouthwest, westsouthwest, and westnorthwest
bars very near north, northnortheast, northeast, eastnortheast, southeast, southsoutheast, south, southsouthwest, southwest, westsouthwest, and northnorthwest
fountain very near eastsoutheast
bars adjacent northeast and southwest
boulder adjacent east and southeast

cursor:
Yourself a wizard
(x=40, y=11)

map:
                                                                                
                                                                                
                                                                                
                                                                                
                                                                                
                                                                                
                                                                                
                                  ##########                                    
                                  ####.#####                                    
                                  #.{....###                                    
                                  #.....@`.#                                    
                                  ##{###.`{#                                    
                                  ##.#######                                    
                                  ##..`.#..#                                    
                                  #`.......#                                    
                                  ##{...#.<#                                    
                                  ##########                                    
                                                                                
                                                                                
                                                                                
                                                                                
Agent the Evoker               St:7 Dx:16 Co:13 In:18 Wi:11 Ch:10 Neutral S:0   
Dlvl:1 $:0 HP:12(12) Pw:8(8) AC:9 Xp:1/0                                        

",-0.001,False
81,west,,"message:


language observation:
bars far southsoutheast and southsouthwest
bars far southsoutheast and southsouthwest
dark area far south, southwest, and west
bars near northnortheast, eastnortheast, eastsoutheast, southsoutheast, westsouthwest, westnorthwest, and northnorthwest
bars near northnortheast, eastnortheast, eastsoutheast, southsoutheast, westsouthwest, westnorthwest, and northnorthwest
dark area near north, northeast, east, southeast, and northwest
fountain near eastsoutheast, southsouthwest, westsouthwest, and westnorthwest
stairs up near southsoutheast
boulder near southsouthwest and southwest
bars very near north, northnortheast, northeast, eastnortheast, southeast, southsoutheast, south, southsouthwest, southwest, westsouthwest, and northwest
boulder very near east and eastsoutheast
bars adjacent south and southwest

cursor:
Yourself a wizard
(x=39, y=11)

map:
                                                                                
                                                                                
                                                                                
                                                                                
                                                                                
                                                                                
                                                                                
                                  ##########                                    
                                  ####.#####                                    
                                  #.{....###                                    
                                  #....@.`.#                                    
                                  ##{###.`{#                                    
                                  ##.#######                                    
                                  ##..`.#..#                                    
                                  #`.......#                                    
                                  ##{...#.<#                                    
                                  ##########                                    
                                                                                
                                                                                
                                                                                
                                                                                
Agent the Evoker               St:7 Dx:16 Co:13 In:18 Wi:11 Ch:10 Neutral S:0   
Dlvl:1 $:0 HP:12(12) Pw:8(8) AC:9 Xp:1/0                                        

",-0.001,False
82,north,,"message:


language observation:
bars far southsoutheast and southsouthwest
bars far southsoutheast and southsouthwest
stairs up far southsoutheast
dark area far south, southwest, and west
fountain far southsouthwest
dark area near north, northeast, east, southeast, and northwest
bars near eastnortheast, east, eastsoutheast, southeast, southsoutheast, southsouthwest, southwest, westsouthwest, and westnorthwest
bars near eastnortheast, east, eastsoutheast, southeast, southsoutheast, southsouthwest, southwest, westsouthwest, and westnorthwest
fountain near eastsoutheast, westsouthwest, and west
boulders near southsouthwest
bars very near north, northnortheast, northeast, eastnortheast, east, south, southsouthwest, southwest, westnorthwest, northwest, and northnorthwest
boulder very near eastsoutheast and southeast
bars adjacent north and northeast

cursor:
Yourself a wizard
(x=39, y=10)

map:
                                                                                
                                                                                
                                                                                
                                                                                
                                                                                
                                                                                
                                                                                
                                  ##########                                    
                                  ####.#####                                    
                                  #.{..@.###                                    
                                  #......`.#                                    
                                  ##{###.`{#                                    
                                  ##.#######                                    
                                  ##..`.#..#                                    
                                  #`.......#                                    
                                  ##{...#.<#                                    
                                  ##########                                    
                                                                                
                                                                                
                                                                                
                                                                                
Agent the Evoker               St:7 Dx:16 Co:13 In:18 Wi:11 Ch:10 Neutral S:0   
Dlvl:1 $:0 HP:12(12) Pw:8(8) AC:9 Xp:1/0                                        

",-0.001,False
83,east,,"message:


language observation:
stairs up far southsoutheast
bars far southsoutheast, south, southsouthwest, westsouthwest, and westnorthwest
bars far southsoutheast, south, southsouthwest, westsouthwest, and westnorthwest
dark area far south, southwest, and west
fountain far southsouthwest
dark area near north, northeast, east, southeast, and northwest
bars near eastnortheast, eastsoutheast, southsoutheast, south, southsouthwest, westsouthwest, and westnorthwest
bars near eastnortheast, eastsoutheast, southsoutheast, south, southsouthwest, westsouthwest, and westnorthwest
boulder near southsouthwest and southwest
fountain near westsouthwest and west
bars very near north, northnortheast, northeast, eastnortheast, east, southsouthwest, southwest, northwest, and northnorthwest
fountain very near southeast
boulder very near southsoutheast
bars adjacent north, northeast, east, and northwest
boulder adjacent southeast

cursor:
Yourself a wizard
(x=40, y=10)

map:
                                                                                
                                                                                
                                                                                
                                                                                
                                                                                
                                                                                
                                                                                
                                  ##########                                    
                                  ####.#####                                    
                                  #.{...@###                                    
                                  #......`.#                                    
                                  ##{###.`{#                                    
                                  ##.#######                                    
                                  ##..`.#..#                                    
                                  #`.......#                                    
                                  ##{...#.<#                                    
                                  ##########                                    
                                                                                
                                                                                
                                                                                
                                                                                
Agent the Evoker               St:7 Dx:16 Co:13 In:18 Wi:11 Ch:10 Neutral S:0   
Dlvl:1 $:0 HP:12(12) Pw:8(8) AC:9 Xp:1/0                                        

",-0.001,False
84,east,,"message:
You cannot pass through the bars.

language observation:
stairs up far southsoutheast
bars far southsoutheast, south, southsouthwest, westsouthwest, and westnorthwest
bars far southsoutheast, south, southsouthwest, westsouthwest, and westnorthwest
dark area far south, southwest, and west
fountain far southsouthwest
dark area near north, northeast, east, southeast, and northwest
bars near eastnortheast, eastsoutheast, southsoutheast, south, southsouthwest, westsouthwest, and westnorthwest
bars near eastnortheast, eastsoutheast, southsoutheast, south, southsouthwest, westsouthwest, and westnorthwest
boulder near southsouthwest and southwest
fountain near westsouthwest and west
bars very near north, northnortheast, northeast, eastnortheast, east, southsouthwest, southwest, northwest, and northnorthwest
fountain very near southeast
boulder very near southsoutheast
bars adjacent north, northeast, east, and northwest
boulder adjacent southeast

cursor:
Yourself a wizard
(x=40, y=10)

map:
                                                                                
                                                                                
                                                                                
                                                                                
                                                                                
                                                                                
                                                                                
                                  ##########                                    
                                  ####.#####                                    
                                  #.{...@###                                    
                                  #......`.#                                    
                                  ##{###.`{#                                    
                                  ##.#######                                    
                                  ##..`.#..#                                    
                                  #`.......#                                    
                                  ##{...#.<#                                    
                                  ##########                                    
                                                                                
                                                                                
                                                                                
                                                                                
Agent the Evoker               St:7 Dx:16 Co:13 In:18 Wi:11 Ch:10 Neutral S:0   
Dlvl:1 $:0 HP:12(12) Pw:8(8) AC:9 Xp:1/0                                        

",-0.001,False
85,east,,"message:
You cannot pass through the bars.

language observation:
stairs up far southsoutheast
bars far southsoutheast, south, southsouthwest, westsouthwest, and westnorthwest
bars far southsoutheast, south, southsouthwest, westsouthwest, and westnorthwest
dark area far south, southwest, and west
fountain far southsouthwest
dark area near north, northeast, east, southeast, and northwest
bars near eastnortheast, eastsoutheast, southsoutheast, south, southsouthwest, westsouthwest, and westnorthwest
bars near eastnortheast, eastsoutheast, southsoutheast, south, southsouthwest, westsouthwest, and westnorthwest
boulder near southsouthwest and southwest
fountain near westsouthwest and west
bars very near north, northnortheast, northeast, eastnortheast, east, southsouthwest, southwest, northwest, and northnorthwest
fountain very near southeast
boulder very near southsoutheast
bars adjacent north, northeast, east, and northwest
boulder adjacent southeast

cursor:
Yourself a wizard
(x=40, y=10)

map:
                                                                                
                                                                                
                                                                                
                                                                                
                                                                                
                                                                                
                                                                                
                                  ##########                                    
                                  ####.#####                                    
                                  #.{...@###                                    
                                  #......`.#                                    
                                  ##{###.`{#                                    
                                  ##.#######                                    
                                  ##..`.#..#                                    
                                  #`.......#                                    
                                  ##{...#.<#                                    
                                  ##########                                    
                                                                                
                                                                                
                                                                                
                                                                                
Agent the Evoker               St:7 Dx:16 Co:13 In:18 Wi:11 Ch:10 Neutral S:0   
Dlvl:1 $:0 HP:12(12) Pw:8(8) AC:9 Xp:1/0                                        

",-0.001,False
86,east,,"message:
You cannot pass through the bars.

language observation:
stairs up far southsoutheast
bars far southsoutheast, south, southsouthwest, westsouthwest, and westnorthwest
bars far southsoutheast, south, southsouthwest, westsouthwest, and westnorthwest
dark area far south, southwest, and west
fountain far southsouthwest
dark area near north, northeast, east, southeast, and northwest
bars near eastnortheast, eastsoutheast, southsoutheast, south, southsouthwest, westsouthwest, and westnorthwest
bars near eastnortheast, eastsoutheast, southsoutheast, south, southsouthwest, westsouthwest, and westnorthwest
boulder near southsouthwest and southwest
fountain near westsouthwest and west
bars very near north, northnortheast, northeast, eastnortheast, east, southsouthwest, southwest, northwest, and northnorthwest
fountain very near southeast
boulder very near southsoutheast
bars adjacent north, northeast, east, and northwest
boulder adjacent southeast

cursor:
Yourself a wizard
(x=40, y=10)

map:
                                                                                
                                                                                
                                                                                
                                                                                
                                                                                
                                                                                
                                                                                
                                  ##########                                    
                                  ####.#####                                    
                                  #.{...@###                                    
                                  #......`.#                                    
                                  ##{###.`{#                                    
                                  ##.#######                                    
                                  ##..`.#..#                                    
                                  #`.......#                                    
                                  ##{...#.<#                                    
                                  ##########                                    
                                                                                
                                                                                
                                                                                
                                                                                
Agent the Evoker               St:7 Dx:16 Co:13 In:18 Wi:11 Ch:10 Neutral S:0   
Dlvl:1 $:0 HP:12(12) Pw:8(8) AC:9 Xp:1/0                                        

",-0.001,False
87,south,,"message:


language observation:
bars far southsoutheast, southsouthwest, westsouthwest, and westnorthwest
bars far southsoutheast, southsouthwest, westsouthwest, and westnorthwest
dark area far south, southwest, and west
bars near northnortheast, eastnortheast, eastsoutheast, southsoutheast, south, westsouthwest, westnorthwest, and northnorthwest
bars near northnortheast, eastnortheast, eastsoutheast, southsoutheast, south, westsouthwest, westnorthwest, and northnorthwest
dark area near north, northeast, east, southeast, and northwest
stairs up near southsoutheast
boulder near southsouthwest and westsouthwest
fountain near southsouthwest, westsouthwest, and westnorthwest
bars very near north, northnortheast, northeast, eastnortheast, southeast, southsoutheast, south, southsouthwest, southwest, westsouthwest, and northnorthwest
fountain very near eastsoutheast
bars adjacent northeast and southwest
boulder adjacent east and southeast

cursor:
Yourself a wizard
(x=40, y=11)

map:
                                                                                
                                                                                
                                                                                
                                                                                
                                                                                
                                                                                
                                                                                
                                  ##########                                    
                                  ####.#####                                    
                                  #.{....###                                    
                                  #.....@`.#                                    
                                  ##{###.`{#                                    
                                  ##.#######                                    
                                  ##..`.#..#                                    
                                  #`.......#                                    
                                  ##{...#.<#                                    
                                  ##########                                    
                                                                                
                                                                                
                                                                                
                                                                                
Agent the Evoker               St:7 Dx:16 Co:13 In:18 Wi:11 Ch:10 Neutral S:0   
Dlvl:1 $:0 HP:12(12) Pw:8(8) AC:9 Xp:1/0                                        

",-0.001,False
88,north,,"message:


language observation:
stairs up far southsoutheast
bars far southsoutheast, south, southsouthwest, westsouthwest, and westnorthwest
bars far southsoutheast, south, southsouthwest, westsouthwest, and westnorthwest
dark area far south, southwest, and west
fountain far southsouthwest
dark area near north, northeast, east, southeast, and northwest
bars near eastnortheast, eastsoutheast, southsoutheast, south, southsouthwest, westsouthwest, and westnorthwest
bars near eastnortheast, eastsoutheast, southsoutheast, south, southsouthwest, westsouthwest, and westnorthwest
boulder near southsouthwest and southwest
fountain near westsouthwest and west
bars very near north, northnortheast, northeast, eastnortheast, east, southsouthwest, southwest, northwest, and northnorthwest
fountain very near southeast
boulder very near southsoutheast
bars adjacent north, northeast, east, and northwest
boulder adjacent southeast

cursor:
Yourself a wizard
(x=40, y=10)

map:
                                                                                
                                                                                
                                                                                
                                                                                
                                                                                
                                                                                
                                                                                
                                  ##########                                    
                                  ####.#####                                    
                                  #.{...@###                                    
                                  #......`.#                                    
                                  ##{###.`{#                                    
                                  ##.#######                                    
                                  ##..`.#..#                                    
                                  #`.......#                                    
                                  ##{...#.<#                                    
                                  ##########                                    
                                                                                
                                                                                
                                                                                
                                                                                
Agent the Evoker               St:7 Dx:16 Co:13 In:18 Wi:11 Ch:10 Neutral S:0   
Dlvl:1 $:0 HP:12(12) Pw:8(8) AC:9 Xp:1/0                                        

",-0.001,False
89,south,,"message:


language observation:
bars far southsoutheast, southsouthwest, westsouthwest, and westnorthwest
bars far southsoutheast, southsouthwest, westsouthwest, and westnorthwest
dark area far south, southwest, and west
bars near northnortheast, eastnortheast, eastsoutheast, southsoutheast, south, westsouthwest, westnorthwest, and northnorthwest
bars near northnortheast, eastnortheast, eastsoutheast, southsoutheast, south, westsouthwest, westnorthwest, and northnorthwest
dark area near north, northeast, east, southeast, and northwest
stairs up near southsoutheast
boulder near southsouthwest and westsouthwest
fountain near southsouthwest, westsouthwest, and westnorthwest
bars very near north, northnortheast, northeast, eastnortheast, southeast, southsoutheast, south, southsouthwest, southwest, westsouthwest, and northnorthwest
fountain very near eastsoutheast
bars adjacent northeast and southwest
boulder adjacent east and southeast

cursor:
Yourself a wizard
(x=40, y=11)

map:
                                                                                
                                                                                
                                                                                
                                                                                
                                                                                
                                                                                
                                                                                
                                  ##########                                    
                                  ####.#####                                    
                                  #.{....###                                    
                                  #.....@`.#                                    
                                  ##{###.`{#                                    
                                  ##.#######                                    
                                  ##..`.#..#                                    
                                  #`.......#                                    
                                  ##{...#.<#                                    
                                  ##########                                    
                                                                                
                                                                                
                                                                                
                                                                                
Agent the Evoker               St:7 Dx:16 Co:13 In:18 Wi:11 Ch:10 Neutral S:0   
Dlvl:1 $:0 HP:12(12) Pw:8(8) AC:9 Xp:1/0                                        

",-0.001,False
90,east,,"message:
With great effort you move the boulder.

language observation:
bars far southsoutheast, southsouthwest, westsouthwest, and westnorthwest
bars far southsoutheast, southsouthwest, westsouthwest, and westnorthwest
dark area far south, southwest, and west
boulder far westsouthwest
bars near northnortheast, southsoutheast, southsouthwest, westsouthwest, westnorthwest, and northnorthwest
bars near northnortheast, southsoutheast, southsouthwest, westsouthwest, westnorthwest, and northnorthwest
dark area near north, northeast, east, southeast, and northwest
stairs up near southsoutheast
boulder near southwest
fountain near southwest, westsouthwest, and westnorthwest
bars very near north, northnortheast, northeast, eastnortheast, east, eastsoutheast, southeast, southsoutheast, south, southsouthwest, southwest, westsouthwest, northwest, and northnorthwest
bars adjacent north and northeast
boulder adjacent east and south
fountain adjacent southeast

cursor:
Yourself a wizard
(x=41, y=11)

map:
                                                                                
                                                                                
                                                                                
                                                                                
                                                                                
                                                                                
                                                                                
                                  ##########                                    
                                  ####.#####                                    
                                  #.{....###                                    
                                  #......@`#                                    
                                  ##{###.`{#                                    
                                  ##.#######                                    
                                  ##..`.#..#                                    
                                  #`.......#                                    
                                  ##{...#.<#                                    
                                  ##########                                    
                                                                                
                                                                                
                                                                                
                                                                                
Agent the Evoker               St:7 Dx:16 Co:13 In:18 Wi:11 Ch:10 Neutral S:0   
Dlvl:1 $:0 HP:12(12) Pw:8(8) AC:9 Xp:1/0                                        

",-0.001,False
91,west,,"message:


language observation:
bars far southsoutheast, southsouthwest, westsouthwest, and westnorthwest
bars far southsoutheast, southsouthwest, westsouthwest, and westnorthwest
dark area far south, southwest, and west
bars near northnortheast, eastnortheast, eastsoutheast, southsoutheast, south, westsouthwest, westnorthwest, and northnorthwest
bars near northnortheast, eastnortheast, eastsoutheast, southsoutheast, south, westsouthwest, westnorthwest, and northnorthwest
dark area near north, northeast, east, southeast, and northwest
stairs up near southsoutheast
boulder near southsouthwest and westsouthwest
fountain near southsouthwest, westsouthwest, and westnorthwest
bars very near north, northnortheast, northeast, eastnortheast, southeast, southsoutheast, south, southsouthwest, southwest, westsouthwest, and northnorthwest
boulder very near east
fountain very near eastsoutheast
bars adjacent northeast and southwest
boulder adjacent southeast

cursor:
Yourself a wizard
(x=40, y=11)

map:
                                                                                
                                                                                
                                                                                
                                                                                
                                                                                
                                                                                
                                                                                
                                  ##########                                    
                                  ####.#####                                    
                                  #.{....###                                    
                                  #.....@.`#                                    
                                  ##{###.`{#                                    
                                  ##.#######                                    
                                  ##..`.#..#                                    
                                  #`.......#                                    
                                  ##{...#.<#                                    
                                  ##########                                    
                                                                                
                                                                                
                                                                                
                                                                                
Agent the Evoker               St:7 Dx:16 Co:13 In:18 Wi:11 Ch:10 Neutral S:0   
Dlvl:1 $:0 HP:12(12) Pw:8(8) AC:9 Xp:1/0                                        

",-0.001,False
92,north,,"message:


language observation:
stairs up far southsoutheast
bars far southsoutheast, south, southsouthwest, westsouthwest, and westnorthwest
bars far southsoutheast, south, southsouthwest, westsouthwest, and westnorthwest
dark area far south, southwest, and west
fountain far southsouthwest
dark area near north, northeast, east, southeast, and northwest
bars near eastnortheast, eastsoutheast, southsoutheast, south, southsouthwest, westsouthwest, and westnorthwest
bars near eastnortheast, eastsoutheast, southsoutheast, south, southsouthwest, westsouthwest, and westnorthwest
boulder near southsouthwest and southwest
fountain near westsouthwest and west
bars very near north, northnortheast, northeast, eastnortheast, east, southsouthwest, southwest, northwest, and northnorthwest
boulder very near eastsoutheast and southsoutheast
fountain very near southeast
bars adjacent north, northeast, east, and northwest

cursor:
Yourself a wizard
(x=40, y=10)

map:
                                                                                
                                                                                
                                                                                
                                                                                
                                                                                
                                                                                
                                                                                
                                  ##########                                    
                                  ####.#####                                    
                                  #.{...@###                                    
                                  #.......`#                                    
                                  ##{###.`{#                                    
                                  ##.#######                                    
                                  ##..`.#..#                                    
                                  #`.......#                                    
                                  ##{...#.<#                                    
                                  ##########                                    
                                                                                
                                                                                
                                                                                
                                                                                
Agent the Evoker               St:7 Dx:16 Co:13 In:18 Wi:11 Ch:10 Neutral S:0   
Dlvl:1 $:0 HP:12(12) Pw:8(8) AC:9 Xp:1/0                                        

",-0.001,False
93,east,,"message:
You cannot pass through the bars.

language observation:
stairs up far southsoutheast
bars far southsoutheast, south, southsouthwest, westsouthwest, and westnorthwest
bars far southsoutheast, south, southsouthwest, westsouthwest, and westnorthwest
dark area far south, southwest, and west
fountain far southsouthwest
dark area near north, northeast, east, southeast, and northwest
bars near eastnortheast, eastsoutheast, southsoutheast, south, southsouthwest, westsouthwest, and westnorthwest
bars near eastnortheast, eastsoutheast, southsoutheast, south, southsouthwest, westsouthwest, and westnorthwest
boulder near southsouthwest and southwest
fountain near westsouthwest and west
bars very near north, northnortheast, northeast, eastnortheast, east, southsouthwest, southwest, northwest, and northnorthwest
boulder very near eastsoutheast and southsoutheast
fountain very near southeast
bars adjacent north, northeast, east, and northwest

cursor:
Yourself a wizard
(x=40, y=10)

map:
                                                                                
                                                                                
                                                                                
                                                                                
                                                                                
                                                                                
                                                                                
                                  ##########                                    
                                  ####.#####                                    
                                  #.{...@###                                    
                                  #.......`#                                    
                                  ##{###.`{#                                    
                                  ##.#######                                    
                                  ##..`.#..#                                    
                                  #`.......#                                    
                                  ##{...#.<#                                    
                                  ##########                                    
                                                                                
                                                                                
                                                                                
                                                                                
Agent the Evoker               St:7 Dx:16 Co:13 In:18 Wi:11 Ch:10 Neutral S:0   
Dlvl:1 $:0 HP:12(12) Pw:8(8) AC:9 Xp:1/0                                        

",-0.001,False
94,south,,"message:


language observation:
bars far southsoutheast, southsouthwest, westsouthwest, and westnorthwest
bars far southsoutheast, southsouthwest, westsouthwest, and westnorthwest
dark area far south, southwest, and west
bars near northnortheast, eastnortheast, eastsoutheast, southsoutheast, south, westsouthwest, westnorthwest, and northnorthwest
bars near northnortheast, eastnortheast, eastsoutheast, southsoutheast, south, westsouthwest, westnorthwest, and northnorthwest
dark area near north, northeast, east, southeast, and northwest
stairs up near southsoutheast
boulder near southsouthwest and westsouthwest
fountain near southsouthwest, westsouthwest, and westnorthwest
bars very near north, northnortheast, northeast, eastnortheast, southeast, southsoutheast, south, southsouthwest, southwest, westsouthwest, and northnorthwest
boulder very near east
fountain very near eastsoutheast
bars adjacent northeast and southwest
boulder adjacent southeast

cursor:
Yourself a wizard
(x=40, y=11)

map:
                                                                                
                                                                                
                                                                                
                                                                                
                                                                                
                                                                                
                                                                                
                                  ##########                                    
                                  ####.#####                                    
                                  #.{....###                                    
                                  #.....@.`#                                    
                                  ##{###.`{#                                    
                                  ##.#######                                    
                                  ##..`.#..#                                    
                                  #`.......#                                    
                                  ##{...#.<#                                    
                                  ##########                                    
                                                                                
                                                                                
                                                                                
                                                                                
Agent the Evoker               St:7 Dx:16 Co:13 In:18 Wi:11 Ch:10 Neutral S:0   
Dlvl:1 $:0 HP:12(12) Pw:8(8) AC:9 Xp:1/0                                        

",-0.001,False
95,east,,"message:


language observation:
bars far southsoutheast, southsouthwest, westsouthwest, and westnorthwest
bars far southsoutheast, southsouthwest, westsouthwest, and westnorthwest
dark area far south, southwest, and west
boulder far westsouthwest
bars near northnortheast, southsoutheast, southsouthwest, westsouthwest, westnorthwest, and northnorthwest
bars near northnortheast, southsoutheast, southsouthwest, westsouthwest, westnorthwest, and northnorthwest
dark area near north, northeast, east, southeast, and northwest
stairs up near southsoutheast
boulder near southwest
fountain near southwest, westsouthwest, and westnorthwest
bars very near north, northnortheast, northeast, eastnortheast, east, eastsoutheast, southeast, southsoutheast, south, southsouthwest, southwest, westsouthwest, northwest, and northnorthwest
bars adjacent north and northeast
boulder adjacent east and south
fountain adjacent southeast

cursor:
Yourself a wizard
(x=41, y=11)

map:
                                                                                
                                                                                
                                                                                
                                                                                
                                                                                
                                                                                
                                                                                
                                  ##########                                    
                                  ####.#####                                    
                                  #.{....###                                    
                                  #......@`#                                    
                                  ##{###.`{#                                    
                                  ##.#######                                    
                                  ##..`.#..#                                    
                                  #`.......#                                    
                                  ##{...#.<#                                    
                                  ##########                                    
                                                                                
                                                                                
                                                                                
                                                                                
Agent the Evoker               St:7 Dx:16 Co:13 In:18 Wi:11 Ch:10 Neutral S:0   
Dlvl:1 $:0 HP:12(12) Pw:8(8) AC:9 Xp:1/0                                        

",-0.001,False
96,west,,"message:


language observation:
bars far southsoutheast, southsouthwest, westsouthwest, and westnorthwest
bars far southsoutheast, southsouthwest, westsouthwest, and westnorthwest
dark area far south, southwest, and west
bars near northnortheast, eastnortheast, eastsoutheast, southsoutheast, south, westsouthwest, westnorthwest, and northnorthwest
bars near northnortheast, eastnortheast, eastsoutheast, southsoutheast, south, westsouthwest, westnorthwest, and northnorthwest
dark area near north, northeast, east, southeast, and northwest
stairs up near southsoutheast
boulder near southsouthwest and westsouthwest
fountain near southsouthwest, westsouthwest, and westnorthwest
bars very near north, northnortheast, northeast, eastnortheast, southeast, southsoutheast, south, southsouthwest, southwest, westsouthwest, and northnorthwest
boulder very near east
fountain very near eastsoutheast
bars adjacent northeast and southwest
boulder adjacent southeast

cursor:
Yourself a wizard
(x=40, y=11)

map:
                                                                                
                                                                                
                                                                                
                                                                                
                                                                                
                                                                                
                                                                                
                                  ##########                                    
                                  ####.#####                                    
                                  #.{....###                                    
                                  #.....@.`#                                    
                                  ##{###.`{#                                    
                                  ##.#######                                    
                                  ##..`.#..#                                    
                                  #`.......#                                    
                                  ##{...#.<#                                    
                                  ##########                                    
                                                                                
                                                                                
                                                                                
                                                                                
Agent the Evoker               St:7 Dx:16 Co:13 In:18 Wi:11 Ch:10 Neutral S:0   
Dlvl:1 $:0 HP:12(12) Pw:8(8) AC:9 Xp:1/0                                        

",-0.001,False
97,west,,"message:


language observation:
bars far southsoutheast and southsouthwest
bars far southsoutheast and southsouthwest
dark area far south, southwest, and west
bars near northnortheast, eastnortheast, eastsoutheast, southsoutheast, westsouthwest, westnorthwest, and northnorthwest
bars near northnortheast, eastnortheast, eastsoutheast, southsoutheast, westsouthwest, westnorthwest, and northnorthwest
dark area near north, northeast, east, southeast, and northwest
boulder near east, southsouthwest, and southwest
fountain near eastsoutheast, southsouthwest, westsouthwest, and westnorthwest
stairs up near southsoutheast
bars very near north, northnortheast, northeast, eastnortheast, southeast, southsoutheast, south, southsouthwest, southwest, westsouthwest, and northwest
boulder very near eastsoutheast
bars adjacent south and southwest

cursor:
Yourself a wizard
(x=39, y=11)

map:
                                                                                
                                                                                
                                                                                
                                                                                
                                                                                
                                                                                
                                                                                
                                  ##########                                    
                                  ####.#####                                    
                                  #.{....###                                    
                                  #....@..`#                                    
                                  ##{###.`{#                                    
                                  ##.#######                                    
                                  ##..`.#..#                                    
                                  #`.......#                                    
                                  ##{...#.<#                                    
                                  ##########                                    
                                                                                
                                                                                
                                                                                
                                                                                
Agent the Evoker               St:7 Dx:16 Co:13 In:18 Wi:11 Ch:10 Neutral S:0   
Dlvl:1 $:0 HP:12(12) Pw:8(8) AC:9 Xp:1/0                                        

",-0.001,False
98,west,,"message:


language observation:
dark area far east, southeast, and south
bars far southsoutheast and southsouthwest
bars far southsoutheast and southsouthwest
bars near northnortheast, eastnortheast, eastsoutheast, southsoutheast, southsouthwest, southwest, westsouthwest, westnorthwest, and northnorthwest
bars near northnortheast, eastnortheast, eastsoutheast, southsoutheast, southsouthwest, southwest, westsouthwest, westnorthwest, and northnorthwest
dark area near north, northeast, southwest, west, and northwest
boulder near east, eastsoutheast, south, and southsouthwest
fountain near eastsoutheast and southsouthwest
stairs up near southsoutheast
bars very near northnortheast, northeast, southeast, southsoutheast, south, southsouthwest, northwest, and northnorthwest
fountain very near westsouthwest and westnorthwest
bars adjacent southeast, south, and southwest

cursor:
Yourself a wizard
(x=38, y=11)

map:
                                                                                
                                                                                
                                                                                
                                                                                
                                                                                
                                                                                
                                                                                
                                  ##########                                    
                                  ####.#####                                    
                                  #.{....###                                    
                                  #...@...`#                                    
                                  ##{###.`{#                                    
                                  ##.#######                                    
                                  ##..`.#..#                                    
                                  #`.......#                                    
                                  ##{...#.<#                                    
                                  ##########                                    
                                                                                
                                                                                
                                                                                
                                                                                
Agent the Evoker               St:7 Dx:16 Co:13 In:18 Wi:11 Ch:10 Neutral S:0   
Dlvl:1 $:0 HP:12(12) Pw:8(8) AC:9 Xp:1/0                                        

",-0.001,False
99,east,,"message:
 
No  Points     Name                                                   Hp [max]
0  Agent-Wiz-Hum-Mal-Neu quit in The Dungeons of Doom on
level 1.                                               12  [12]


language observation:
dark area adjacent east, southeast, and south

cursor:
very far eastsoutheast 
(x=77, y=6)

map:
 No  Points     Name                                                   Hp [max] 
                                                                                
            0  Agent-Wiz-Hum-Mal-Neu quit in The Dungeons of Doom on            
                                                                                
              level 1.                                               12  [12]   
                                                                                
                                                                                
                                                                                
                                                                                
                                                                                
                                                                                
                                                                                
                                                                                
                                                                                
                                                                                
                                                                                
                                                                                
                                                                                
                                                                                
                                                                                
                                                                                
                                                                                
                                                                                

",0.0,True
