Step,Action,Reasoning,Observation,Reward,Done
0,north,,"message:


language observation:
bars far north, northnortheast, eastnortheast, eastsoutheast, and northnorthwest
bars far north, northnortheast, eastnortheast, eastsoutheast, and northnorthwest
dark area far north, northeast, and east
boulders far eastnortheast
fountains far eastnortheast
bars near northnortheast, northeast, eastnortheast, eastsoutheast, and northnorthwest
fountain near east
dark area near southeast and south
bars very near northeast, eastnortheast, southeast, southsoutheast, south, southsouthwest, and northnorthwest
boulder very near east
dark area very near southwest, west, and northwest
fountain adjacent north
boulder adjacent northeast
stairs up adjacent south
bars adjacent southwest, west, and northwest

cursor:
Yourself a priestess
(x=35, y=15)

map:
                                                                                
                                                                                
                                                                                
                                                                                
                                                                                
                                                                                
                                                                                
                                  ##########                                    
                                  #######..#                                    
                                  #.#####`.#                                    
                                  #.#####..#                                    
                                  #.#####`.#                                    
                                  #..####.{#                                    
                                  #{`####.{#                                    
                                  #@.`..{..#                                    
                                  #<....#..#                                    
                                  ##########                                    
                                                                                
                                                                                
                                                                                
                                                                                
Agent the Aspirant             St:14 Dx:11 Co:15 In:11 Wi:20 Ch:7 Chaotic S:0   
Dlvl:1 $:0 HP:13(13) Pw:8(8) AC:7 Xp:1/0                                        

",-0.001,False
1,north,,"message:


language observation:
bars far northnortheast, eastnortheast, and eastsoutheast
bars far northnortheast, eastnortheast, and eastsoutheast
dark area far north, northeast, and east
boulders far eastnortheast
fountain far eastnortheast and east
bars near northnortheast, northeast, eastnortheast, east, eastsoutheast, southsoutheast, and northnorthwest
bars near northnortheast, northeast, eastnortheast, east, eastsoutheast, southsoutheast, and northnorthwest
fountain near eastsoutheast
dark area near southeast and south
bars very near northnortheast, northeast, eastnortheast, east, southsouthwest, and northnorthwest
boulder very near eastsoutheast
stairs up very near south
dark area very near southwest, west, and northwest
boulder adjacent east
bars adjacent southwest, west, and northwest

cursor:
Yourself a priestess
(x=35, y=14)

map:
                                                                                
                                                                                
                                                                                
                                                                                
                                                                                
                                                                                
                                                                                
                                  ##########                                    
                                  #######..#                                    
                                  #.#####`.#                                    
                                  #.#####..#                                    
                                  #.#####`.#                                    
                                  #..####.{#                                    
                                  #@`####.{#                                    
                                  #..`..{..#                                    
                                  #<....#..#                                    
                                  ##########                                    
                                                                                
                                                                                
                                                                                
                                                                                
Agent the Aspirant             St:14 Dx:11 Co:15 In:11 Wi:20 Ch:7 Chaotic S:0   
Dlvl:1 $:0 HP:13(13) Pw:8(8) AC:7 Xp:1/0                                        

",-0.001,False
2,north,,"message:


language observation:
dark area far north, northeast, and east
bars far eastnortheast and eastsoutheast
bars far eastnortheast and eastsoutheast
boulders far eastnortheast
fountain far east and eastsoutheast
bars near north, northnortheast, northeast, eastnortheast, east, eastsoutheast, southsoutheast, southsouthwest, and northnorthwest
bars near north, northnortheast, northeast, eastnortheast, east, eastsoutheast, southsoutheast, southsouthwest, and northnorthwest
fountain near eastsoutheast
dark area near southeast and south
stairs up near south
bars very near northnortheast, northeast, eastnortheast, east, eastsoutheast, southsouthwest, and northnorthwest
boulder very near southeast
dark area very near southwest, west, and northwest
bars adjacent northeast, southwest, west, and northwest
boulder adjacent southeast
fountain adjacent south

cursor:
Yourself a priestess
(x=35, y=13)

map:
                                                                                
                                                                                
                                                                                
                                                                                
                                                                                
                                                                                
                                                                                
                                  ##########                                    
                                  #######..#                                    
                                  #.#####`.#                                    
                                  #.#####..#                                    
                                  #.#####`.#                                    
                                  #@.####.{#                                    
                                  #{`####.{#                                    
                                  #..`..{..#                                    
                                  #<....#..#                                    
                                  ##########                                    
                                                                                
                                                                                
                                                                                
                                                                                
Agent the Aspirant             St:14 Dx:11 Co:15 In:11 Wi:20 Ch:7 Chaotic S:0   
Dlvl:1 $:0 HP:13(13) Pw:8(8) AC:7 Xp:1/0                                        

",-0.001,False
3,north,,"message:


language observation:
bars far eastnortheast and eastsoutheast
bars far eastnortheast and eastsoutheast
boulder far eastnortheast and east
dark area far east, southeast, and south
fountains far eastsoutheast
bars near north, northnortheast, northeast, eastnortheast, east, eastsoutheast, southsoutheast, southsouthwest, and northnorthwest
bars near north, northnortheast, northeast, eastnortheast, east, eastsoutheast, southsoutheast, southsouthwest, and northnorthwest
dark area near north and northeast
fountain near eastsoutheast
boulder near southsoutheast
stairs up near south
bars very near northnortheast, northeast, eastnortheast, east, eastsoutheast, southeast, southsouthwest, and northnorthwest
boulder very near southsoutheast
fountain very near south
dark area very near southwest, west, and northwest
bars adjacent northeast, east, southwest, west, and northwest

cursor:
Yourself a priestess
(x=35, y=12)

map:
                                                                                
                                                                                
                                                                                
                                                                                
                                                                                
                                                                                
                                                                                
                                  ##########                                    
                                  #######..#                                    
                                  #.#####`.#                                    
                                  #.#####..#                                    
                                  #@#####`.#                                    
                                  #..####.{#                                    
                                  #{`####.{#                                    
                                  #..`..{..#                                    
                                  #<....#..#                                    
                                  ##########                                    
                                                                                
                                                                                
                                                                                
                                                                                
Agent the Aspirant             St:14 Dx:11 Co:15 In:11 Wi:20 Ch:7 Chaotic S:0   
Dlvl:1 $:0 HP:13(13) Pw:8(8) AC:7 Xp:1/0                                        

",-0.001,False
4,north,,"message:


language observation:
bars far eastnortheast, eastsoutheast, and southsoutheast
bars far eastnortheast, eastsoutheast, and southsoutheast
boulder far eastnortheast and eastsoutheast
dark area far east, southeast, and south
fountains far eastsoutheast
bars near northnortheast, eastnortheast, east, eastsoutheast, southeast, and southsouthwest
bars near northnortheast, eastnortheast, east, eastsoutheast, southeast, and southsouthwest
dark area near north and northeast
fountain near eastsoutheast and south
boulders near southsoutheast
stairs up near south
bars very near north, northnortheast, northeast, eastnortheast, east, eastsoutheast, southeast, southsouthwest, and northnorthwest
dark area very near southwest, west, and northwest
bars adjacent northeast, east, southeast, southwest, west, and northwest

cursor:
Yourself a priestess
(x=35, y=11)

map:
                                                                                
                                                                                
                                                                                
                                                                                
                                                                                
                                                                                
                                                                                
                                  ##########                                    
                                  #######..#                                    
                                  #.#####`.#                                    
                                  #@#####..#                                    
                                  #.#####`.#                                    
                                  #..####.{#                                    
                                  #{`####.{#                                    
                                  #..`..{..#                                    
                                  #<....#..#                                    
                                  ##########                                    
                                                                                
                                                                                
                                                                                
                                                                                
Agent the Aspirant             St:14 Dx:11 Co:15 In:11 Wi:20 Ch:7 Chaotic S:0   
Dlvl:1 $:0 HP:13(13) Pw:8(8) AC:7 Xp:1/0                                        

",-0.001,False
5,north,,"message:


language observation:
bars far eastnortheast, eastsoutheast, southsoutheast, and southsouthwest
bars far eastnortheast, eastsoutheast, southsoutheast, and southsouthwest
boulder far east and eastsoutheast
dark area far east, southeast, and south
fountains far eastsoutheast
stairs up far south
dark area near north and northeast
bars near eastnortheast, east, eastsoutheast, southeast, southsoutheast, and southsouthwest
fountain near southeast and south
boulders near southsoutheast
bars very near north, northnortheast, northeast, eastnortheast, east, eastsoutheast, southeast, southsoutheast, southsouthwest, and northnorthwest
dark area very near southwest, west, and northwest
bars adjacent north, northeast, east, southeast, southwest, west, and northwest

cursor:
Yourself a priestess
(x=35, y=10)

map:
                                                                                
                                                                                
                                                                                
                                                                                
                                                                                
                                                                                
                                                                                
                                  ##########                                    
                                  #######..#                                    
                                  #@#####`.#                                    
                                  #.#####..#                                    
                                  #.#####`.#                                    
                                  #..####.{#                                    
                                  #{`####.{#                                    
                                  #..`..{..#                                    
                                  #<....#..#                                    
                                  ##########                                    
                                                                                
                                                                                
                                                                                
                                                                                
Agent the Aspirant             St:14 Dx:11 Co:15 In:11 Wi:20 Ch:7 Chaotic S:0   
Dlvl:1 $:0 HP:13(13) Pw:8(8) AC:7 Xp:1/0                                        

",-0.001,False
6,north,,"message:
You cannot pass through the bars.

language observation:
bars far eastnortheast, eastsoutheast, southsoutheast, and southsouthwest
bars far eastnortheast, eastsoutheast, southsoutheast, and southsouthwest
boulder far east and eastsoutheast
dark area far east, southeast, and south
fountains far eastsoutheast
stairs up far south
dark area near north and northeast
bars near eastnortheast, east, eastsoutheast, southeast, southsoutheast, and southsouthwest
fountain near southeast and south
boulders near southsoutheast
bars very near north, northnortheast, northeast, eastnortheast, east, eastsoutheast, southeast, southsoutheast, southsouthwest, and northnorthwest
dark area very near southwest, west, and northwest
bars adjacent north, northeast, east, southeast, southwest, west, and northwest

cursor:
Yourself a priestess
(x=35, y=10)

map:
                                                                                
                                                                                
                                                                                
                                                                                
                                                                                
                                                                                
                                                                                
                                  ##########                                    
                                  #######..#                                    
                                  #@#####`.#                                    
                                  #.#####..#                                    
                                  #.#####`.#                                    
                                  #..####.{#                                    
                                  #{`####.{#                                    
                                  #..`..{..#                                    
                                  #<....#..#                                    
                                  ##########                                    
                                                                                
                                                                                
                                                                                
                                                                                
Agent the Aspirant             St:14 Dx:11 Co:15 In:11 Wi:20 Ch:7 Chaotic S:0   
Dlvl:1 $:0 HP:13(13) Pw:8(8) AC:7 Xp:1/0                                        

",-0.001,False
7,north,,"message:
You cannot pass through the bars.

language observation:
bars far eastnortheast, eastsoutheast, southsoutheast, and southsouthwest
bars far eastnortheast, eastsoutheast, southsoutheast, and southsouthwest
boulder far east and eastsoutheast
dark area far east, southeast, and south
fountains far eastsoutheast
stairs up far south
dark area near north and northeast
bars near eastnortheast, east, eastsoutheast, southeast, southsoutheast, and southsouthwest
fountain near southeast and south
boulders near southsoutheast
bars very near north, northnortheast, northeast, eastnortheast, east, eastsoutheast, southeast, southsoutheast, southsouthwest, and northnorthwest
dark area very near southwest, west, and northwest
bars adjacent north, northeast, east, southeast, southwest, west, and northwest

cursor:
Yourself a priestess
(x=35, y=10)

map:
                                                                                
                                                                                
                                                                                
                                                                                
                                                                                
                                                                                
                                                                                
                                  ##########                                    
                                  #######..#                                    
                                  #@#####`.#                                    
                                  #.#####..#                                    
                                  #.#####`.#                                    
                                  #..####.{#                                    
                                  #{`####.{#                                    
                                  #..`..{..#                                    
                                  #<....#..#                                    
                                  ##########                                    
                                                                                
                                                                                
                                                                                
                                                                                
Agent the Aspirant             St:14 Dx:11 Co:15 In:11 Wi:20 Ch:7 Chaotic S:0   
Dlvl:1 $:0 HP:13(13) Pw:8(8) AC:7 Xp:1/0                                        

",-0.001,False
8,north,,"message:
You cannot pass through the bars.

language observation:
bars far eastnortheast, eastsoutheast, southsoutheast, and southsouthwest
bars far eastnortheast, eastsoutheast, southsoutheast, and southsouthwest
boulder far east and eastsoutheast
dark area far east, southeast, and south
fountains far eastsoutheast
stairs up far south
dark area near north and northeast
bars near eastnortheast, east, eastsoutheast, southeast, southsoutheast, and southsouthwest
fountain near southeast and south
boulders near southsoutheast
bars very near north, northnortheast, northeast, eastnortheast, east, eastsoutheast, southeast, southsoutheast, southsouthwest, and northnorthwest
dark area very near southwest, west, and northwest
bars adjacent north, northeast, east, southeast, southwest, west, and northwest

cursor:
Yourself a priestess
(x=35, y=10)

map:
                                                                                
                                                                                
                                                                                
                                                                                
                                                                                
                                                                                
                                                                                
                                  ##########                                    
                                  #######..#                                    
                                  #@#####`.#                                    
                                  #.#####..#                                    
                                  #.#####`.#                                    
                                  #..####.{#                                    
                                  #{`####.{#                                    
                                  #..`..{..#                                    
                                  #<....#..#                                    
                                  ##########                                    
                                                                                
                                                                                
                                                                                
                                                                                
Agent the Aspirant             St:14 Dx:11 Co:15 In:11 Wi:20 Ch:7 Chaotic S:0   
Dlvl:1 $:0 HP:13(13) Pw:8(8) AC:7 Xp:1/0                                        

",-0.001,False
9,north,,"message:
You cannot pass through the bars.

language observation:
bars far eastnortheast, eastsoutheast, southsoutheast, and southsouthwest
bars far eastnortheast, eastsoutheast, southsoutheast, and southsouthwest
boulder far east and eastsoutheast
dark area far east, southeast, and south
fountains far eastsoutheast
stairs up far south
dark area near north and northeast
bars near eastnortheast, east, eastsoutheast, southeast, southsoutheast, and southsouthwest
fountain near southeast and south
boulders near southsoutheast
bars very near north, northnortheast, northeast, eastnortheast, east, eastsoutheast, southeast, southsoutheast, southsouthwest, and northnorthwest
dark area very near southwest, west, and northwest
bars adjacent north, northeast, east, southeast, southwest, west, and northwest

cursor:
Yourself a priestess
(x=35, y=10)

map:
                                                                                
                                                                                
                                                                                
                                                                                
                                                                                
                                                                                
                                                                                
                                  ##########                                    
                                  #######..#                                    
                                  #@#####`.#                                    
                                  #.#####..#                                    
                                  #.#####`.#                                    
                                  #..####.{#                                    
                                  #{`####.{#                                    
                                  #..`..{..#                                    
                                  #<....#..#                                    
                                  ##########                                    
                                                                                
                                                                                
                                                                                
                                                                                
Agent the Aspirant             St:14 Dx:11 Co:15 In:11 Wi:20 Ch:7 Chaotic S:0   
Dlvl:1 $:0 HP:13(13) Pw:8(8) AC:7 Xp:1/0                                        

",-0.001,False
10,north,,"message:
You cannot pass through the bars.

language observation:
bars far eastnortheast, eastsoutheast, southsoutheast, and southsouthwest
bars far eastnortheast, eastsoutheast, southsoutheast, and southsouthwest
boulder far east and eastsoutheast
dark area far east, southeast, and south
fountains far eastsoutheast
stairs up far south
dark area near north and northeast
bars near eastnortheast, east, eastsoutheast, southeast, southsoutheast, and southsouthwest
fountain near southeast and south
boulders near southsoutheast
bars very near north, northnortheast, northeast, eastnortheast, east, eastsoutheast, southeast, southsoutheast, southsouthwest, and northnorthwest
dark area very near southwest, west, and northwest
bars adjacent north, northeast, east, southeast, southwest, west, and northwest

cursor:
Yourself a priestess
(x=35, y=10)

map:
                                                                                
                                                                                
                                                                                
                                                                                
                                                                                
                                                                                
                                                                                
                                  ##########                                    
                                  #######..#                                    
                                  #@#####`.#                                    
                                  #.#####..#                                    
                                  #.#####`.#                                    
                                  #..####.{#                                    
                                  #{`####.{#                                    
                                  #..`..{..#                                    
                                  #<....#..#                                    
                                  ##########                                    
                                                                                
                                                                                
                                                                                
                                                                                
Agent the Aspirant             St:14 Dx:11 Co:15 In:11 Wi:20 Ch:7 Chaotic S:0   
Dlvl:1 $:0 HP:13(13) Pw:8(8) AC:7 Xp:1/0                                        

",-0.001,False
11,north,,"message:
You cannot pass through the bars.

language observation:
bars far eastnortheast, eastsoutheast, southsoutheast, and southsouthwest
bars far eastnortheast, eastsoutheast, southsoutheast, and southsouthwest
boulder far east and eastsoutheast
dark area far east, southeast, and south
fountains far eastsoutheast
stairs up far south
dark area near north and northeast
bars near eastnortheast, east, eastsoutheast, southeast, southsoutheast, and southsouthwest
fountain near southeast and south
boulders near southsoutheast
bars very near north, northnortheast, northeast, eastnortheast, east, eastsoutheast, southeast, southsoutheast, southsouthwest, and northnorthwest
dark area very near southwest, west, and northwest
bars adjacent north, northeast, east, southeast, southwest, west, and northwest

cursor:
Yourself a priestess
(x=35, y=10)

map:
                                                                                
                                                                                
                                                                                
                                                                                
                                                                                
                                                                                
                                                                                
                                  ##########                                    
                                  #######..#                                    
                                  #@#####`.#                                    
                                  #.#####..#                                    
                                  #.#####`.#                                    
                                  #..####.{#                                    
                                  #{`####.{#                                    
                                  #..`..{..#                                    
                                  #<....#..#                                    
                                  ##########                                    
                                                                                
                                                                                
                                                                                
                                                                                
Agent the Aspirant             St:14 Dx:11 Co:15 In:11 Wi:20 Ch:7 Chaotic S:0   
Dlvl:1 $:0 HP:13(13) Pw:8(8) AC:7 Xp:1/0                                        

",-0.001,False
12,north,,"message:
You cannot pass through the bars.

language observation:
bars far eastnortheast, eastsoutheast, southsoutheast, and southsouthwest
bars far eastnortheast, eastsoutheast, southsoutheast, and southsouthwest
boulder far east and eastsoutheast
dark area far east, southeast, and south
fountains far eastsoutheast
stairs up far south
dark area near north and northeast
bars near eastnortheast, east, eastsoutheast, southeast, southsoutheast, and southsouthwest
fountain near southeast and south
boulders near southsoutheast
bars very near north, northnortheast, northeast, eastnortheast, east, eastsoutheast, southeast, southsoutheast, southsouthwest, and northnorthwest
dark area very near southwest, west, and northwest
bars adjacent north, northeast, east, southeast, southwest, west, and northwest

cursor:
Yourself a priestess
(x=35, y=10)

map:
                                                                                
                                                                                
                                                                                
                                                                                
                                                                                
                                                                                
                                                                                
                                  ##########                                    
                                  #######..#                                    
                                  #@#####`.#                                    
                                  #.#####..#                                    
                                  #.#####`.#                                    
                                  #..####.{#                                    
                                  #{`####.{#                                    
                                  #..`..{..#                                    
                                  #<....#..#                                    
                                  ##########                                    
                                                                                
                                                                                
                                                                                
                                                                                
Agent the Aspirant             St:14 Dx:11 Co:15 In:11 Wi:20 Ch:7 Chaotic S:0   
Dlvl:1 $:0 HP:13(13) Pw:8(8) AC:7 Xp:1/0                                        

",-0.001,False
13,north,,"message:
You cannot pass through the bars.

language observation:
bars far eastnortheast, eastsoutheast, southsoutheast, and southsouthwest
bars far eastnortheast, eastsoutheast, southsoutheast, and southsouthwest
boulder far east and eastsoutheast
dark area far east, southeast, and south
fountains far eastsoutheast
stairs up far south
dark area near north and northeast
bars near eastnortheast, east, eastsoutheast, southeast, southsoutheast, and southsouthwest
fountain near southeast and south
boulders near southsoutheast
bars very near north, northnortheast, northeast, eastnortheast, east, eastsoutheast, southeast, southsoutheast, southsouthwest, and northnorthwest
dark area very near southwest, west, and northwest
bars adjacent north, northeast, east, southeast, southwest, west, and northwest

cursor:
Yourself a priestess
(x=35, y=10)

map:
                                                                                
                                                                                
                                                                                
                                                                                
                                                                                
                                                                                
                                                                                
                                  ##########                                    
                                  #######..#                                    
                                  #@#####`.#                                    
                                  #.#####..#                                    
                                  #.#####`.#                                    
                                  #..####.{#                                    
                                  #{`####.{#                                    
                                  #..`..{..#                                    
                                  #<....#..#                                    
                                  ##########                                    
                                                                                
                                                                                
                                                                                
                                                                                
Agent the Aspirant             St:14 Dx:11 Co:15 In:11 Wi:20 Ch:7 Chaotic S:0   
Dlvl:1 $:0 HP:13(13) Pw:8(8) AC:7 Xp:1/0                                        

",-0.001,False
14,north,,"message:
You cannot pass through the bars.

language observation:
bars far eastnortheast, eastsoutheast, southsoutheast, and southsouthwest
bars far eastnortheast, eastsoutheast, southsoutheast, and southsouthwest
boulder far east and eastsoutheast
dark area far east, southeast, and south
fountains far eastsoutheast
stairs up far south
dark area near north and northeast
bars near eastnortheast, east, eastsoutheast, southeast, southsoutheast, and southsouthwest
fountain near southeast and south
boulders near southsoutheast
bars very near north, northnortheast, northeast, eastnortheast, east, eastsoutheast, southeast, southsoutheast, southsouthwest, and northnorthwest
dark area very near southwest, west, and northwest
bars adjacent north, northeast, east, southeast, southwest, west, and northwest

cursor:
Yourself a priestess
(x=35, y=10)

map:
                                                                                
                                                                                
                                                                                
                                                                                
                                                                                
                                                                                
                                                                                
                                  ##########                                    
                                  #######..#                                    
                                  #@#####`.#                                    
                                  #.#####..#                                    
                                  #.#####`.#                                    
                                  #..####.{#                                    
                                  #{`####.{#                                    
                                  #..`..{..#                                    
                                  #<....#..#                                    
                                  ##########                                    
                                                                                
                                                                                
                                                                                
                                                                                
Agent the Aspirant             St:14 Dx:11 Co:15 In:11 Wi:20 Ch:7 Chaotic S:0   
Dlvl:1 $:0 HP:13(13) Pw:8(8) AC:7 Xp:1/0                                        

",-0.001,False
15,north,,"message:
You cannot pass through the bars.

language observation:
bars far eastnortheast, eastsoutheast, southsoutheast, and southsouthwest
bars far eastnortheast, eastsoutheast, southsoutheast, and southsouthwest
boulder far east and eastsoutheast
dark area far east, southeast, and south
fountains far eastsoutheast
stairs up far south
dark area near north and northeast
bars near eastnortheast, east, eastsoutheast, southeast, southsoutheast, and southsouthwest
fountain near southeast and south
boulders near southsoutheast
bars very near north, northnortheast, northeast, eastnortheast, east, eastsoutheast, southeast, southsoutheast, southsouthwest, and northnorthwest
dark area very near southwest, west, and northwest
bars adjacent north, northeast, east, southeast, southwest, west, and northwest

cursor:
Yourself a priestess
(x=35, y=10)

map:
                                                                                
                                                                                
                                                                                
                                                                                
                                                                                
                                                                                
                                                                                
                                  ##########                                    
                                  #######..#                                    
                                  #@#####`.#                                    
                                  #.#####..#                                    
                                  #.#####`.#                                    
                                  #..####.{#                                    
                                  #{`####.{#                                    
                                  #..`..{..#                                    
                                  #<....#..#                                    
                                  ##########                                    
                                                                                
                                                                                
                                                                                
                                                                                
Agent the Aspirant             St:14 Dx:11 Co:15 In:11 Wi:20 Ch:7 Chaotic S:0   
Dlvl:1 $:0 HP:13(13) Pw:8(8) AC:7 Xp:1/0                                        

",-0.001,False
16,north,,"message:
You cannot pass through the bars.

language observation:
bars far eastnortheast, eastsoutheast, southsoutheast, and southsouthwest
bars far eastnortheast, eastsoutheast, southsoutheast, and southsouthwest
boulder far east and eastsoutheast
dark area far east, southeast, and south
fountains far eastsoutheast
stairs up far south
dark area near north and northeast
bars near eastnortheast, east, eastsoutheast, southeast, southsoutheast, and southsouthwest
fountain near southeast and south
boulders near southsoutheast
bars very near north, northnortheast, northeast, eastnortheast, east, eastsoutheast, southeast, southsoutheast, southsouthwest, and northnorthwest
dark area very near southwest, west, and northwest
bars adjacent north, northeast, east, southeast, southwest, west, and northwest

cursor:
Yourself a priestess
(x=35, y=10)

map:
                                                                                
                                                                                
                                                                                
                                                                                
                                                                                
                                                                                
                                                                                
                                  ##########                                    
                                  #######..#                                    
                                  #@#####`.#                                    
                                  #.#####..#                                    
                                  #.#####`.#                                    
                                  #..####.{#                                    
                                  #{`####.{#                                    
                                  #..`..{..#                                    
                                  #<....#..#                                    
                                  ##########                                    
                                                                                
                                                                                
                                                                                
                                                                                
Agent the Aspirant             St:14 Dx:11 Co:15 In:11 Wi:20 Ch:7 Chaotic S:0   
Dlvl:1 $:0 HP:13(13) Pw:8(8) AC:7 Xp:1/0                                        

",-0.001,False
17,north,,"message:
You cannot pass through the bars.

language observation:
bars far eastnortheast, eastsoutheast, southsoutheast, and southsouthwest
bars far eastnortheast, eastsoutheast, southsoutheast, and southsouthwest
boulder far east and eastsoutheast
dark area far east, southeast, and south
fountains far eastsoutheast
stairs up far south
dark area near north and northeast
bars near eastnortheast, east, eastsoutheast, southeast, southsoutheast, and southsouthwest
fountain near southeast and south
boulders near southsoutheast
bars very near north, northnortheast, northeast, eastnortheast, east, eastsoutheast, southeast, southsoutheast, southsouthwest, and northnorthwest
dark area very near southwest, west, and northwest
bars adjacent north, northeast, east, southeast, southwest, west, and northwest

cursor:
Yourself a priestess
(x=35, y=10)

map:
                                                                                
                                                                                
                                                                                
                                                                                
                                                                                
                                                                                
                                                                                
                                  ##########                                    
                                  #######..#                                    
                                  #@#####`.#                                    
                                  #.#####..#                                    
                                  #.#####`.#                                    
                                  #..####.{#                                    
                                  #{`####.{#                                    
                                  #..`..{..#                                    
                                  #<....#..#                                    
                                  ##########                                    
                                                                                
                                                                                
                                                                                
                                                                                
Agent the Aspirant             St:14 Dx:11 Co:15 In:11 Wi:20 Ch:7 Chaotic S:0   
Dlvl:1 $:0 HP:13(13) Pw:8(8) AC:7 Xp:1/0                                        

",-0.001,False
18,north,,"message:
You cannot pass through the bars.

language observation:
bars far eastnortheast, eastsoutheast, southsoutheast, and southsouthwest
bars far eastnortheast, eastsoutheast, southsoutheast, and southsouthwest
boulder far east and eastsoutheast
dark area far east, southeast, and south
fountains far eastsoutheast
stairs up far south
dark area near north and northeast
bars near eastnortheast, east, eastsoutheast, southeast, southsoutheast, and southsouthwest
fountain near southeast and south
boulders near southsoutheast
bars very near north, northnortheast, northeast, eastnortheast, east, eastsoutheast, southeast, southsoutheast, southsouthwest, and northnorthwest
dark area very near southwest, west, and northwest
bars adjacent north, northeast, east, southeast, southwest, west, and northwest

cursor:
Yourself a priestess
(x=35, y=10)

map:
                                                                                
                                                                                
                                                                                
                                                                                
                                                                                
                                                                                
                                                                                
                                  ##########                                    
                                  #######..#                                    
                                  #@#####`.#                                    
                                  #.#####..#                                    
                                  #.#####`.#                                    
                                  #..####.{#                                    
                                  #{`####.{#                                    
                                  #..`..{..#                                    
                                  #<....#..#                                    
                                  ##########                                    
                                                                                
                                                                                
                                                                                
                                                                                
Agent the Aspirant             St:14 Dx:11 Co:15 In:11 Wi:20 Ch:7 Chaotic S:0   
Dlvl:1 $:0 HP:13(13) Pw:8(8) AC:7 Xp:1/0                                        

",-0.001,False
19,north,,"message:
You cannot pass through the bars.

language observation:
bars far eastnortheast, eastsoutheast, southsoutheast, and southsouthwest
bars far eastnortheast, eastsoutheast, southsoutheast, and southsouthwest
boulder far east and eastsoutheast
dark area far east, southeast, and south
fountains far eastsoutheast
stairs up far south
dark area near north and northeast
bars near eastnortheast, east, eastsoutheast, southeast, southsoutheast, and southsouthwest
fountain near southeast and south
boulders near southsoutheast
bars very near north, northnortheast, northeast, eastnortheast, east, eastsoutheast, southeast, southsoutheast, southsouthwest, and northnorthwest
dark area very near southwest, west, and northwest
bars adjacent north, northeast, east, southeast, southwest, west, and northwest

cursor:
Yourself a priestess
(x=35, y=10)

map:
                                                                                
                                                                                
                                                                                
                                                                                
                                                                                
                                                                                
                                                                                
                                  ##########                                    
                                  #######..#                                    
                                  #@#####`.#                                    
                                  #.#####..#                                    
                                  #.#####`.#                                    
                                  #..####.{#                                    
                                  #{`####.{#                                    
                                  #..`..{..#                                    
                                  #<....#..#                                    
                                  ##########                                    
                                                                                
                                                                                
                                                                                
                                                                                
Agent the Aspirant             St:14 Dx:11 Co:15 In:11 Wi:20 Ch:7 Chaotic S:0   
Dlvl:1 $:0 HP:13(13) Pw:8(8) AC:7 Xp:1/0                                        

",-0.001,False
20,north,,"message:
You cannot pass through the bars.

language observation:
bars far eastnortheast, eastsoutheast, southsoutheast, and southsouthwest
bars far eastnortheast, eastsoutheast, southsoutheast, and southsouthwest
boulder far east and eastsoutheast
dark area far east, southeast, and south
fountains far eastsoutheast
stairs up far south
dark area near north and northeast
bars near eastnortheast, east, eastsoutheast, southeast, southsoutheast, and southsouthwest
fountain near southeast and south
boulders near southsoutheast
bars very near north, northnortheast, northeast, eastnortheast, east, eastsoutheast, southeast, southsoutheast, southsouthwest, and northnorthwest
dark area very near southwest, west, and northwest
bars adjacent north, northeast, east, southeast, southwest, west, and northwest

cursor:
Yourself a priestess
(x=35, y=10)

map:
                                                                                
                                                                                
                                                                                
                                                                                
                                                                                
                                                                                
                                                                                
                                  ##########                                    
                                  #######..#                                    
                                  #@#####`.#                                    
                                  #.#####..#                                    
                                  #.#####`.#                                    
                                  #..####.{#                                    
                                  #{`####.{#                                    
                                  #..`..{..#                                    
                                  #<....#..#                                    
                                  ##########                                    
                                                                                
                                                                                
                                                                                
                                                                                
Agent the Aspirant             St:14 Dx:11 Co:15 In:11 Wi:20 Ch:7 Chaotic S:0   
Dlvl:1 $:0 HP:13(13) Pw:8(8) AC:7 Xp:1/0                                        

",-0.001,False
21,north,,"message:
You cannot pass through the bars.

language observation:
bars far eastnortheast, eastsoutheast, southsoutheast, and southsouthwest
bars far eastnortheast, eastsoutheast, southsoutheast, and southsouthwest
boulder far east and eastsoutheast
dark area far east, southeast, and south
fountains far eastsoutheast
stairs up far south
dark area near north and northeast
bars near eastnortheast, east, eastsoutheast, southeast, southsoutheast, and southsouthwest
fountain near southeast and south
boulders near southsoutheast
bars very near north, northnortheast, northeast, eastnortheast, east, eastsoutheast, southeast, southsoutheast, southsouthwest, and northnorthwest
dark area very near southwest, west, and northwest
bars adjacent north, northeast, east, southeast, southwest, west, and northwest

cursor:
Yourself a priestess
(x=35, y=10)

map:
                                                                                
                                                                                
                                                                                
                                                                                
                                                                                
                                                                                
                                                                                
                                  ##########                                    
                                  #######..#                                    
                                  #@#####`.#                                    
                                  #.#####..#                                    
                                  #.#####`.#                                    
                                  #..####.{#                                    
                                  #{`####.{#                                    
                                  #..`..{..#                                    
                                  #<....#..#                                    
                                  ##########                                    
                                                                                
                                                                                
                                                                                
                                                                                
Agent the Aspirant             St:14 Dx:11 Co:15 In:11 Wi:20 Ch:7 Chaotic S:0   
Dlvl:1 $:0 HP:13(13) Pw:8(8) AC:7 Xp:1/0                                        

",-0.001,False
22,north,,"message:
You cannot pass through the bars.

language observation:
bars far eastnortheast, eastsoutheast, southsoutheast, and southsouthwest
bars far eastnortheast, eastsoutheast, southsoutheast, and southsouthwest
boulder far east and eastsoutheast
dark area far east, southeast, and south
fountains far eastsoutheast
stairs up far south
dark area near north and northeast
bars near eastnortheast, east, eastsoutheast, southeast, southsoutheast, and southsouthwest
fountain near southeast and south
boulders near southsoutheast
bars very near north, northnortheast, northeast, eastnortheast, east, eastsoutheast, southeast, southsoutheast, southsouthwest, and northnorthwest
dark area very near southwest, west, and northwest
bars adjacent north, northeast, east, southeast, southwest, west, and northwest

cursor:
Yourself a priestess
(x=35, y=10)

map:
                                                                                
                                                                                
                                                                                
                                                                                
                                                                                
                                                                                
                                                                                
                                  ##########                                    
                                  #######..#                                    
                                  #@#####`.#                                    
                                  #.#####..#                                    
                                  #.#####`.#                                    
                                  #..####.{#                                    
                                  #{`####.{#                                    
                                  #..`..{..#                                    
                                  #<....#..#                                    
                                  ##########                                    
                                                                                
                                                                                
                                                                                
                                                                                
Agent the Aspirant             St:14 Dx:11 Co:15 In:11 Wi:20 Ch:7 Chaotic S:0   
Dlvl:1 $:0 HP:13(13) Pw:8(8) AC:7 Xp:1/0                                        

",-0.001,False
23,north,,"message:
You cannot pass through the bars.

language observation:
bars far eastnortheast, eastsoutheast, southsoutheast, and southsouthwest
bars far eastnortheast, eastsoutheast, southsoutheast, and southsouthwest
boulder far east and eastsoutheast
dark area far east, southeast, and south
fountains far eastsoutheast
stairs up far south
dark area near north and northeast
bars near eastnortheast, east, eastsoutheast, southeast, southsoutheast, and southsouthwest
fountain near southeast and south
boulders near southsoutheast
bars very near north, northnortheast, northeast, eastnortheast, east, eastsoutheast, southeast, southsoutheast, southsouthwest, and northnorthwest
dark area very near southwest, west, and northwest
bars adjacent north, northeast, east, southeast, southwest, west, and northwest

cursor:
Yourself a priestess
(x=35, y=10)

map:
                                                                                
                                                                                
                                                                                
                                                                                
                                                                                
                                                                                
                                                                                
                                  ##########                                    
                                  #######..#                                    
                                  #@#####`.#                                    
                                  #.#####..#                                    
                                  #.#####`.#                                    
                                  #..####.{#                                    
                                  #{`####.{#                                    
                                  #..`..{..#                                    
                                  #<....#..#                                    
                                  ##########                                    
                                                                                
                                                                                
                                                                                
                                                                                
Agent the Aspirant             St:14 Dx:11 Co:15 In:11 Wi:20 Ch:7 Chaotic S:0   
Dlvl:1 $:0 HP:13(13) Pw:8(8) AC:7 Xp:1/0                                        

",-0.001,False
24,north,,"message:
You cannot pass through the bars.

language observation:
bars far eastnortheast, eastsoutheast, southsoutheast, and southsouthwest
bars far eastnortheast, eastsoutheast, southsoutheast, and southsouthwest
boulder far east and eastsoutheast
dark area far east, southeast, and south
fountains far eastsoutheast
stairs up far south
dark area near north and northeast
bars near eastnortheast, east, eastsoutheast, southeast, southsoutheast, and southsouthwest
fountain near southeast and south
boulders near southsoutheast
bars very near north, northnortheast, northeast, eastnortheast, east, eastsoutheast, southeast, southsoutheast, southsouthwest, and northnorthwest
dark area very near southwest, west, and northwest
bars adjacent north, northeast, east, southeast, southwest, west, and northwest

cursor:
Yourself a priestess
(x=35, y=10)

map:
                                                                                
                                                                                
                                                                                
                                                                                
                                                                                
                                                                                
                                                                                
                                  ##########                                    
                                  #######..#                                    
                                  #@#####`.#                                    
                                  #.#####..#                                    
                                  #.#####`.#                                    
                                  #..####.{#                                    
                                  #{`####.{#                                    
                                  #..`..{..#                                    
                                  #<....#..#                                    
                                  ##########                                    
                                                                                
                                                                                
                                                                                
                                                                                
Agent the Aspirant             St:14 Dx:11 Co:15 In:11 Wi:20 Ch:7 Chaotic S:0   
Dlvl:1 $:0 HP:13(13) Pw:8(8) AC:7 Xp:1/0                                        

",-0.001,False
25,north,,"message:
You cannot pass through the bars.

language observation:
bars far eastnortheast, eastsoutheast, southsoutheast, and southsouthwest
bars far eastnortheast, eastsoutheast, southsoutheast, and southsouthwest
boulder far east and eastsoutheast
dark area far east, southeast, and south
fountains far eastsoutheast
stairs up far south
dark area near north and northeast
bars near eastnortheast, east, eastsoutheast, southeast, southsoutheast, and southsouthwest
fountain near southeast and south
boulders near southsoutheast
bars very near north, northnortheast, northeast, eastnortheast, east, eastsoutheast, southeast, southsoutheast, southsouthwest, and northnorthwest
dark area very near southwest, west, and northwest
bars adjacent north, northeast, east, southeast, southwest, west, and northwest

cursor:
Yourself a priestess
(x=35, y=10)

map:
                                                                                
                                                                                
                                                                                
                                                                                
                                                                                
                                                                                
                                                                                
                                  ##########                                    
                                  #######..#                                    
                                  #@#####`.#                                    
                                  #.#####..#                                    
                                  #.#####`.#                                    
                                  #..####.{#                                    
                                  #{`####.{#                                    
                                  #..`..{..#                                    
                                  #<....#..#                                    
                                  ##########                                    
                                                                                
                                                                                
                                                                                
                                                                                
Agent the Aspirant             St:14 Dx:11 Co:15 In:11 Wi:20 Ch:7 Chaotic S:0   
Dlvl:1 $:0 HP:13(13) Pw:8(8) AC:7 Xp:1/0                                        

",-0.001,False
26,north,,"message:
You cannot pass through the bars.

language observation:
bars far eastnortheast, eastsoutheast, southsoutheast, and southsouthwest
bars far eastnortheast, eastsoutheast, southsoutheast, and southsouthwest
boulder far east and eastsoutheast
dark area far east, southeast, and south
fountains far eastsoutheast
stairs up far south
dark area near north and northeast
bars near eastnortheast, east, eastsoutheast, southeast, southsoutheast, and southsouthwest
fountain near southeast and south
boulders near southsoutheast
bars very near north, northnortheast, northeast, eastnortheast, east, eastsoutheast, southeast, southsoutheast, southsouthwest, and northnorthwest
dark area very near southwest, west, and northwest
bars adjacent north, northeast, east, southeast, southwest, west, and northwest

cursor:
Yourself a priestess
(x=35, y=10)

map:
                                                                                
                                                                                
                                                                                
                                                                                
                                                                                
                                                                                
                                                                                
                                  ##########                                    
                                  #######..#                                    
                                  #@#####`.#                                    
                                  #.#####..#                                    
                                  #.#####`.#                                    
                                  #..####.{#                                    
                                  #{`####.{#                                    
                                  #..`..{..#                                    
                                  #<....#..#                                    
                                  ##########                                    
                                                                                
                                                                                
                                                                                
                                                                                
Agent the Aspirant             St:14 Dx:11 Co:15 In:11 Wi:20 Ch:7 Chaotic S:0   
Dlvl:1 $:0 HP:13(13) Pw:8(8) AC:7 Xp:1/0                                        

",-0.001,False
27,north,,"message:
You cannot pass through the bars.

language observation:
bars far eastnortheast, eastsoutheast, southsoutheast, and southsouthwest
bars far eastnortheast, eastsoutheast, southsoutheast, and southsouthwest
boulder far east and eastsoutheast
dark area far east, southeast, and south
fountains far eastsoutheast
stairs up far south
dark area near north and northeast
bars near eastnortheast, east, eastsoutheast, southeast, southsoutheast, and southsouthwest
fountain near southeast and south
boulders near southsoutheast
bars very near north, northnortheast, northeast, eastnortheast, east, eastsoutheast, southeast, southsoutheast, southsouthwest, and northnorthwest
dark area very near southwest, west, and northwest
bars adjacent north, northeast, east, southeast, southwest, west, and northwest

cursor:
Yourself a priestess
(x=35, y=10)

map:
                                                                                
                                                                                
                                                                                
                                                                                
                                                                                
                                                                                
                                                                                
                                  ##########                                    
                                  #######..#                                    
                                  #@#####`.#                                    
                                  #.#####..#                                    
                                  #.#####`.#                                    
                                  #..####.{#                                    
                                  #{`####.{#                                    
                                  #..`..{..#                                    
                                  #<....#..#                                    
                                  ##########                                    
                                                                                
                                                                                
                                                                                
                                                                                
Agent the Aspirant             St:14 Dx:11 Co:15 In:11 Wi:20 Ch:7 Chaotic S:0   
Dlvl:1 $:0 HP:13(13) Pw:8(8) AC:7 Xp:1/0                                        

",-0.001,False
28,north,,"message:
You cannot pass through the bars.

language observation:
bars far eastnortheast, eastsoutheast, southsoutheast, and southsouthwest
bars far eastnortheast, eastsoutheast, southsoutheast, and southsouthwest
boulder far east and eastsoutheast
dark area far east, southeast, and south
fountains far eastsoutheast
stairs up far south
dark area near north and northeast
bars near eastnortheast, east, eastsoutheast, southeast, southsoutheast, and southsouthwest
fountain near southeast and south
boulders near southsoutheast
bars very near north, northnortheast, northeast, eastnortheast, east, eastsoutheast, southeast, southsoutheast, southsouthwest, and northnorthwest
dark area very near southwest, west, and northwest
bars adjacent north, northeast, east, southeast, southwest, west, and northwest

cursor:
Yourself a priestess
(x=35, y=10)

map:
                                                                                
                                                                                
                                                                                
                                                                                
                                                                                
                                                                                
                                                                                
                                  ##########                                    
                                  #######..#                                    
                                  #@#####`.#                                    
                                  #.#####..#                                    
                                  #.#####`.#                                    
                                  #..####.{#                                    
                                  #{`####.{#                                    
                                  #..`..{..#                                    
                                  #<....#..#                                    
                                  ##########                                    
                                                                                
                                                                                
                                                                                
                                                                                
Agent the Aspirant             St:14 Dx:11 Co:15 In:11 Wi:20 Ch:7 Chaotic S:0   
Dlvl:1 $:0 HP:13(13) Pw:8(8) AC:7 Xp:1/0                                        

",-0.001,False
29,north,,"message:
You cannot pass through the bars.

language observation:
bars far eastnortheast, eastsoutheast, southsoutheast, and southsouthwest
bars far eastnortheast, eastsoutheast, southsoutheast, and southsouthwest
boulder far east and eastsoutheast
dark area far east, southeast, and south
fountains far eastsoutheast
stairs up far south
dark area near north and northeast
bars near eastnortheast, east, eastsoutheast, southeast, southsoutheast, and southsouthwest
fountain near southeast and south
boulders near southsoutheast
bars very near north, northnortheast, northeast, eastnortheast, east, eastsoutheast, southeast, southsoutheast, southsouthwest, and northnorthwest
dark area very near southwest, west, and northwest
bars adjacent north, northeast, east, southeast, southwest, west, and northwest

cursor:
Yourself a priestess
(x=35, y=10)

map:
                                                                                
                                                                                
                                                                                
                                                                                
                                                                                
                                                                                
                                                                                
                                  ##########                                    
                                  #######..#                                    
                                  #@#####`.#                                    
                                  #.#####..#                                    
                                  #.#####`.#                                    
                                  #..####.{#                                    
                                  #{`####.{#                                    
                                  #..`..{..#                                    
                                  #<....#..#                                    
                                  ##########                                    
                                                                                
                                                                                
                                                                                
                                                                                
Agent the Aspirant             St:14 Dx:11 Co:15 In:11 Wi:20 Ch:7 Chaotic S:0   
Dlvl:1 $:0 HP:13(13) Pw:8(8) AC:7 Xp:1/0                                        

",-0.001,False
30,north,,"message:
You cannot pass through the bars.

language observation:
bars far eastnortheast, eastsoutheast, southsoutheast, and southsouthwest
bars far eastnortheast, eastsoutheast, southsoutheast, and southsouthwest
boulder far east and eastsoutheast
dark area far east, southeast, and south
fountains far eastsoutheast
stairs up far south
dark area near north and northeast
bars near eastnortheast, east, eastsoutheast, southeast, southsoutheast, and southsouthwest
fountain near southeast and south
boulders near southsoutheast
bars very near north, northnortheast, northeast, eastnortheast, east, eastsoutheast, southeast, southsoutheast, southsouthwest, and northnorthwest
dark area very near southwest, west, and northwest
bars adjacent north, northeast, east, southeast, southwest, west, and northwest

cursor:
Yourself a priestess
(x=35, y=10)

map:
                                                                                
                                                                                
                                                                                
                                                                                
                                                                                
                                                                                
                                                                                
                                  ##########                                    
                                  #######..#                                    
                                  #@#####`.#                                    
                                  #.#####..#                                    
                                  #.#####`.#                                    
                                  #..####.{#                                    
                                  #{`####.{#                                    
                                  #..`..{..#                                    
                                  #<....#..#                                    
                                  ##########                                    
                                                                                
                                                                                
                                                                                
                                                                                
Agent the Aspirant             St:14 Dx:11 Co:15 In:11 Wi:20 Ch:7 Chaotic S:0   
Dlvl:1 $:0 HP:13(13) Pw:8(8) AC:7 Xp:1/0                                        

",-0.001,False
31,north,,"message:
You cannot pass through the bars.

language observation:
bars far eastnortheast, eastsoutheast, southsoutheast, and southsouthwest
bars far eastnortheast, eastsoutheast, southsoutheast, and southsouthwest
boulder far east and eastsoutheast
dark area far east, southeast, and south
fountains far eastsoutheast
stairs up far south
dark area near north and northeast
bars near eastnortheast, east, eastsoutheast, southeast, southsoutheast, and southsouthwest
fountain near southeast and south
boulders near southsoutheast
bars very near north, northnortheast, northeast, eastnortheast, east, eastsoutheast, southeast, southsoutheast, southsouthwest, and northnorthwest
dark area very near southwest, west, and northwest
bars adjacent north, northeast, east, southeast, southwest, west, and northwest

cursor:
Yourself a priestess
(x=35, y=10)

map:
                                                                                
                                                                                
                                                                                
                                                                                
                                                                                
                                                                                
                                                                                
                                  ##########                                    
                                  #######..#                                    
                                  #@#####`.#                                    
                                  #.#####..#                                    
                                  #.#####`.#                                    
                                  #..####.{#                                    
                                  #{`####.{#                                    
                                  #..`..{..#                                    
                                  #<....#..#                                    
                                  ##########                                    
                                                                                
                                                                                
                                                                                
                                                                                
Agent the Aspirant             St:14 Dx:11 Co:15 In:11 Wi:20 Ch:7 Chaotic S:0   
Dlvl:1 $:0 HP:13(13) Pw:8(8) AC:7 Xp:1/0                                        

",-0.001,False
32,north,,"message:
You cannot pass through the bars.

language observation:
bars far eastnortheast, eastsoutheast, southsoutheast, and southsouthwest
bars far eastnortheast, eastsoutheast, southsoutheast, and southsouthwest
boulder far east and eastsoutheast
dark area far east, southeast, and south
fountains far eastsoutheast
stairs up far south
dark area near north and northeast
bars near eastnortheast, east, eastsoutheast, southeast, southsoutheast, and southsouthwest
fountain near southeast and south
boulders near southsoutheast
bars very near north, northnortheast, northeast, eastnortheast, east, eastsoutheast, southeast, southsoutheast, southsouthwest, and northnorthwest
dark area very near southwest, west, and northwest
bars adjacent north, northeast, east, southeast, southwest, west, and northwest

cursor:
Yourself a priestess
(x=35, y=10)

map:
                                                                                
                                                                                
                                                                                
                                                                                
                                                                                
                                                                                
                                                                                
                                  ##########                                    
                                  #######..#                                    
                                  #@#####`.#                                    
                                  #.#####..#                                    
                                  #.#####`.#                                    
                                  #..####.{#                                    
                                  #{`####.{#                                    
                                  #..`..{..#                                    
                                  #<....#..#                                    
                                  ##########                                    
                                                                                
                                                                                
                                                                                
                                                                                
Agent the Aspirant             St:14 Dx:11 Co:15 In:11 Wi:20 Ch:7 Chaotic S:0   
Dlvl:1 $:0 HP:13(13) Pw:8(8) AC:7 Xp:1/0                                        

",-0.001,False
33,north,,"message:
You cannot pass through the bars.

language observation:
bars far eastnortheast, eastsoutheast, southsoutheast, and southsouthwest
bars far eastnortheast, eastsoutheast, southsoutheast, and southsouthwest
boulder far east and eastsoutheast
dark area far east, southeast, and south
fountains far eastsoutheast
stairs up far south
dark area near north and northeast
bars near eastnortheast, east, eastsoutheast, southeast, southsoutheast, and southsouthwest
fountain near southeast and south
boulders near southsoutheast
bars very near north, northnortheast, northeast, eastnortheast, east, eastsoutheast, southeast, southsoutheast, southsouthwest, and northnorthwest
dark area very near southwest, west, and northwest
bars adjacent north, northeast, east, southeast, southwest, west, and northwest

cursor:
Yourself a priestess
(x=35, y=10)

map:
                                                                                
                                                                                
                                                                                
                                                                                
                                                                                
                                                                                
                                                                                
                                  ##########                                    
                                  #######..#                                    
                                  #@#####`.#                                    
                                  #.#####..#                                    
                                  #.#####`.#                                    
                                  #..####.{#                                    
                                  #{`####.{#                                    
                                  #..`..{..#                                    
                                  #<....#..#                                    
                                  ##########                                    
                                                                                
                                                                                
                                                                                
                                                                                
Agent the Aspirant             St:14 Dx:11 Co:15 In:11 Wi:20 Ch:7 Chaotic S:0   
Dlvl:1 $:0 HP:13(13) Pw:8(8) AC:7 Xp:1/0                                        

",-0.001,False
34,north,,"message:
You cannot pass through the bars.

language observation:
bars far eastnortheast, eastsoutheast, southsoutheast, and southsouthwest
bars far eastnortheast, eastsoutheast, southsoutheast, and southsouthwest
boulder far east and eastsoutheast
dark area far east, southeast, and south
fountains far eastsoutheast
stairs up far south
dark area near north and northeast
bars near eastnortheast, east, eastsoutheast, southeast, southsoutheast, and southsouthwest
fountain near southeast and south
boulders near southsoutheast
bars very near north, northnortheast, northeast, eastnortheast, east, eastsoutheast, southeast, southsoutheast, southsouthwest, and northnorthwest
dark area very near southwest, west, and northwest
bars adjacent north, northeast, east, southeast, southwest, west, and northwest

cursor:
Yourself a priestess
(x=35, y=10)

map:
                                                                                
                                                                                
                                                                                
                                                                                
                                                                                
                                                                                
                                                                                
                                  ##########                                    
                                  #######..#                                    
                                  #@#####`.#                                    
                                  #.#####..#                                    
                                  #.#####`.#                                    
                                  #..####.{#                                    
                                  #{`####.{#                                    
                                  #..`..{..#                                    
                                  #<....#..#                                    
                                  ##########                                    
                                                                                
                                                                                
                                                                                
                                                                                
Agent the Aspirant             St:14 Dx:11 Co:15 In:11 Wi:20 Ch:7 Chaotic S:0   
Dlvl:1 $:0 HP:13(13) Pw:8(8) AC:7 Xp:1/0                                        

",-0.001,False
35,north,,"message:
You cannot pass through the bars.

language observation:
bars far eastnortheast, eastsoutheast, southsoutheast, and southsouthwest
bars far eastnortheast, eastsoutheast, southsoutheast, and southsouthwest
boulder far east and eastsoutheast
dark area far east, southeast, and south
fountains far eastsoutheast
stairs up far south
dark area near north and northeast
bars near eastnortheast, east, eastsoutheast, southeast, southsoutheast, and southsouthwest
fountain near southeast and south
boulders near southsoutheast
bars very near north, northnortheast, northeast, eastnortheast, east, eastsoutheast, southeast, southsoutheast, southsouthwest, and northnorthwest
dark area very near southwest, west, and northwest
bars adjacent north, northeast, east, southeast, southwest, west, and northwest

cursor:
Yourself a priestess
(x=35, y=10)

map:
                                                                                
                                                                                
                                                                                
                                                                                
                                                                                
                                                                                
                                                                                
                                  ##########                                    
                                  #######..#                                    
                                  #@#####`.#                                    
                                  #.#####..#                                    
                                  #.#####`.#                                    
                                  #..####.{#                                    
                                  #{`####.{#                                    
                                  #..`..{..#                                    
                                  #<....#..#                                    
                                  ##########                                    
                                                                                
                                                                                
                                                                                
                                                                                
Agent the Aspirant             St:14 Dx:11 Co:15 In:11 Wi:20 Ch:7 Chaotic S:0   
Dlvl:1 $:0 HP:13(13) Pw:8(8) AC:7 Xp:1/0                                        

",-0.001,False
36,north,,"message:
You cannot pass through the bars.

language observation:
bars far eastnortheast, eastsoutheast, southsoutheast, and southsouthwest
bars far eastnortheast, eastsoutheast, southsoutheast, and southsouthwest
boulder far east and eastsoutheast
dark area far east, southeast, and south
fountains far eastsoutheast
stairs up far south
dark area near north and northeast
bars near eastnortheast, east, eastsoutheast, southeast, southsoutheast, and southsouthwest
fountain near southeast and south
boulders near southsoutheast
bars very near north, northnortheast, northeast, eastnortheast, east, eastsoutheast, southeast, southsoutheast, southsouthwest, and northnorthwest
dark area very near southwest, west, and northwest
bars adjacent north, northeast, east, southeast, southwest, west, and northwest

cursor:
Yourself a priestess
(x=35, y=10)

map:
                                                                                
                                                                                
                                                                                
                                                                                
                                                                                
                                                                                
                                                                                
                                  ##########                                    
                                  #######..#                                    
                                  #@#####`.#                                    
                                  #.#####..#                                    
                                  #.#####`.#                                    
                                  #..####.{#                                    
                                  #{`####.{#                                    
                                  #..`..{..#                                    
                                  #<....#..#                                    
                                  ##########                                    
                                                                                
                                                                                
                                                                                
                                                                                
Agent the Aspirant             St:14 Dx:11 Co:15 In:11 Wi:20 Ch:7 Chaotic S:0   
Dlvl:1 $:0 HP:13(13) Pw:8(8) AC:7 Xp:1/0                                        

",-0.001,False
37,north,,"message:
You cannot pass through the bars.

language observation:
bars far eastnortheast, eastsoutheast, southsoutheast, and southsouthwest
bars far eastnortheast, eastsoutheast, southsoutheast, and southsouthwest
boulder far east and eastsoutheast
dark area far east, southeast, and south
fountains far eastsoutheast
stairs up far south
dark area near north and northeast
bars near eastnortheast, east, eastsoutheast, southeast, southsoutheast, and southsouthwest
fountain near southeast and south
boulders near southsoutheast
bars very near north, northnortheast, northeast, eastnortheast, east, eastsoutheast, southeast, southsoutheast, southsouthwest, and northnorthwest
dark area very near southwest, west, and northwest
bars adjacent north, northeast, east, southeast, southwest, west, and northwest

cursor:
Yourself a priestess
(x=35, y=10)

map:
                                                                                
                                                                                
                                                                                
                                                                                
                                                                                
                                                                                
                                                                                
                                  ##########                                    
                                  #######..#                                    
                                  #@#####`.#                                    
                                  #.#####..#                                    
                                  #.#####`.#                                    
                                  #..####.{#                                    
                                  #{`####.{#                                    
                                  #..`..{..#                                    
                                  #<....#..#                                    
                                  ##########                                    
                                                                                
                                                                                
                                                                                
                                                                                
Agent the Aspirant             St:14 Dx:11 Co:15 In:11 Wi:20 Ch:7 Chaotic S:0   
Dlvl:1 $:0 HP:13(13) Pw:8(8) AC:7 Xp:1/0                                        

",-0.001,False
38,north,,"message:
You cannot pass through the bars.

language observation:
bars far eastnortheast, eastsoutheast, southsoutheast, and southsouthwest
bars far eastnortheast, eastsoutheast, southsoutheast, and southsouthwest
boulder far east and eastsoutheast
dark area far east, southeast, and south
fountains far eastsoutheast
stairs up far south
dark area near north and northeast
bars near eastnortheast, east, eastsoutheast, southeast, southsoutheast, and southsouthwest
fountain near southeast and south
boulders near southsoutheast
bars very near north, northnortheast, northeast, eastnortheast, east, eastsoutheast, southeast, southsoutheast, southsouthwest, and northnorthwest
dark area very near southwest, west, and northwest
bars adjacent north, northeast, east, southeast, southwest, west, and northwest

cursor:
Yourself a priestess
(x=35, y=10)

map:
                                                                                
                                                                                
                                                                                
                                                                                
                                                                                
                                                                                
                                                                                
                                  ##########                                    
                                  #######..#                                    
                                  #@#####`.#                                    
                                  #.#####..#                                    
                                  #.#####`.#                                    
                                  #..####.{#                                    
                                  #{`####.{#                                    
                                  #..`..{..#                                    
                                  #<....#..#                                    
                                  ##########                                    
                                                                                
                                                                                
                                                                                
                                                                                
Agent the Aspirant             St:14 Dx:11 Co:15 In:11 Wi:20 Ch:7 Chaotic S:0   
Dlvl:1 $:0 HP:13(13) Pw:8(8) AC:7 Xp:1/0                                        

",-0.001,False
39,north,,"message:
You cannot pass through the bars.

language observation:
bars far eastnortheast, eastsoutheast, southsoutheast, and southsouthwest
bars far eastnortheast, eastsoutheast, southsoutheast, and southsouthwest
boulder far east and eastsoutheast
dark area far east, southeast, and south
fountains far eastsoutheast
stairs up far south
dark area near north and northeast
bars near eastnortheast, east, eastsoutheast, southeast, southsoutheast, and southsouthwest
fountain near southeast and south
boulders near southsoutheast
bars very near north, northnortheast, northeast, eastnortheast, east, eastsoutheast, southeast, southsoutheast, southsouthwest, and northnorthwest
dark area very near southwest, west, and northwest
bars adjacent north, northeast, east, southeast, southwest, west, and northwest

cursor:
Yourself a priestess
(x=35, y=10)

map:
                                                                                
                                                                                
                                                                                
                                                                                
                                                                                
                                                                                
                                                                                
                                  ##########                                    
                                  #######..#                                    
                                  #@#####`.#                                    
                                  #.#####..#                                    
                                  #.#####`.#                                    
                                  #..####.{#                                    
                                  #{`####.{#                                    
                                  #..`..{..#                                    
                                  #<....#..#                                    
                                  ##########                                    
                                                                                
                                                                                
                                                                                
                                                                                
Agent the Aspirant             St:14 Dx:11 Co:15 In:11 Wi:20 Ch:7 Chaotic S:0   
Dlvl:1 $:0 HP:13(13) Pw:8(8) AC:7 Xp:1/0                                        

",-0.001,False
40,north,,"message:
You cannot pass through the bars.

language observation:
bars far eastnortheast, eastsoutheast, southsoutheast, and southsouthwest
bars far eastnortheast, eastsoutheast, southsoutheast, and southsouthwest
boulder far east and eastsoutheast
dark area far east, southeast, and south
fountains far eastsoutheast
stairs up far south
dark area near north and northeast
bars near eastnortheast, east, eastsoutheast, southeast, southsoutheast, and southsouthwest
fountain near southeast and south
boulders near southsoutheast
bars very near north, northnortheast, northeast, eastnortheast, east, eastsoutheast, southeast, southsoutheast, southsouthwest, and northnorthwest
dark area very near southwest, west, and northwest
bars adjacent north, northeast, east, southeast, southwest, west, and northwest

cursor:
Yourself a priestess
(x=35, y=10)

map:
                                                                                
                                                                                
                                                                                
                                                                                
                                                                                
                                                                                
                                                                                
                                  ##########                                    
                                  #######..#                                    
                                  #@#####`.#                                    
                                  #.#####..#                                    
                                  #.#####`.#                                    
                                  #..####.{#                                    
                                  #{`####.{#                                    
                                  #..`..{..#                                    
                                  #<....#..#                                    
                                  ##########                                    
                                                                                
                                                                                
                                                                                
                                                                                
Agent the Aspirant             St:14 Dx:11 Co:15 In:11 Wi:20 Ch:7 Chaotic S:0   
Dlvl:1 $:0 HP:13(13) Pw:8(8) AC:7 Xp:1/0                                        

",-0.001,False
41,north,,"message:
You cannot pass through the bars.

language observation:
bars far eastnortheast, eastsoutheast, southsoutheast, and southsouthwest
bars far eastnortheast, eastsoutheast, southsoutheast, and southsouthwest
boulder far east and eastsoutheast
dark area far east, southeast, and south
fountains far eastsoutheast
stairs up far south
dark area near north and northeast
bars near eastnortheast, east, eastsoutheast, southeast, southsoutheast, and southsouthwest
fountain near southeast and south
boulders near southsoutheast
bars very near north, northnortheast, northeast, eastnortheast, east, eastsoutheast, southeast, southsoutheast, southsouthwest, and northnorthwest
dark area very near southwest, west, and northwest
bars adjacent north, northeast, east, southeast, southwest, west, and northwest

cursor:
Yourself a priestess
(x=35, y=10)

map:
                                                                                
                                                                                
                                                                                
                                                                                
                                                                                
                                                                                
                                                                                
                                  ##########                                    
                                  #######..#                                    
                                  #@#####`.#                                    
                                  #.#####..#                                    
                                  #.#####`.#                                    
                                  #..####.{#                                    
                                  #{`####.{#                                    
                                  #..`..{..#                                    
                                  #<....#..#                                    
                                  ##########                                    
                                                                                
                                                                                
                                                                                
                                                                                
Agent the Aspirant             St:14 Dx:11 Co:15 In:11 Wi:20 Ch:7 Chaotic S:0   
Dlvl:1 $:0 HP:13(13) Pw:8(8) AC:7 Xp:1/0                                        

",-0.001,False
42,north,,"message:
You cannot pass through the bars.

language observation:
bars far eastnortheast, eastsoutheast, southsoutheast, and southsouthwest
bars far eastnortheast, eastsoutheast, southsoutheast, and southsouthwest
boulder far east and eastsoutheast
dark area far east, southeast, and south
fountains far eastsoutheast
stairs up far south
dark area near north and northeast
bars near eastnortheast, east, eastsoutheast, southeast, southsoutheast, and southsouthwest
fountain near southeast and south
boulders near southsoutheast
bars very near north, northnortheast, northeast, eastnortheast, east, eastsoutheast, southeast, southsoutheast, southsouthwest, and northnorthwest
dark area very near southwest, west, and northwest
bars adjacent north, northeast, east, southeast, southwest, west, and northwest

cursor:
Yourself a priestess
(x=35, y=10)

map:
                                                                                
                                                                                
                                                                                
                                                                                
                                                                                
                                                                                
                                                                                
                                  ##########                                    
                                  #######..#                                    
                                  #@#####`.#                                    
                                  #.#####..#                                    
                                  #.#####`.#                                    
                                  #..####.{#                                    
                                  #{`####.{#                                    
                                  #..`..{..#                                    
                                  #<....#..#                                    
                                  ##########                                    
                                                                                
                                                                                
                                                                                
                                                                                
Agent the Aspirant             St:14 Dx:11 Co:15 In:11 Wi:20 Ch:7 Chaotic S:0   
Dlvl:1 $:0 HP:13(13) Pw:8(8) AC:7 Xp:1/0                                        

",-0.001,False
43,north,,"message:
You cannot pass through the bars.

language observation:
bars far eastnortheast, eastsoutheast, southsoutheast, and southsouthwest
bars far eastnortheast, eastsoutheast, southsoutheast, and southsouthwest
boulder far east and eastsoutheast
dark area far east, southeast, and south
fountains far eastsoutheast
stairs up far south
dark area near north and northeast
bars near eastnortheast, east, eastsoutheast, southeast, southsoutheast, and southsouthwest
fountain near southeast and south
boulders near southsoutheast
bars very near north, northnortheast, northeast, eastnortheast, east, eastsoutheast, southeast, southsoutheast, southsouthwest, and northnorthwest
dark area very near southwest, west, and northwest
bars adjacent north, northeast, east, southeast, southwest, west, and northwest

cursor:
Yourself a priestess
(x=35, y=10)

map:
                                                                                
                                                                                
                                                                                
                                                                                
                                                                                
                                                                                
                                                                                
                                  ##########                                    
                                  #######..#                                    
                                  #@#####`.#                                    
                                  #.#####..#                                    
                                  #.#####`.#                                    
                                  #..####.{#                                    
                                  #{`####.{#                                    
                                  #..`..{..#                                    
                                  #<....#..#                                    
                                  ##########                                    
                                                                                
                                                                                
                                                                                
                                                                                
Agent the Aspirant             St:14 Dx:11 Co:15 In:11 Wi:20 Ch:7 Chaotic S:0   
Dlvl:1 $:0 HP:13(13) Pw:8(8) AC:7 Xp:1/0                                        

",-0.001,False
44,north,,"message:
You cannot pass through the bars.

language observation:
bars far eastnortheast, eastsoutheast, southsoutheast, and southsouthwest
bars far eastnortheast, eastsoutheast, southsoutheast, and southsouthwest
boulder far east and eastsoutheast
dark area far east, southeast, and south
fountains far eastsoutheast
stairs up far south
dark area near north and northeast
bars near eastnortheast, east, eastsoutheast, southeast, southsoutheast, and southsouthwest
fountain near southeast and south
boulders near southsoutheast
bars very near north, northnortheast, northeast, eastnortheast, east, eastsoutheast, southeast, southsoutheast, southsouthwest, and northnorthwest
dark area very near southwest, west, and northwest
bars adjacent north, northeast, east, southeast, southwest, west, and northwest

cursor:
Yourself a priestess
(x=35, y=10)

map:
                                                                                
                                                                                
                                                                                
                                                                                
                                                                                
                                                                                
                                                                                
                                  ##########                                    
                                  #######..#                                    
                                  #@#####`.#                                    
                                  #.#####..#                                    
                                  #.#####`.#                                    
                                  #..####.{#                                    
                                  #{`####.{#                                    
                                  #..`..{..#                                    
                                  #<....#..#                                    
                                  ##########                                    
                                                                                
                                                                                
                                                                                
                                                                                
Agent the Aspirant             St:14 Dx:11 Co:15 In:11 Wi:20 Ch:7 Chaotic S:0   
Dlvl:1 $:0 HP:13(13) Pw:8(8) AC:7 Xp:1/0                                        

",-0.001,False
45,north,,"message:
You cannot pass through the bars.

language observation:
bars far eastnortheast, eastsoutheast, southsoutheast, and southsouthwest
bars far eastnortheast, eastsoutheast, southsoutheast, and southsouthwest
boulder far east and eastsoutheast
dark area far east, southeast, and south
fountains far eastsoutheast
stairs up far south
dark area near north and northeast
bars near eastnortheast, east, eastsoutheast, southeast, southsoutheast, and southsouthwest
fountain near southeast and south
boulders near southsoutheast
bars very near north, northnortheast, northeast, eastnortheast, east, eastsoutheast, southeast, southsoutheast, southsouthwest, and northnorthwest
dark area very near southwest, west, and northwest
bars adjacent north, northeast, east, southeast, southwest, west, and northwest

cursor:
Yourself a priestess
(x=35, y=10)

map:
                                                                                
                                                                                
                                                                                
                                                                                
                                                                                
                                                                                
                                                                                
                                  ##########                                    
                                  #######..#                                    
                                  #@#####`.#                                    
                                  #.#####..#                                    
                                  #.#####`.#                                    
                                  #..####.{#                                    
                                  #{`####.{#                                    
                                  #..`..{..#                                    
                                  #<....#..#                                    
                                  ##########                                    
                                                                                
                                                                                
                                                                                
                                                                                
Agent the Aspirant             St:14 Dx:11 Co:15 In:11 Wi:20 Ch:7 Chaotic S:0   
Dlvl:1 $:0 HP:13(13) Pw:8(8) AC:7 Xp:1/0                                        

",-0.001,False
46,north,,"message:
You cannot pass through the bars.

language observation:
bars far eastnortheast, eastsoutheast, southsoutheast, and southsouthwest
bars far eastnortheast, eastsoutheast, southsoutheast, and southsouthwest
boulder far east and eastsoutheast
dark area far east, southeast, and south
fountains far eastsoutheast
stairs up far south
dark area near north and northeast
bars near eastnortheast, east, eastsoutheast, southeast, southsoutheast, and southsouthwest
fountain near southeast and south
boulders near southsoutheast
bars very near north, northnortheast, northeast, eastnortheast, east, eastsoutheast, southeast, southsoutheast, southsouthwest, and northnorthwest
dark area very near southwest, west, and northwest
bars adjacent north, northeast, east, southeast, southwest, west, and northwest

cursor:
Yourself a priestess
(x=35, y=10)

map:
                                                                                
                                                                                
                                                                                
                                                                                
                                                                                
                                                                                
                                                                                
                                  ##########                                    
                                  #######..#                                    
                                  #@#####`.#                                    
                                  #.#####..#                                    
                                  #.#####`.#                                    
                                  #..####.{#                                    
                                  #{`####.{#                                    
                                  #..`..{..#                                    
                                  #<....#..#                                    
                                  ##########                                    
                                                                                
                                                                                
                                                                                
                                                                                
Agent the Aspirant             St:14 Dx:11 Co:15 In:11 Wi:20 Ch:7 Chaotic S:0   
Dlvl:1 $:0 HP:13(13) Pw:8(8) AC:7 Xp:1/0                                        

",-0.001,False
47,north,,"message:
You cannot pass through the bars.

language observation:
bars far eastnortheast, eastsoutheast, southsoutheast, and southsouthwest
bars far eastnortheast, eastsoutheast, southsoutheast, and southsouthwest
boulder far east and eastsoutheast
dark area far east, southeast, and south
fountains far eastsoutheast
stairs up far south
dark area near north and northeast
bars near eastnortheast, east, eastsoutheast, southeast, southsoutheast, and southsouthwest
fountain near southeast and south
boulders near southsoutheast
bars very near north, northnortheast, northeast, eastnortheast, east, eastsoutheast, southeast, southsoutheast, southsouthwest, and northnorthwest
dark area very near southwest, west, and northwest
bars adjacent north, northeast, east, southeast, southwest, west, and northwest

cursor:
Yourself a priestess
(x=35, y=10)

map:
                                                                                
                                                                                
                                                                                
                                                                                
                                                                                
                                                                                
                                                                                
                                  ##########                                    
                                  #######..#                                    
                                  #@#####`.#                                    
                                  #.#####..#                                    
                                  #.#####`.#                                    
                                  #..####.{#                                    
                                  #{`####.{#                                    
                                  #..`..{..#                                    
                                  #<....#..#                                    
                                  ##########                                    
                                                                                
                                                                                
                                                                                
                                                                                
Agent the Aspirant             St:14 Dx:11 Co:15 In:11 Wi:20 Ch:7 Chaotic S:0   
Dlvl:1 $:0 HP:13(13) Pw:8(8) AC:7 Xp:1/0                                        

",-0.001,False
48,north,,"message:
You cannot pass through the bars.

language observation:
bars far eastnortheast, eastsoutheast, southsoutheast, and southsouthwest
bars far eastnortheast, eastsoutheast, southsoutheast, and southsouthwest
boulder far east and eastsoutheast
dark area far east, southeast, and south
fountains far eastsoutheast
stairs up far south
dark area near north and northeast
bars near eastnortheast, east, eastsoutheast, southeast, southsoutheast, and southsouthwest
fountain near southeast and south
boulders near southsoutheast
bars very near north, northnortheast, northeast, eastnortheast, east, eastsoutheast, southeast, southsoutheast, southsouthwest, and northnorthwest
dark area very near southwest, west, and northwest
bars adjacent north, northeast, east, southeast, southwest, west, and northwest

cursor:
Yourself a priestess
(x=35, y=10)

map:
                                                                                
                                                                                
                                                                                
                                                                                
                                                                                
                                                                                
                                                                                
                                  ##########                                    
                                  #######..#                                    
                                  #@#####`.#                                    
                                  #.#####..#                                    
                                  #.#####`.#                                    
                                  #..####.{#                                    
                                  #{`####.{#                                    
                                  #..`..{..#                                    
                                  #<....#..#                                    
                                  ##########                                    
                                                                                
                                                                                
                                                                                
                                                                                
Agent the Aspirant             St:14 Dx:11 Co:15 In:11 Wi:20 Ch:7 Chaotic S:0   
Dlvl:1 $:0 HP:13(13) Pw:8(8) AC:7 Xp:1/0                                        

",-0.001,False
49,north,,"message:
You cannot pass through the bars.

language observation:
bars far eastnortheast, eastsoutheast, southsoutheast, and southsouthwest
bars far eastnortheast, eastsoutheast, southsoutheast, and southsouthwest
boulder far east and eastsoutheast
dark area far east, southeast, and south
fountains far eastsoutheast
stairs up far south
dark area near north and northeast
bars near eastnortheast, east, eastsoutheast, southeast, southsoutheast, and southsouthwest
fountain near southeast and south
boulders near southsoutheast
bars very near north, northnortheast, northeast, eastnortheast, east, eastsoutheast, southeast, southsoutheast, southsouthwest, and northnorthwest
dark area very near southwest, west, and northwest
bars adjacent north, northeast, east, southeast, southwest, west, and northwest

cursor:
Yourself a priestess
(x=35, y=10)

map:
                                                                                
                                                                                
                                                                                
                                                                                
                                                                                
                                                                                
                                                                                
                                  ##########                                    
                                  #######..#                                    
                                  #@#####`.#                                    
                                  #.#####..#                                    
                                  #.#####`.#                                    
                                  #..####.{#                                    
                                  #{`####.{#                                    
                                  #..`..{..#                                    
                                  #<....#..#                                    
                                  ##########                                    
                                                                                
                                                                                
                                                                                
                                                                                
Agent the Aspirant             St:14 Dx:11 Co:15 In:11 Wi:20 Ch:7 Chaotic S:0   
Dlvl:1 $:0 HP:13(13) Pw:8(8) AC:7 Xp:1/0                                        

",-0.001,False
50,north,,"message:
You cannot pass through the bars.

language observation:
bars far eastnortheast, eastsoutheast, southsoutheast, and southsouthwest
bars far eastnortheast, eastsoutheast, southsoutheast, and southsouthwest
boulder far east and eastsoutheast
dark area far east, southeast, and south
fountains far eastsoutheast
stairs up far south
dark area near north and northeast
bars near eastnortheast, east, eastsoutheast, southeast, southsoutheast, and southsouthwest
fountain near southeast and south
boulders near southsoutheast
bars very near north, northnortheast, northeast, eastnortheast, east, eastsoutheast, southeast, southsoutheast, southsouthwest, and northnorthwest
dark area very near southwest, west, and northwest
bars adjacent north, northeast, east, southeast, southwest, west, and northwest

cursor:
Yourself a priestess
(x=35, y=10)

map:
                                                                                
                                                                                
                                                                                
                                                                                
                                                                                
                                                                                
                                                                                
                                  ##########                                    
                                  #######..#                                    
                                  #@#####`.#                                    
                                  #.#####..#                                    
                                  #.#####`.#                                    
                                  #..####.{#                                    
                                  #{`####.{#                                    
                                  #..`..{..#                                    
                                  #<....#..#                                    
                                  ##########                                    
                                                                                
                                                                                
                                                                                
                                                                                
Agent the Aspirant             St:14 Dx:11 Co:15 In:11 Wi:20 Ch:7 Chaotic S:0   
Dlvl:1 $:0 HP:13(13) Pw:8(8) AC:7 Xp:1/0                                        

",-0.001,False
51,north,,"message:
You cannot pass through the bars.

language observation:
bars far eastnortheast, eastsoutheast, southsoutheast, and southsouthwest
bars far eastnortheast, eastsoutheast, southsoutheast, and southsouthwest
boulder far east and eastsoutheast
dark area far east, southeast, and south
fountains far eastsoutheast
stairs up far south
dark area near north and northeast
bars near eastnortheast, east, eastsoutheast, southeast, southsoutheast, and southsouthwest
fountain near southeast and south
boulders near southsoutheast
bars very near north, northnortheast, northeast, eastnortheast, east, eastsoutheast, southeast, southsoutheast, southsouthwest, and northnorthwest
dark area very near southwest, west, and northwest
bars adjacent north, northeast, east, southeast, southwest, west, and northwest

cursor:
Yourself a priestess
(x=35, y=10)

map:
                                                                                
                                                                                
                                                                                
                                                                                
                                                                                
                                                                                
                                                                                
                                  ##########                                    
                                  #######..#                                    
                                  #@#####`.#                                    
                                  #.#####..#                                    
                                  #.#####`.#                                    
                                  #..####.{#                                    
                                  #{`####.{#                                    
                                  #..`..{..#                                    
                                  #<....#..#                                    
                                  ##########                                    
                                                                                
                                                                                
                                                                                
                                                                                
Agent the Aspirant             St:14 Dx:11 Co:15 In:11 Wi:20 Ch:7 Chaotic S:0   
Dlvl:1 $:0 HP:13(13) Pw:8(8) AC:7 Xp:1/0                                        

",-0.001,False
52,north,,"message:
You cannot pass through the bars.

language observation:
bars far eastnortheast, eastsoutheast, southsoutheast, and southsouthwest
bars far eastnortheast, eastsoutheast, southsoutheast, and southsouthwest
boulder far east and eastsoutheast
dark area far east, southeast, and south
fountains far eastsoutheast
stairs up far south
dark area near north and northeast
bars near eastnortheast, east, eastsoutheast, southeast, southsoutheast, and southsouthwest
fountain near southeast and south
boulders near southsoutheast
bars very near north, northnortheast, northeast, eastnortheast, east, eastsoutheast, southeast, southsoutheast, southsouthwest, and northnorthwest
dark area very near southwest, west, and northwest
bars adjacent north, northeast, east, southeast, southwest, west, and northwest

cursor:
Yourself a priestess
(x=35, y=10)

map:
                                                                                
                                                                                
                                                                                
                                                                                
                                                                                
                                                                                
                                                                                
                                  ##########                                    
                                  #######..#                                    
                                  #@#####`.#                                    
                                  #.#####..#                                    
                                  #.#####`.#                                    
                                  #..####.{#                                    
                                  #{`####.{#                                    
                                  #..`..{..#                                    
                                  #<....#..#                                    
                                  ##########                                    
                                                                                
                                                                                
                                                                                
                                                                                
Agent the Aspirant             St:14 Dx:11 Co:15 In:11 Wi:20 Ch:7 Chaotic S:0   
Dlvl:1 $:0 HP:13(13) Pw:8(8) AC:7 Xp:1/0                                        

",-0.001,False
53,north,,"message:
You cannot pass through the bars.

language observation:
bars far eastnortheast, eastsoutheast, southsoutheast, and southsouthwest
bars far eastnortheast, eastsoutheast, southsoutheast, and southsouthwest
boulder far east and eastsoutheast
dark area far east, southeast, and south
fountains far eastsoutheast
stairs up far south
dark area near north and northeast
bars near eastnortheast, east, eastsoutheast, southeast, southsoutheast, and southsouthwest
fountain near southeast and south
boulders near southsoutheast
bars very near north, northnortheast, northeast, eastnortheast, east, eastsoutheast, southeast, southsoutheast, southsouthwest, and northnorthwest
dark area very near southwest, west, and northwest
bars adjacent north, northeast, east, southeast, southwest, west, and northwest

cursor:
Yourself a priestess
(x=35, y=10)

map:
                                                                                
                                                                                
                                                                                
                                                                                
                                                                                
                                                                                
                                                                                
                                  ##########                                    
                                  #######..#                                    
                                  #@#####`.#                                    
                                  #.#####..#                                    
                                  #.#####`.#                                    
                                  #..####.{#                                    
                                  #{`####.{#                                    
                                  #..`..{..#                                    
                                  #<....#..#                                    
                                  ##########                                    
                                                                                
                                                                                
                                                                                
                                                                                
Agent the Aspirant             St:14 Dx:11 Co:15 In:11 Wi:20 Ch:7 Chaotic S:0   
Dlvl:1 $:0 HP:13(13) Pw:8(8) AC:7 Xp:1/0                                        

",-0.001,False
54,north,,"message:
You cannot pass through the bars.

language observation:
bars far eastnortheast, eastsoutheast, southsoutheast, and southsouthwest
bars far eastnortheast, eastsoutheast, southsoutheast, and southsouthwest
boulder far east and eastsoutheast
dark area far east, southeast, and south
fountains far eastsoutheast
stairs up far south
dark area near north and northeast
bars near eastnortheast, east, eastsoutheast, southeast, southsoutheast, and southsouthwest
fountain near southeast and south
boulders near southsoutheast
bars very near north, northnortheast, northeast, eastnortheast, east, eastsoutheast, southeast, southsoutheast, southsouthwest, and northnorthwest
dark area very near southwest, west, and northwest
bars adjacent north, northeast, east, southeast, southwest, west, and northwest

cursor:
Yourself a priestess
(x=35, y=10)

map:
                                                                                
                                                                                
                                                                                
                                                                                
                                                                                
                                                                                
                                                                                
                                  ##########                                    
                                  #######..#                                    
                                  #@#####`.#                                    
                                  #.#####..#                                    
                                  #.#####`.#                                    
                                  #..####.{#                                    
                                  #{`####.{#                                    
                                  #..`..{..#                                    
                                  #<....#..#                                    
                                  ##########                                    
                                                                                
                                                                                
                                                                                
                                                                                
Agent the Aspirant             St:14 Dx:11 Co:15 In:11 Wi:20 Ch:7 Chaotic S:0   
Dlvl:1 $:0 HP:13(13) Pw:8(8) AC:7 Xp:1/0                                        

",-0.001,False
55,north,,"message:
You cannot pass through the bars.

language observation:
bars far eastnortheast, eastsoutheast, southsoutheast, and southsouthwest
bars far eastnortheast, eastsoutheast, southsoutheast, and southsouthwest
boulder far east and eastsoutheast
dark area far east, southeast, and south
fountains far eastsoutheast
stairs up far south
dark area near north and northeast
bars near eastnortheast, east, eastsoutheast, southeast, southsoutheast, and southsouthwest
fountain near southeast and south
boulders near southsoutheast
bars very near north, northnortheast, northeast, eastnortheast, east, eastsoutheast, southeast, southsoutheast, southsouthwest, and northnorthwest
dark area very near southwest, west, and northwest
bars adjacent north, northeast, east, southeast, southwest, west, and northwest

cursor:
Yourself a priestess
(x=35, y=10)

map:
                                                                                
                                                                                
                                                                                
                                                                                
                                                                                
                                                                                
                                                                                
                                  ##########                                    
                                  #######..#                                    
                                  #@#####`.#                                    
                                  #.#####..#                                    
                                  #.#####`.#                                    
                                  #..####.{#                                    
                                  #{`####.{#                                    
                                  #..`..{..#                                    
                                  #<....#..#                                    
                                  ##########                                    
                                                                                
                                                                                
                                                                                
                                                                                
Agent the Aspirant             St:14 Dx:11 Co:15 In:11 Wi:20 Ch:7 Chaotic S:0   
Dlvl:1 $:0 HP:13(13) Pw:8(8) AC:7 Xp:1/0                                        

",-0.001,False
56,north,,"message:
You cannot pass through the bars.

language observation:
bars far eastnortheast, eastsoutheast, southsoutheast, and southsouthwest
bars far eastnortheast, eastsoutheast, southsoutheast, and southsouthwest
boulder far east and eastsoutheast
dark area far east, southeast, and south
fountains far eastsoutheast
stairs up far south
dark area near north and northeast
bars near eastnortheast, east, eastsoutheast, southeast, southsoutheast, and southsouthwest
fountain near southeast and south
boulders near southsoutheast
bars very near north, northnortheast, northeast, eastnortheast, east, eastsoutheast, southeast, southsoutheast, southsouthwest, and northnorthwest
dark area very near southwest, west, and northwest
bars adjacent north, northeast, east, southeast, southwest, west, and northwest

cursor:
Yourself a priestess
(x=35, y=10)

map:
                                                                                
                                                                                
                                                                                
                                                                                
                                                                                
                                                                                
                                                                                
                                  ##########                                    
                                  #######..#                                    
                                  #@#####`.#                                    
                                  #.#####..#                                    
                                  #.#####`.#                                    
                                  #..####.{#                                    
                                  #{`####.{#                                    
                                  #..`..{..#                                    
                                  #<....#..#                                    
                                  ##########                                    
                                                                                
                                                                                
                                                                                
                                                                                
Agent the Aspirant             St:14 Dx:11 Co:15 In:11 Wi:20 Ch:7 Chaotic S:0   
Dlvl:1 $:0 HP:13(13) Pw:8(8) AC:7 Xp:1/0                                        

",-0.001,False
57,north,,"message:
You cannot pass through the bars.

language observation:
bars far eastnortheast, eastsoutheast, southsoutheast, and southsouthwest
bars far eastnortheast, eastsoutheast, southsoutheast, and southsouthwest
boulder far east and eastsoutheast
dark area far east, southeast, and south
fountains far eastsoutheast
stairs up far south
dark area near north and northeast
bars near eastnortheast, east, eastsoutheast, southeast, southsoutheast, and southsouthwest
fountain near southeast and south
boulders near southsoutheast
bars very near north, northnortheast, northeast, eastnortheast, east, eastsoutheast, southeast, southsoutheast, southsouthwest, and northnorthwest
dark area very near southwest, west, and northwest
bars adjacent north, northeast, east, southeast, southwest, west, and northwest

cursor:
Yourself a priestess
(x=35, y=10)

map:
                                                                                
                                                                                
                                                                                
                                                                                
                                                                                
                                                                                
                                                                                
                                  ##########                                    
                                  #######..#                                    
                                  #@#####`.#                                    
                                  #.#####..#                                    
                                  #.#####`.#                                    
                                  #..####.{#                                    
                                  #{`####.{#                                    
                                  #..`..{..#                                    
                                  #<....#..#                                    
                                  ##########                                    
                                                                                
                                                                                
                                                                                
                                                                                
Agent the Aspirant             St:14 Dx:11 Co:15 In:11 Wi:20 Ch:7 Chaotic S:0   
Dlvl:1 $:0 HP:13(13) Pw:8(8) AC:7 Xp:1/0                                        

",-0.001,False
58,north,,"message:
You cannot pass through the bars.

language observation:
bars far eastnortheast, eastsoutheast, southsoutheast, and southsouthwest
bars far eastnortheast, eastsoutheast, southsoutheast, and southsouthwest
boulder far east and eastsoutheast
dark area far east, southeast, and south
fountains far eastsoutheast
stairs up far south
dark area near north and northeast
bars near eastnortheast, east, eastsoutheast, southeast, southsoutheast, and southsouthwest
fountain near southeast and south
boulders near southsoutheast
bars very near north, northnortheast, northeast, eastnortheast, east, eastsoutheast, southeast, southsoutheast, southsouthwest, and northnorthwest
dark area very near southwest, west, and northwest
bars adjacent north, northeast, east, southeast, southwest, west, and northwest

cursor:
Yourself a priestess
(x=35, y=10)

map:
                                                                                
                                                                                
                                                                                
                                                                                
                                                                                
                                                                                
                                                                                
                                  ##########                                    
                                  #######..#                                    
                                  #@#####`.#                                    
                                  #.#####..#                                    
                                  #.#####`.#                                    
                                  #..####.{#                                    
                                  #{`####.{#                                    
                                  #..`..{..#                                    
                                  #<....#..#                                    
                                  ##########                                    
                                                                                
                                                                                
                                                                                
                                                                                
Agent the Aspirant             St:14 Dx:11 Co:15 In:11 Wi:20 Ch:7 Chaotic S:0   
Dlvl:1 $:0 HP:13(13) Pw:8(8) AC:7 Xp:1/0                                        

",-0.001,False
59,north,,"message:
You cannot pass through the bars.

language observation:
bars far eastnortheast, eastsoutheast, southsoutheast, and southsouthwest
bars far eastnortheast, eastsoutheast, southsoutheast, and southsouthwest
boulder far east and eastsoutheast
dark area far east, southeast, and south
fountains far eastsoutheast
stairs up far south
dark area near north and northeast
bars near eastnortheast, east, eastsoutheast, southeast, southsoutheast, and southsouthwest
fountain near southeast and south
boulders near southsoutheast
bars very near north, northnortheast, northeast, eastnortheast, east, eastsoutheast, southeast, southsoutheast, southsouthwest, and northnorthwest
dark area very near southwest, west, and northwest
bars adjacent north, northeast, east, southeast, southwest, west, and northwest

cursor:
Yourself a priestess
(x=35, y=10)

map:
                                                                                
                                                                                
                                                                                
                                                                                
                                                                                
                                                                                
                                                                                
                                  ##########                                    
                                  #######..#                                    
                                  #@#####`.#                                    
                                  #.#####..#                                    
                                  #.#####`.#                                    
                                  #..####.{#                                    
                                  #{`####.{#                                    
                                  #..`..{..#                                    
                                  #<....#..#                                    
                                  ##########                                    
                                                                                
                                                                                
                                                                                
                                                                                
Agent the Aspirant             St:14 Dx:11 Co:15 In:11 Wi:20 Ch:7 Chaotic S:0   
Dlvl:1 $:0 HP:13(13) Pw:8(8) AC:7 Xp:1/0                                        

",-0.001,False
60,north,,"message:
You cannot pass through the bars.

language observation:
bars far eastnortheast, eastsoutheast, southsoutheast, and southsouthwest
bars far eastnortheast, eastsoutheast, southsoutheast, and southsouthwest
boulder far east and eastsoutheast
dark area far east, southeast, and south
fountains far eastsoutheast
stairs up far south
dark area near north and northeast
bars near eastnortheast, east, eastsoutheast, southeast, southsoutheast, and southsouthwest
fountain near southeast and south
boulders near southsoutheast
bars very near north, northnortheast, northeast, eastnortheast, east, eastsoutheast, southeast, southsoutheast, southsouthwest, and northnorthwest
dark area very near southwest, west, and northwest
bars adjacent north, northeast, east, southeast, southwest, west, and northwest

cursor:
Yourself a priestess
(x=35, y=10)

map:
                                                                                
                                                                                
                                                                                
                                                                                
                                                                                
                                                                                
                                                                                
                                  ##########                                    
                                  #######..#                                    
                                  #@#####`.#                                    
                                  #.#####..#                                    
                                  #.#####`.#                                    
                                  #..####.{#                                    
                                  #{`####.{#                                    
                                  #..`..{..#                                    
                                  #<....#..#                                    
                                  ##########                                    
                                                                                
                                                                                
                                                                                
                                                                                
Agent the Aspirant             St:14 Dx:11 Co:15 In:11 Wi:20 Ch:7 Chaotic S:0   
Dlvl:1 $:0 HP:13(13) Pw:8(8) AC:7 Xp:1/0                                        

",-0.001,False
61,north,,"message:
You cannot pass through the bars.

language observation:
bars far eastnortheast, eastsoutheast, southsoutheast, and southsouthwest
bars far eastnortheast, eastsoutheast, southsoutheast, and southsouthwest
boulder far east and eastsoutheast
dark area far east, southeast, and south
fountains far eastsoutheast
stairs up far south
dark area near north and northeast
bars near eastnortheast, east, eastsoutheast, southeast, southsoutheast, and southsouthwest
fountain near southeast and south
boulders near southsoutheast
bars very near north, northnortheast, northeast, eastnortheast, east, eastsoutheast, southeast, southsoutheast, southsouthwest, and northnorthwest
dark area very near southwest, west, and northwest
bars adjacent north, northeast, east, southeast, southwest, west, and northwest

cursor:
Yourself a priestess
(x=35, y=10)

map:
                                                                                
                                                                                
                                                                                
                                                                                
                                                                                
                                                                                
                                                                                
                                  ##########                                    
                                  #######..#                                    
                                  #@#####`.#                                    
                                  #.#####..#                                    
                                  #.#####`.#                                    
                                  #..####.{#                                    
                                  #{`####.{#                                    
                                  #..`..{..#                                    
                                  #<....#..#                                    
                                  ##########                                    
                                                                                
                                                                                
                                                                                
                                                                                
Agent the Aspirant             St:14 Dx:11 Co:15 In:11 Wi:20 Ch:7 Chaotic S:0   
Dlvl:1 $:0 HP:13(13) Pw:8(8) AC:7 Xp:1/0                                        

",-0.001,False
62,north,,"message:
You cannot pass through the bars.

language observation:
bars far eastnortheast, eastsoutheast, southsoutheast, and southsouthwest
bars far eastnortheast, eastsoutheast, southsoutheast, and southsouthwest
boulder far east and eastsoutheast
dark area far east, southeast, and south
fountains far eastsoutheast
stairs up far south
dark area near north and northeast
bars near eastnortheast, east, eastsoutheast, southeast, southsoutheast, and southsouthwest
fountain near southeast and south
boulders near southsoutheast
bars very near north, northnortheast, northeast, eastnortheast, east, eastsoutheast, southeast, southsoutheast, southsouthwest, and northnorthwest
dark area very near southwest, west, and northwest
bars adjacent north, northeast, east, southeast, southwest, west, and northwest

cursor:
Yourself a priestess
(x=35, y=10)

map:
                                                                                
                                                                                
                                                                                
                                                                                
                                                                                
                                                                                
                                                                                
                                  ##########                                    
                                  #######..#                                    
                                  #@#####`.#                                    
                                  #.#####..#                                    
                                  #.#####`.#                                    
                                  #..####.{#                                    
                                  #{`####.{#                                    
                                  #..`..{..#                                    
                                  #<....#..#                                    
                                  ##########                                    
                                                                                
                                                                                
                                                                                
                                                                                
Agent the Aspirant             St:14 Dx:11 Co:15 In:11 Wi:20 Ch:7 Chaotic S:0   
Dlvl:1 $:0 HP:13(13) Pw:8(8) AC:7 Xp:1/0                                        

",-0.001,False
63,north,,"message:
You cannot pass through the bars.

language observation:
bars far eastnortheast, eastsoutheast, southsoutheast, and southsouthwest
bars far eastnortheast, eastsoutheast, southsoutheast, and southsouthwest
boulder far east and eastsoutheast
dark area far east, southeast, and south
fountains far eastsoutheast
stairs up far south
dark area near north and northeast
bars near eastnortheast, east, eastsoutheast, southeast, southsoutheast, and southsouthwest
fountain near southeast and south
boulders near southsoutheast
bars very near north, northnortheast, northeast, eastnortheast, east, eastsoutheast, southeast, southsoutheast, southsouthwest, and northnorthwest
dark area very near southwest, west, and northwest
bars adjacent north, northeast, east, southeast, southwest, west, and northwest

cursor:
Yourself a priestess
(x=35, y=10)

map:
                                                                                
                                                                                
                                                                                
                                                                                
                                                                                
                                                                                
                                                                                
                                  ##########                                    
                                  #######..#                                    
                                  #@#####`.#                                    
                                  #.#####..#                                    
                                  #.#####`.#                                    
                                  #..####.{#                                    
                                  #{`####.{#                                    
                                  #..`..{..#                                    
                                  #<....#..#                                    
                                  ##########                                    
                                                                                
                                                                                
                                                                                
                                                                                
Agent the Aspirant             St:14 Dx:11 Co:15 In:11 Wi:20 Ch:7 Chaotic S:0   
Dlvl:1 $:0 HP:13(13) Pw:8(8) AC:7 Xp:1/0                                        

",-0.001,False
64,north,,"message:
You cannot pass through the bars.

language observation:
bars far eastnortheast, eastsoutheast, southsoutheast, and southsouthwest
bars far eastnortheast, eastsoutheast, southsoutheast, and southsouthwest
boulder far east and eastsoutheast
dark area far east, southeast, and south
fountains far eastsoutheast
stairs up far south
dark area near north and northeast
bars near eastnortheast, east, eastsoutheast, southeast, southsoutheast, and southsouthwest
fountain near southeast and south
boulders near southsoutheast
bars very near north, northnortheast, northeast, eastnortheast, east, eastsoutheast, southeast, southsoutheast, southsouthwest, and northnorthwest
dark area very near southwest, west, and northwest
bars adjacent north, northeast, east, southeast, southwest, west, and northwest

cursor:
Yourself a priestess
(x=35, y=10)

map:
                                                                                
                                                                                
                                                                                
                                                                                
                                                                                
                                                                                
                                                                                
                                  ##########                                    
                                  #######..#                                    
                                  #@#####`.#                                    
                                  #.#####..#                                    
                                  #.#####`.#                                    
                                  #..####.{#                                    
                                  #{`####.{#                                    
                                  #..`..{..#                                    
                                  #<....#..#                                    
                                  ##########                                    
                                                                                
                                                                                
                                                                                
                                                                                
Agent the Aspirant             St:14 Dx:11 Co:15 In:11 Wi:20 Ch:7 Chaotic S:0   
Dlvl:1 $:0 HP:13(13) Pw:8(8) AC:7 Xp:1/0                                        

",-0.001,False
65,north,,"message:
You cannot pass through the bars.

language observation:
bars far eastnortheast, eastsoutheast, southsoutheast, and southsouthwest
bars far eastnortheast, eastsoutheast, southsoutheast, and southsouthwest
boulder far east and eastsoutheast
dark area far east, southeast, and south
fountains far eastsoutheast
stairs up far south
dark area near north and northeast
bars near eastnortheast, east, eastsoutheast, southeast, southsoutheast, and southsouthwest
fountain near southeast and south
boulders near southsoutheast
bars very near north, northnortheast, northeast, eastnortheast, east, eastsoutheast, southeast, southsoutheast, southsouthwest, and northnorthwest
dark area very near southwest, west, and northwest
bars adjacent north, northeast, east, southeast, southwest, west, and northwest

cursor:
Yourself a priestess
(x=35, y=10)

map:
                                                                                
                                                                                
                                                                                
                                                                                
                                                                                
                                                                                
                                                                                
                                  ##########                                    
                                  #######..#                                    
                                  #@#####`.#                                    
                                  #.#####..#                                    
                                  #.#####`.#                                    
                                  #..####.{#                                    
                                  #{`####.{#                                    
                                  #..`..{..#                                    
                                  #<....#..#                                    
                                  ##########                                    
                                                                                
                                                                                
                                                                                
                                                                                
Agent the Aspirant             St:14 Dx:11 Co:15 In:11 Wi:20 Ch:7 Chaotic S:0   
Dlvl:1 $:0 HP:13(13) Pw:8(8) AC:7 Xp:1/0                                        

",-0.001,False
66,north,,"message:
You cannot pass through the bars.

language observation:
bars far eastnortheast, eastsoutheast, southsoutheast, and southsouthwest
bars far eastnortheast, eastsoutheast, southsoutheast, and southsouthwest
boulder far east and eastsoutheast
dark area far east, southeast, and south
fountains far eastsoutheast
stairs up far south
dark area near north and northeast
bars near eastnortheast, east, eastsoutheast, southeast, southsoutheast, and southsouthwest
fountain near southeast and south
boulders near southsoutheast
bars very near north, northnortheast, northeast, eastnortheast, east, eastsoutheast, southeast, southsoutheast, southsouthwest, and northnorthwest
dark area very near southwest, west, and northwest
bars adjacent north, northeast, east, southeast, southwest, west, and northwest

cursor:
Yourself a priestess
(x=35, y=10)

map:
                                                                                
                                                                                
                                                                                
                                                                                
                                                                                
                                                                                
                                                                                
                                  ##########                                    
                                  #######..#                                    
                                  #@#####`.#                                    
                                  #.#####..#                                    
                                  #.#####`.#                                    
                                  #..####.{#                                    
                                  #{`####.{#                                    
                                  #..`..{..#                                    
                                  #<....#..#                                    
                                  ##########                                    
                                                                                
                                                                                
                                                                                
                                                                                
Agent the Aspirant             St:14 Dx:11 Co:15 In:11 Wi:20 Ch:7 Chaotic S:0   
Dlvl:1 $:0 HP:13(13) Pw:8(8) AC:7 Xp:1/0                                        

",-0.001,False
67,north,,"message:
You cannot pass through the bars.

language observation:
bars far eastnortheast, eastsoutheast, southsoutheast, and southsouthwest
bars far eastnortheast, eastsoutheast, southsoutheast, and southsouthwest
boulder far east and eastsoutheast
dark area far east, southeast, and south
fountains far eastsoutheast
stairs up far south
dark area near north and northeast
bars near eastnortheast, east, eastsoutheast, southeast, southsoutheast, and southsouthwest
fountain near southeast and south
boulders near southsoutheast
bars very near north, northnortheast, northeast, eastnortheast, east, eastsoutheast, southeast, southsoutheast, southsouthwest, and northnorthwest
dark area very near southwest, west, and northwest
bars adjacent north, northeast, east, southeast, southwest, west, and northwest

cursor:
Yourself a priestess
(x=35, y=10)

map:
                                                                                
                                                                                
                                                                                
                                                                                
                                                                                
                                                                                
                                                                                
                                  ##########                                    
                                  #######..#                                    
                                  #@#####`.#                                    
                                  #.#####..#                                    
                                  #.#####`.#                                    
                                  #..####.{#                                    
                                  #{`####.{#                                    
                                  #..`..{..#                                    
                                  #<....#..#                                    
                                  ##########                                    
                                                                                
                                                                                
                                                                                
                                                                                
Agent the Aspirant             St:14 Dx:11 Co:15 In:11 Wi:20 Ch:7 Chaotic S:0   
Dlvl:1 $:0 HP:13(13) Pw:8(8) AC:7 Xp:1/0                                        

",-0.001,False
68,north,,"message:
You cannot pass through the bars.

language observation:
bars far eastnortheast, eastsoutheast, southsoutheast, and southsouthwest
bars far eastnortheast, eastsoutheast, southsoutheast, and southsouthwest
boulder far east and eastsoutheast
dark area far east, southeast, and south
fountains far eastsoutheast
stairs up far south
dark area near north and northeast
bars near eastnortheast, east, eastsoutheast, southeast, southsoutheast, and southsouthwest
fountain near southeast and south
boulders near southsoutheast
bars very near north, northnortheast, northeast, eastnortheast, east, eastsoutheast, southeast, southsoutheast, southsouthwest, and northnorthwest
dark area very near southwest, west, and northwest
bars adjacent north, northeast, east, southeast, southwest, west, and northwest

cursor:
Yourself a priestess
(x=35, y=10)

map:
                                                                                
                                                                                
                                                                                
                                                                                
                                                                                
                                                                                
                                                                                
                                  ##########                                    
                                  #######..#                                    
                                  #@#####`.#                                    
                                  #.#####..#                                    
                                  #.#####`.#                                    
                                  #..####.{#                                    
                                  #{`####.{#                                    
                                  #..`..{..#                                    
                                  #<....#..#                                    
                                  ##########                                    
                                                                                
                                                                                
                                                                                
                                                                                
Agent the Aspirant             St:14 Dx:11 Co:15 In:11 Wi:20 Ch:7 Chaotic S:0   
Dlvl:1 $:0 HP:13(13) Pw:8(8) AC:7 Xp:1/0                                        

",-0.001,False
69,north,,"message:
You cannot pass through the bars.

language observation:
bars far eastnortheast, eastsoutheast, southsoutheast, and southsouthwest
bars far eastnortheast, eastsoutheast, southsoutheast, and southsouthwest
boulder far east and eastsoutheast
dark area far east, southeast, and south
fountains far eastsoutheast
stairs up far south
dark area near north and northeast
bars near eastnortheast, east, eastsoutheast, southeast, southsoutheast, and southsouthwest
fountain near southeast and south
boulders near southsoutheast
bars very near north, northnortheast, northeast, eastnortheast, east, eastsoutheast, southeast, southsoutheast, southsouthwest, and northnorthwest
dark area very near southwest, west, and northwest
bars adjacent north, northeast, east, southeast, southwest, west, and northwest

cursor:
Yourself a priestess
(x=35, y=10)

map:
                                                                                
                                                                                
                                                                                
                                                                                
                                                                                
                                                                                
                                                                                
                                  ##########                                    
                                  #######..#                                    
                                  #@#####`.#                                    
                                  #.#####..#                                    
                                  #.#####`.#                                    
                                  #..####.{#                                    
                                  #{`####.{#                                    
                                  #..`..{..#                                    
                                  #<....#..#                                    
                                  ##########                                    
                                                                                
                                                                                
                                                                                
                                                                                
Agent the Aspirant             St:14 Dx:11 Co:15 In:11 Wi:20 Ch:7 Chaotic S:0   
Dlvl:1 $:0 HP:13(13) Pw:8(8) AC:7 Xp:1/0                                        

",-0.001,False
70,north,,"message:
You cannot pass through the bars.

language observation:
bars far eastnortheast, eastsoutheast, southsoutheast, and southsouthwest
bars far eastnortheast, eastsoutheast, southsoutheast, and southsouthwest
boulder far east and eastsoutheast
dark area far east, southeast, and south
fountains far eastsoutheast
stairs up far south
dark area near north and northeast
bars near eastnortheast, east, eastsoutheast, southeast, southsoutheast, and southsouthwest
fountain near southeast and south
boulders near southsoutheast
bars very near north, northnortheast, northeast, eastnortheast, east, eastsoutheast, southeast, southsoutheast, southsouthwest, and northnorthwest
dark area very near southwest, west, and northwest
bars adjacent north, northeast, east, southeast, southwest, west, and northwest

cursor:
Yourself a priestess
(x=35, y=10)

map:
                                                                                
                                                                                
                                                                                
                                                                                
                                                                                
                                                                                
                                                                                
                                  ##########                                    
                                  #######..#                                    
                                  #@#####`.#                                    
                                  #.#####..#                                    
                                  #.#####`.#                                    
                                  #..####.{#                                    
                                  #{`####.{#                                    
                                  #..`..{..#                                    
                                  #<....#..#                                    
                                  ##########                                    
                                                                                
                                                                                
                                                                                
                                                                                
Agent the Aspirant             St:14 Dx:11 Co:15 In:11 Wi:20 Ch:7 Chaotic S:0   
Dlvl:1 $:0 HP:13(13) Pw:8(8) AC:7 Xp:1/0                                        

",-0.001,False
71,north,,"message:
You cannot pass through the bars.

language observation:
bars far eastnortheast, eastsoutheast, southsoutheast, and southsouthwest
bars far eastnortheast, eastsoutheast, southsoutheast, and southsouthwest
boulder far east and eastsoutheast
dark area far east, southeast, and south
fountains far eastsoutheast
stairs up far south
dark area near north and northeast
bars near eastnortheast, east, eastsoutheast, southeast, southsoutheast, and southsouthwest
fountain near southeast and south
boulders near southsoutheast
bars very near north, northnortheast, northeast, eastnortheast, east, eastsoutheast, southeast, southsoutheast, southsouthwest, and northnorthwest
dark area very near southwest, west, and northwest
bars adjacent north, northeast, east, southeast, southwest, west, and northwest

cursor:
Yourself a priestess
(x=35, y=10)

map:
                                                                                
                                                                                
                                                                                
                                                                                
                                                                                
                                                                                
                                                                                
                                  ##########                                    
                                  #######..#                                    
                                  #@#####`.#                                    
                                  #.#####..#                                    
                                  #.#####`.#                                    
                                  #..####.{#                                    
                                  #{`####.{#                                    
                                  #..`..{..#                                    
                                  #<....#..#                                    
                                  ##########                                    
                                                                                
                                                                                
                                                                                
                                                                                
Agent the Aspirant             St:14 Dx:11 Co:15 In:11 Wi:20 Ch:7 Chaotic S:0   
Dlvl:1 $:0 HP:13(13) Pw:8(8) AC:7 Xp:1/0                                        

",-0.001,False
72,north,,"message:
You cannot pass through the bars.

language observation:
bars far eastnortheast, eastsoutheast, southsoutheast, and southsouthwest
bars far eastnortheast, eastsoutheast, southsoutheast, and southsouthwest
boulder far east and eastsoutheast
dark area far east, southeast, and south
fountains far eastsoutheast
stairs up far south
dark area near north and northeast
bars near eastnortheast, east, eastsoutheast, southeast, southsoutheast, and southsouthwest
fountain near southeast and south
boulders near southsoutheast
bars very near north, northnortheast, northeast, eastnortheast, east, eastsoutheast, southeast, southsoutheast, southsouthwest, and northnorthwest
dark area very near southwest, west, and northwest
bars adjacent north, northeast, east, southeast, southwest, west, and northwest

cursor:
Yourself a priestess
(x=35, y=10)

map:
                                                                                
                                                                                
                                                                                
                                                                                
                                                                                
                                                                                
                                                                                
                                  ##########                                    
                                  #######..#                                    
                                  #@#####`.#                                    
                                  #.#####..#                                    
                                  #.#####`.#                                    
                                  #..####.{#                                    
                                  #{`####.{#                                    
                                  #..`..{..#                                    
                                  #<....#..#                                    
                                  ##########                                    
                                                                                
                                                                                
                                                                                
                                                                                
Agent the Aspirant             St:14 Dx:11 Co:15 In:11 Wi:20 Ch:7 Chaotic S:0   
Dlvl:1 $:0 HP:13(13) Pw:8(8) AC:7 Xp:1/0                                        

",-0.001,False
73,north,,"message:
You cannot pass through the bars.

language observation:
bars far eastnortheast, eastsoutheast, southsoutheast, and southsouthwest
bars far eastnortheast, eastsoutheast, southsoutheast, and southsouthwest
boulder far east and eastsoutheast
dark area far east, southeast, and south
fountains far eastsoutheast
stairs up far south
dark area near north and northeast
bars near eastnortheast, east, eastsoutheast, southeast, southsoutheast, and southsouthwest
fountain near southeast and south
boulders near southsoutheast
bars very near north, northnortheast, northeast, eastnortheast, east, eastsoutheast, southeast, southsoutheast, southsouthwest, and northnorthwest
dark area very near southwest, west, and northwest
bars adjacent north, northeast, east, southeast, southwest, west, and northwest

cursor:
Yourself a priestess
(x=35, y=10)

map:
                                                                                
                                                                                
                                                                                
                                                                                
                                                                                
                                                                                
                                                                                
                                  ##########                                    
                                  #######..#                                    
                                  #@#####`.#                                    
                                  #.#####..#                                    
                                  #.#####`.#                                    
                                  #..####.{#                                    
                                  #{`####.{#                                    
                                  #..`..{..#                                    
                                  #<....#..#                                    
                                  ##########                                    
                                                                                
                                                                                
                                                                                
                                                                                
Agent the Aspirant             St:14 Dx:11 Co:15 In:11 Wi:20 Ch:7 Chaotic S:0   
Dlvl:1 $:0 HP:13(13) Pw:8(8) AC:7 Xp:1/0                                        

",-0.001,False
74,north,,"message:
You cannot pass through the bars.

language observation:
bars far eastnortheast, eastsoutheast, southsoutheast, and southsouthwest
bars far eastnortheast, eastsoutheast, southsoutheast, and southsouthwest
boulder far east and eastsoutheast
dark area far east, southeast, and south
fountains far eastsoutheast
stairs up far south
dark area near north and northeast
bars near eastnortheast, east, eastsoutheast, southeast, southsoutheast, and southsouthwest
fountain near southeast and south
boulders near southsoutheast
bars very near north, northnortheast, northeast, eastnortheast, east, eastsoutheast, southeast, southsoutheast, southsouthwest, and northnorthwest
dark area very near southwest, west, and northwest
bars adjacent north, northeast, east, southeast, southwest, west, and northwest

cursor:
Yourself a priestess
(x=35, y=10)

map:
                                                                                
                                                                                
                                                                                
                                                                                
                                                                                
                                                                                
                                                                                
                                  ##########                                    
                                  #######..#                                    
                                  #@#####`.#                                    
                                  #.#####..#                                    
                                  #.#####`.#                                    
                                  #..####.{#                                    
                                  #{`####.{#                                    
                                  #..`..{..#                                    
                                  #<....#..#                                    
                                  ##########                                    
                                                                                
                                                                                
                                                                                
                                                                                
Agent the Aspirant             St:14 Dx:11 Co:15 In:11 Wi:20 Ch:7 Chaotic S:0   
Dlvl:1 $:0 HP:13(13) Pw:8(8) AC:7 Xp:1/0                                        

",-0.001,False
75,north,,"message:
You cannot pass through the bars.

language observation:
bars far eastnortheast, eastsoutheast, southsoutheast, and southsouthwest
bars far eastnortheast, eastsoutheast, southsoutheast, and southsouthwest
boulder far east and eastsoutheast
dark area far east, southeast, and south
fountains far eastsoutheast
stairs up far south
dark area near north and northeast
bars near eastnortheast, east, eastsoutheast, southeast, southsoutheast, and southsouthwest
fountain near southeast and south
boulders near southsoutheast
bars very near north, northnortheast, northeast, eastnortheast, east, eastsoutheast, southeast, southsoutheast, southsouthwest, and northnorthwest
dark area very near southwest, west, and northwest
bars adjacent north, northeast, east, southeast, southwest, west, and northwest

cursor:
Yourself a priestess
(x=35, y=10)

map:
                                                                                
                                                                                
                                                                                
                                                                                
                                                                                
                                                                                
                                                                                
                                  ##########                                    
                                  #######..#                                    
                                  #@#####`.#                                    
                                  #.#####..#                                    
                                  #.#####`.#                                    
                                  #..####.{#                                    
                                  #{`####.{#                                    
                                  #..`..{..#                                    
                                  #<....#..#                                    
                                  ##########                                    
                                                                                
                                                                                
                                                                                
                                                                                
Agent the Aspirant             St:14 Dx:11 Co:15 In:11 Wi:20 Ch:7 Chaotic S:0   
Dlvl:1 $:0 HP:13(13) Pw:8(8) AC:7 Xp:1/0                                        

",-0.001,False
76,north,,"message:
You cannot pass through the bars.

language observation:
bars far eastnortheast, eastsoutheast, southsoutheast, and southsouthwest
bars far eastnortheast, eastsoutheast, southsoutheast, and southsouthwest
boulder far east and eastsoutheast
dark area far east, southeast, and south
fountains far eastsoutheast
stairs up far south
dark area near north and northeast
bars near eastnortheast, east, eastsoutheast, southeast, southsoutheast, and southsouthwest
fountain near southeast and south
boulders near southsoutheast
bars very near north, northnortheast, northeast, eastnortheast, east, eastsoutheast, southeast, southsoutheast, southsouthwest, and northnorthwest
dark area very near southwest, west, and northwest
bars adjacent north, northeast, east, southeast, southwest, west, and northwest

cursor:
Yourself a priestess
(x=35, y=10)

map:
                                                                                
                                                                                
                                                                                
                                                                                
                                                                                
                                                                                
                                                                                
                                  ##########                                    
                                  #######..#                                    
                                  #@#####`.#                                    
                                  #.#####..#                                    
                                  #.#####`.#                                    
                                  #..####.{#                                    
                                  #{`####.{#                                    
                                  #..`..{..#                                    
                                  #<....#..#                                    
                                  ##########                                    
                                                                                
                                                                                
                                                                                
                                                                                
Agent the Aspirant             St:14 Dx:11 Co:15 In:11 Wi:20 Ch:7 Chaotic S:0   
Dlvl:1 $:0 HP:13(13) Pw:8(8) AC:7 Xp:1/0                                        

",-0.001,False
77,north,,"message:
You cannot pass through the bars.

language observation:
bars far eastnortheast, eastsoutheast, southsoutheast, and southsouthwest
bars far eastnortheast, eastsoutheast, southsoutheast, and southsouthwest
boulder far east and eastsoutheast
dark area far east, southeast, and south
fountains far eastsoutheast
stairs up far south
dark area near north and northeast
bars near eastnortheast, east, eastsoutheast, southeast, southsoutheast, and southsouthwest
fountain near southeast and south
boulders near southsoutheast
bars very near north, northnortheast, northeast, eastnortheast, east, eastsoutheast, southeast, southsoutheast, southsouthwest, and northnorthwest
dark area very near southwest, west, and northwest
bars adjacent north, northeast, east, southeast, southwest, west, and northwest

cursor:
Yourself a priestess
(x=35, y=10)

map:
                                                                                
                                                                                
                                                                                
                                                                                
                                                                                
                                                                                
                                                                                
                                  ##########                                    
                                  #######..#                                    
                                  #@#####`.#                                    
                                  #.#####..#                                    
                                  #.#####`.#                                    
                                  #..####.{#                                    
                                  #{`####.{#                                    
                                  #..`..{..#                                    
                                  #<....#..#                                    
                                  ##########                                    
                                                                                
                                                                                
                                                                                
                                                                                
Agent the Aspirant             St:14 Dx:11 Co:15 In:11 Wi:20 Ch:7 Chaotic S:0   
Dlvl:1 $:0 HP:13(13) Pw:8(8) AC:7 Xp:1/0                                        

",-0.001,False
78,north,,"message:
You cannot pass through the bars.

language observation:
bars far eastnortheast, eastsoutheast, southsoutheast, and southsouthwest
bars far eastnortheast, eastsoutheast, southsoutheast, and southsouthwest
boulder far east and eastsoutheast
dark area far east, southeast, and south
fountains far eastsoutheast
stairs up far south
dark area near north and northeast
bars near eastnortheast, east, eastsoutheast, southeast, southsoutheast, and southsouthwest
fountain near southeast and south
boulders near southsoutheast
bars very near north, northnortheast, northeast, eastnortheast, east, eastsoutheast, southeast, southsoutheast, southsouthwest, and northnorthwest
dark area very near southwest, west, and northwest
bars adjacent north, northeast, east, southeast, southwest, west, and northwest

cursor:
Yourself a priestess
(x=35, y=10)

map:
                                                                                
                                                                                
                                                                                
                                                                                
                                                                                
                                                                                
                                                                                
                                  ##########                                    
                                  #######..#                                    
                                  #@#####`.#                                    
                                  #.#####..#                                    
                                  #.#####`.#                                    
                                  #..####.{#                                    
                                  #{`####.{#                                    
                                  #..`..{..#                                    
                                  #<....#..#                                    
                                  ##########                                    
                                                                                
                                                                                
                                                                                
                                                                                
Agent the Aspirant             St:14 Dx:11 Co:15 In:11 Wi:20 Ch:7 Chaotic S:0   
Dlvl:1 $:0 HP:13(13) Pw:8(8) AC:7 Xp:1/0                                        

",-0.001,False
79,north,,"message:
You cannot pass through the bars.

language observation:
bars far eastnortheast, eastsoutheast, southsoutheast, and southsouthwest
bars far eastnortheast, eastsoutheast, southsoutheast, and southsouthwest
boulder far east and eastsoutheast
dark area far east, southeast, and south
fountains far eastsoutheast
stairs up far south
dark area near north and northeast
bars near eastnortheast, east, eastsoutheast, southeast, southsoutheast, and southsouthwest
fountain near southeast and south
boulders near southsoutheast
bars very near north, northnortheast, northeast, eastnortheast, east, eastsoutheast, southeast, southsoutheast, southsouthwest, and northnorthwest
dark area very near southwest, west, and northwest
bars adjacent north, northeast, east, southeast, southwest, west, and northwest

cursor:
Yourself a priestess
(x=35, y=10)

map:
                                                                                
                                                                                
                                                                                
                                                                                
                                                                                
                                                                                
                                                                                
                                  ##########                                    
                                  #######..#                                    
                                  #@#####`.#                                    
                                  #.#####..#                                    
                                  #.#####`.#                                    
                                  #..####.{#                                    
                                  #{`####.{#                                    
                                  #..`..{..#                                    
                                  #<....#..#                                    
                                  ##########                                    
                                                                                
                                                                                
                                                                                
                                                                                
Agent the Aspirant             St:14 Dx:11 Co:15 In:11 Wi:20 Ch:7 Chaotic S:0   
Dlvl:1 $:0 HP:13(13) Pw:8(8) AC:7 Xp:1/0                                        

",-0.001,False
80,north,,"message:
You cannot pass through the bars.

language observation:
bars far eastnortheast, eastsoutheast, southsoutheast, and southsouthwest
bars far eastnortheast, eastsoutheast, southsoutheast, and southsouthwest
boulder far east and eastsoutheast
dark area far east, southeast, and south
fountains far eastsoutheast
stairs up far south
dark area near north and northeast
bars near eastnortheast, east, eastsoutheast, southeast, southsoutheast, and southsouthwest
fountain near southeast and south
boulders near southsoutheast
bars very near north, northnortheast, northeast, eastnortheast, east, eastsoutheast, southeast, southsoutheast, southsouthwest, and northnorthwest
dark area very near southwest, west, and northwest
bars adjacent north, northeast, east, southeast, southwest, west, and northwest

cursor:
Yourself a priestess
(x=35, y=10)

map:
                                                                                
                                                                                
                                                                                
                                                                                
                                                                                
                                                                                
                                                                                
                                  ##########                                    
                                  #######..#                                    
                                  #@#####`.#                                    
                                  #.#####..#                                    
                                  #.#####`.#                                    
                                  #..####.{#                                    
                                  #{`####.{#                                    
                                  #..`..{..#                                    
                                  #<....#..#                                    
                                  ##########                                    
                                                                                
                                                                                
                                                                                
                                                                                
Agent the Aspirant             St:14 Dx:11 Co:15 In:11 Wi:20 Ch:7 Chaotic S:0   
Dlvl:1 $:0 HP:13(13) Pw:8(8) AC:7 Xp:1/0                                        

",-0.001,False
81,north,,"message:
You cannot pass through the bars.

language observation:
bars far eastnortheast, eastsoutheast, southsoutheast, and southsouthwest
bars far eastnortheast, eastsoutheast, southsoutheast, and southsouthwest
boulder far east and eastsoutheast
dark area far east, southeast, and south
fountains far eastsoutheast
stairs up far south
dark area near north and northeast
bars near eastnortheast, east, eastsoutheast, southeast, southsoutheast, and southsouthwest
fountain near southeast and south
boulders near southsoutheast
bars very near north, northnortheast, northeast, eastnortheast, east, eastsoutheast, southeast, southsoutheast, southsouthwest, and northnorthwest
dark area very near southwest, west, and northwest
bars adjacent north, northeast, east, southeast, southwest, west, and northwest

cursor:
Yourself a priestess
(x=35, y=10)

map:
                                                                                
                                                                                
                                                                                
                                                                                
                                                                                
                                                                                
                                                                                
                                  ##########                                    
                                  #######..#                                    
                                  #@#####`.#                                    
                                  #.#####..#                                    
                                  #.#####`.#                                    
                                  #..####.{#                                    
                                  #{`####.{#                                    
                                  #..`..{..#                                    
                                  #<....#..#                                    
                                  ##########                                    
                                                                                
                                                                                
                                                                                
                                                                                
Agent the Aspirant             St:14 Dx:11 Co:15 In:11 Wi:20 Ch:7 Chaotic S:0   
Dlvl:1 $:0 HP:13(13) Pw:8(8) AC:7 Xp:1/0                                        

",-0.001,False
82,north,,"message:
You cannot pass through the bars.

language observation:
bars far eastnortheast, eastsoutheast, southsoutheast, and southsouthwest
bars far eastnortheast, eastsoutheast, southsoutheast, and southsouthwest
boulder far east and eastsoutheast
dark area far east, southeast, and south
fountains far eastsoutheast
stairs up far south
dark area near north and northeast
bars near eastnortheast, east, eastsoutheast, southeast, southsoutheast, and southsouthwest
fountain near southeast and south
boulders near southsoutheast
bars very near north, northnortheast, northeast, eastnortheast, east, eastsoutheast, southeast, southsoutheast, southsouthwest, and northnorthwest
dark area very near southwest, west, and northwest
bars adjacent north, northeast, east, southeast, southwest, west, and northwest

cursor:
Yourself a priestess
(x=35, y=10)

map:
                                                                                
                                                                                
                                                                                
                                                                                
                                                                                
                                                                                
                                                                                
                                  ##########                                    
                                  #######..#                                    
                                  #@#####`.#                                    
                                  #.#####..#                                    
                                  #.#####`.#                                    
                                  #..####.{#                                    
                                  #{`####.{#                                    
                                  #..`..{..#                                    
                                  #<....#..#                                    
                                  ##########                                    
                                                                                
                                                                                
                                                                                
                                                                                
Agent the Aspirant             St:14 Dx:11 Co:15 In:11 Wi:20 Ch:7 Chaotic S:0   
Dlvl:1 $:0 HP:13(13) Pw:8(8) AC:7 Xp:1/0                                        

",-0.001,False
83,north,,"message:
You cannot pass through the bars.

language observation:
bars far eastnortheast, eastsoutheast, southsoutheast, and southsouthwest
bars far eastnortheast, eastsoutheast, southsoutheast, and southsouthwest
boulder far east and eastsoutheast
dark area far east, southeast, and south
fountains far eastsoutheast
stairs up far south
dark area near north and northeast
bars near eastnortheast, east, eastsoutheast, southeast, southsoutheast, and southsouthwest
fountain near southeast and south
boulders near southsoutheast
bars very near north, northnortheast, northeast, eastnortheast, east, eastsoutheast, southeast, southsoutheast, southsouthwest, and northnorthwest
dark area very near southwest, west, and northwest
bars adjacent north, northeast, east, southeast, southwest, west, and northwest

cursor:
Yourself a priestess
(x=35, y=10)

map:
                                                                                
                                                                                
                                                                                
                                                                                
                                                                                
                                                                                
                                                                                
                                  ##########                                    
                                  #######..#                                    
                                  #@#####`.#                                    
                                  #.#####..#                                    
                                  #.#####`.#                                    
                                  #..####.{#                                    
                                  #{`####.{#                                    
                                  #..`..{..#                                    
                                  #<....#..#                                    
                                  ##########                                    
                                                                                
                                                                                
                                                                                
                                                                                
Agent the Aspirant             St:14 Dx:11 Co:15 In:11 Wi:20 Ch:7 Chaotic S:0   
Dlvl:1 $:0 HP:13(13) Pw:8(8) AC:7 Xp:1/0                                        

",-0.001,False
84,north,,"message:
You cannot pass through the bars.

language observation:
bars far eastnortheast, eastsoutheast, southsoutheast, and southsouthwest
bars far eastnortheast, eastsoutheast, southsoutheast, and southsouthwest
boulder far east and eastsoutheast
dark area far east, southeast, and south
fountains far eastsoutheast
stairs up far south
dark area near north and northeast
bars near eastnortheast, east, eastsoutheast, southeast, southsoutheast, and southsouthwest
fountain near southeast and south
boulders near southsoutheast
bars very near north, northnortheast, northeast, eastnortheast, east, eastsoutheast, southeast, southsoutheast, southsouthwest, and northnorthwest
dark area very near southwest, west, and northwest
bars adjacent north, northeast, east, southeast, southwest, west, and northwest

cursor:
Yourself a priestess
(x=35, y=10)

map:
                                                                                
                                                                                
                                                                                
                                                                                
                                                                                
                                                                                
                                                                                
                                  ##########                                    
                                  #######..#                                    
                                  #@#####`.#                                    
                                  #.#####..#                                    
                                  #.#####`.#                                    
                                  #..####.{#                                    
                                  #{`####.{#                                    
                                  #..`..{..#                                    
                                  #<....#..#                                    
                                  ##########                                    
                                                                                
                                                                                
                                                                                
                                                                                
Agent the Aspirant             St:14 Dx:11 Co:15 In:11 Wi:20 Ch:7 Chaotic S:0   
Dlvl:1 $:0 HP:13(13) Pw:8(8) AC:7 Xp:1/0                                        

",-0.001,False
85,north,,"message:
You cannot pass through the bars.

language observation:
bars far eastnortheast, eastsoutheast, southsoutheast, and southsouthwest
bars far eastnortheast, eastsoutheast, southsoutheast, and southsouthwest
boulder far east and eastsoutheast
dark area far east, southeast, and south
fountains far eastsoutheast
stairs up far south
dark area near north and northeast
bars near eastnortheast, east, eastsoutheast, southeast, southsoutheast, and southsouthwest
fountain near southeast and south
boulders near southsoutheast
bars very near north, northnortheast, northeast, eastnortheast, east, eastsoutheast, southeast, southsoutheast, southsouthwest, and northnorthwest
dark area very near southwest, west, and northwest
bars adjacent north, northeast, east, southeast, southwest, west, and northwest

cursor:
Yourself a priestess
(x=35, y=10)

map:
                                                                                
                                                                                
                                                                                
                                                                                
                                                                                
                                                                                
                                                                                
                                  ##########                                    
                                  #######..#                                    
                                  #@#####`.#                                    
                                  #.#####..#                                    
                                  #.#####`.#                                    
                                  #..####.{#                                    
                                  #{`####.{#                                    
                                  #..`..{..#                                    
                                  #<....#..#                                    
                                  ##########                                    
                                                                                
                                                                                
                                                                                
                                                                                
Agent the Aspirant             St:14 Dx:11 Co:15 In:11 Wi:20 Ch:7 Chaotic S:0   
Dlvl:1 $:0 HP:13(13) Pw:8(8) AC:7 Xp:1/0                                        

",-0.001,False
86,north,,"message:
You cannot pass through the bars.

language observation:
bars far eastnortheast, eastsoutheast, southsoutheast, and southsouthwest
bars far eastnortheast, eastsoutheast, southsoutheast, and southsouthwest
boulder far east and eastsoutheast
dark area far east, southeast, and south
fountains far eastsoutheast
stairs up far south
dark area near north and northeast
bars near eastnortheast, east, eastsoutheast, southeast, southsoutheast, and southsouthwest
fountain near southeast and south
boulders near southsoutheast
bars very near north, northnortheast, northeast, eastnortheast, east, eastsoutheast, southeast, southsoutheast, southsouthwest, and northnorthwest
dark area very near southwest, west, and northwest
bars adjacent north, northeast, east, southeast, southwest, west, and northwest

cursor:
Yourself a priestess
(x=35, y=10)

map:
                                                                                
                                                                                
                                                                                
                                                                                
                                                                                
                                                                                
                                                                                
                                  ##########                                    
                                  #######..#                                    
                                  #@#####`.#                                    
                                  #.#####..#                                    
                                  #.#####`.#                                    
                                  #..####.{#                                    
                                  #{`####.{#                                    
                                  #..`..{..#                                    
                                  #<....#..#                                    
                                  ##########                                    
                                                                                
                                                                                
                                                                                
                                                                                
Agent the Aspirant             St:14 Dx:11 Co:15 In:11 Wi:20 Ch:7 Chaotic S:0   
Dlvl:1 $:0 HP:13(13) Pw:8(8) AC:7 Xp:1/0                                        

",-0.001,False
87,north,,"message:
You cannot pass through the bars.

language observation:
bars far eastnortheast, eastsoutheast, southsoutheast, and southsouthwest
bars far eastnortheast, eastsoutheast, southsoutheast, and southsouthwest
boulder far east and eastsoutheast
dark area far east, southeast, and south
fountains far eastsoutheast
stairs up far south
dark area near north and northeast
bars near eastnortheast, east, eastsoutheast, southeast, southsoutheast, and southsouthwest
fountain near southeast and south
boulders near southsoutheast
bars very near north, northnortheast, northeast, eastnortheast, east, eastsoutheast, southeast, southsoutheast, southsouthwest, and northnorthwest
dark area very near southwest, west, and northwest
bars adjacent north, northeast, east, southeast, southwest, west, and northwest

cursor:
Yourself a priestess
(x=35, y=10)

map:
                                                                                
                                                                                
                                                                                
                                                                                
                                                                                
                                                                                
                                                                                
                                  ##########                                    
                                  #######..#                                    
                                  #@#####`.#                                    
                                  #.#####..#                                    
                                  #.#####`.#                                    
                                  #..####.{#                                    
                                  #{`####.{#                                    
                                  #..`..{..#                                    
                                  #<....#..#                                    
                                  ##########                                    
                                                                                
                                                                                
                                                                                
                                                                                
Agent the Aspirant             St:14 Dx:11 Co:15 In:11 Wi:20 Ch:7 Chaotic S:0   
Dlvl:1 $:0 HP:13(13) Pw:8(8) AC:7 Xp:1/0                                        

",-0.001,False
88,north,,"message:
You cannot pass through the bars.

language observation:
bars far eastnortheast, eastsoutheast, southsoutheast, and southsouthwest
bars far eastnortheast, eastsoutheast, southsoutheast, and southsouthwest
boulder far east and eastsoutheast
dark area far east, southeast, and south
fountains far eastsoutheast
stairs up far south
dark area near north and northeast
bars near eastnortheast, east, eastsoutheast, southeast, southsoutheast, and southsouthwest
fountain near southeast and south
boulders near southsoutheast
bars very near north, northnortheast, northeast, eastnortheast, east, eastsoutheast, southeast, southsoutheast, southsouthwest, and northnorthwest
dark area very near southwest, west, and northwest
bars adjacent north, northeast, east, southeast, southwest, west, and northwest

cursor:
Yourself a priestess
(x=35, y=10)

map:
                                                                                
                                                                                
                                                                                
                                                                                
                                                                                
                                                                                
                                                                                
                                  ##########                                    
                                  #######..#                                    
                                  #@#####`.#                                    
                                  #.#####..#                                    
                                  #.#####`.#                                    
                                  #..####.{#                                    
                                  #{`####.{#                                    
                                  #..`..{..#                                    
                                  #<....#..#                                    
                                  ##########                                    
                                                                                
                                                                                
                                                                                
                                                                                
Agent the Aspirant             St:14 Dx:11 Co:15 In:11 Wi:20 Ch:7 Chaotic S:0   
Dlvl:1 $:0 HP:13(13) Pw:8(8) AC:7 Xp:1/0                                        

",-0.001,False
89,north,,"message:
You cannot pass through the bars.

language observation:
bars far eastnortheast, eastsoutheast, southsoutheast, and southsouthwest
bars far eastnortheast, eastsoutheast, southsoutheast, and southsouthwest
boulder far east and eastsoutheast
dark area far east, southeast, and south
fountains far eastsoutheast
stairs up far south
dark area near north and northeast
bars near eastnortheast, east, eastsoutheast, southeast, southsoutheast, and southsouthwest
fountain near southeast and south
boulders near southsoutheast
bars very near north, northnortheast, northeast, eastnortheast, east, eastsoutheast, southeast, southsoutheast, southsouthwest, and northnorthwest
dark area very near southwest, west, and northwest
bars adjacent north, northeast, east, southeast, southwest, west, and northwest

cursor:
Yourself a priestess
(x=35, y=10)

map:
                                                                                
                                                                                
                                                                                
                                                                                
                                                                                
                                                                                
                                                                                
                                  ##########                                    
                                  #######..#                                    
                                  #@#####`.#                                    
                                  #.#####..#                                    
                                  #.#####`.#                                    
                                  #..####.{#                                    
                                  #{`####.{#                                    
                                  #..`..{..#                                    
                                  #<....#..#                                    
                                  ##########                                    
                                                                                
                                                                                
                                                                                
                                                                                
Agent the Aspirant             St:14 Dx:11 Co:15 In:11 Wi:20 Ch:7 Chaotic S:0   
Dlvl:1 $:0 HP:13(13) Pw:8(8) AC:7 Xp:1/0                                        

",-0.001,False
90,north,,"message:
You cannot pass through the bars.

language observation:
bars far eastnortheast, eastsoutheast, southsoutheast, and southsouthwest
bars far eastnortheast, eastsoutheast, southsoutheast, and southsouthwest
boulder far east and eastsoutheast
dark area far east, southeast, and south
fountains far eastsoutheast
stairs up far south
dark area near north and northeast
bars near eastnortheast, east, eastsoutheast, southeast, southsoutheast, and southsouthwest
fountain near southeast and south
boulders near southsoutheast
bars very near north, northnortheast, northeast, eastnortheast, east, eastsoutheast, southeast, southsoutheast, southsouthwest, and northnorthwest
dark area very near southwest, west, and northwest
bars adjacent north, northeast, east, southeast, southwest, west, and northwest

cursor:
Yourself a priestess
(x=35, y=10)

map:
                                                                                
                                                                                
                                                                                
                                                                                
                                                                                
                                                                                
                                                                                
                                  ##########                                    
                                  #######..#                                    
                                  #@#####`.#                                    
                                  #.#####..#                                    
                                  #.#####`.#                                    
                                  #..####.{#                                    
                                  #{`####.{#                                    
                                  #..`..{..#                                    
                                  #<....#..#                                    
                                  ##########                                    
                                                                                
                                                                                
                                                                                
                                                                                
Agent the Aspirant             St:14 Dx:11 Co:15 In:11 Wi:20 Ch:7 Chaotic S:0   
Dlvl:1 $:0 HP:13(13) Pw:8(8) AC:7 Xp:1/0                                        

",-0.001,False
91,north,,"message:
You cannot pass through the bars.

language observation:
bars far eastnortheast, eastsoutheast, southsoutheast, and southsouthwest
bars far eastnortheast, eastsoutheast, southsoutheast, and southsouthwest
boulder far east and eastsoutheast
dark area far east, southeast, and south
fountains far eastsoutheast
stairs up far south
dark area near north and northeast
bars near eastnortheast, east, eastsoutheast, southeast, southsoutheast, and southsouthwest
fountain near southeast and south
boulders near southsoutheast
bars very near north, northnortheast, northeast, eastnortheast, east, eastsoutheast, southeast, southsoutheast, southsouthwest, and northnorthwest
dark area very near southwest, west, and northwest
bars adjacent north, northeast, east, southeast, southwest, west, and northwest

cursor:
Yourself a priestess
(x=35, y=10)

map:
                                                                                
                                                                                
                                                                                
                                                                                
                                                                                
                                                                                
                                                                                
                                  ##########                                    
                                  #######..#                                    
                                  #@#####`.#                                    
                                  #.#####..#                                    
                                  #.#####`.#                                    
                                  #..####.{#                                    
                                  #{`####.{#                                    
                                  #..`..{..#                                    
                                  #<....#..#                                    
                                  ##########                                    
                                                                                
                                                                                
                                                                                
                                                                                
Agent the Aspirant             St:14 Dx:11 Co:15 In:11 Wi:20 Ch:7 Chaotic S:0   
Dlvl:1 $:0 HP:13(13) Pw:8(8) AC:7 Xp:1/0                                        

",-0.001,False
92,north,,"message:
You cannot pass through the bars.

language observation:
bars far eastnortheast, eastsoutheast, southsoutheast, and southsouthwest
bars far eastnortheast, eastsoutheast, southsoutheast, and southsouthwest
boulder far east and eastsoutheast
dark area far east, southeast, and south
fountains far eastsoutheast
stairs up far south
dark area near north and northeast
bars near eastnortheast, east, eastsoutheast, southeast, southsoutheast, and southsouthwest
fountain near southeast and south
boulders near southsoutheast
bars very near north, northnortheast, northeast, eastnortheast, east, eastsoutheast, southeast, southsoutheast, southsouthwest, and northnorthwest
dark area very near southwest, west, and northwest
bars adjacent north, northeast, east, southeast, southwest, west, and northwest

cursor:
Yourself a priestess
(x=35, y=10)

map:
                                                                                
                                                                                
                                                                                
                                                                                
                                                                                
                                                                                
                                                                                
                                  ##########                                    
                                  #######..#                                    
                                  #@#####`.#                                    
                                  #.#####..#                                    
                                  #.#####`.#                                    
                                  #..####.{#                                    
                                  #{`####.{#                                    
                                  #..`..{..#                                    
                                  #<....#..#                                    
                                  ##########                                    
                                                                                
                                                                                
                                                                                
                                                                                
Agent the Aspirant             St:14 Dx:11 Co:15 In:11 Wi:20 Ch:7 Chaotic S:0   
Dlvl:1 $:0 HP:13(13) Pw:8(8) AC:7 Xp:1/0                                        

",-0.001,False
93,north,,"message:
You cannot pass through the bars.

language observation:
bars far eastnortheast, eastsoutheast, southsoutheast, and southsouthwest
bars far eastnortheast, eastsoutheast, southsoutheast, and southsouthwest
boulder far east and eastsoutheast
dark area far east, southeast, and south
fountains far eastsoutheast
stairs up far south
dark area near north and northeast
bars near eastnortheast, east, eastsoutheast, southeast, southsoutheast, and southsouthwest
fountain near southeast and south
boulders near southsoutheast
bars very near north, northnortheast, northeast, eastnortheast, east, eastsoutheast, southeast, southsoutheast, southsouthwest, and northnorthwest
dark area very near southwest, west, and northwest
bars adjacent north, northeast, east, southeast, southwest, west, and northwest

cursor:
Yourself a priestess
(x=35, y=10)

map:
                                                                                
                                                                                
                                                                                
                                                                                
                                                                                
                                                                                
                                                                                
                                  ##########                                    
                                  #######..#                                    
                                  #@#####`.#                                    
                                  #.#####..#                                    
                                  #.#####`.#                                    
                                  #..####.{#                                    
                                  #{`####.{#                                    
                                  #..`..{..#                                    
                                  #<....#..#                                    
                                  ##########                                    
                                                                                
                                                                                
                                                                                
                                                                                
Agent the Aspirant             St:14 Dx:11 Co:15 In:11 Wi:20 Ch:7 Chaotic S:0   
Dlvl:1 $:0 HP:13(13) Pw:8(8) AC:7 Xp:1/0                                        

",-0.001,False
94,north,,"message:
You cannot pass through the bars.

language observation:
bars far eastnortheast, eastsoutheast, southsoutheast, and southsouthwest
bars far eastnortheast, eastsoutheast, southsoutheast, and southsouthwest
boulder far east and eastsoutheast
dark area far east, southeast, and south
fountains far eastsoutheast
stairs up far south
dark area near north and northeast
bars near eastnortheast, east, eastsoutheast, southeast, southsoutheast, and southsouthwest
fountain near southeast and south
boulders near southsoutheast
bars very near north, northnortheast, northeast, eastnortheast, east, eastsoutheast, southeast, southsoutheast, southsouthwest, and northnorthwest
dark area very near southwest, west, and northwest
bars adjacent north, northeast, east, southeast, southwest, west, and northwest

cursor:
Yourself a priestess
(x=35, y=10)

map:
                                                                                
                                                                                
                                                                                
                                                                                
                                                                                
                                                                                
                                                                                
                                  ##########                                    
                                  #######..#                                    
                                  #@#####`.#                                    
                                  #.#####..#                                    
                                  #.#####`.#                                    
                                  #..####.{#                                    
                                  #{`####.{#                                    
                                  #..`..{..#                                    
                                  #<....#..#                                    
                                  ##########                                    
                                                                                
                                                                                
                                                                                
                                                                                
Agent the Aspirant             St:14 Dx:11 Co:15 In:11 Wi:20 Ch:7 Chaotic S:0   
Dlvl:1 $:0 HP:13(13) Pw:8(8) AC:7 Xp:1/0                                        

",-0.001,False
95,north,,"message:
You cannot pass through the bars.

language observation:
bars far eastnortheast, eastsoutheast, southsoutheast, and southsouthwest
bars far eastnortheast, eastsoutheast, southsoutheast, and southsouthwest
boulder far east and eastsoutheast
dark area far east, southeast, and south
fountains far eastsoutheast
stairs up far south
dark area near north and northeast
bars near eastnortheast, east, eastsoutheast, southeast, southsoutheast, and southsouthwest
fountain near southeast and south
boulders near southsoutheast
bars very near north, northnortheast, northeast, eastnortheast, east, eastsoutheast, southeast, southsoutheast, southsouthwest, and northnorthwest
dark area very near southwest, west, and northwest
bars adjacent north, northeast, east, southeast, southwest, west, and northwest

cursor:
Yourself a priestess
(x=35, y=10)

map:
                                                                                
                                                                                
                                                                                
                                                                                
                                                                                
                                                                                
                                                                                
                                  ##########                                    
                                  #######..#                                    
                                  #@#####`.#                                    
                                  #.#####..#                                    
                                  #.#####`.#                                    
                                  #..####.{#                                    
                                  #{`####.{#                                    
                                  #..`..{..#                                    
                                  #<....#..#                                    
                                  ##########                                    
                                                                                
                                                                                
                                                                                
                                                                                
Agent the Aspirant             St:14 Dx:11 Co:15 In:11 Wi:20 Ch:7 Chaotic S:0   
Dlvl:1 $:0 HP:13(13) Pw:8(8) AC:7 Xp:1/0                                        

",-0.001,False
96,north,,"message:
You cannot pass through the bars.

language observation:
bars far eastnortheast, eastsoutheast, southsoutheast, and southsouthwest
bars far eastnortheast, eastsoutheast, southsoutheast, and southsouthwest
boulder far east and eastsoutheast
dark area far east, southeast, and south
fountains far eastsoutheast
stairs up far south
dark area near north and northeast
bars near eastnortheast, east, eastsoutheast, southeast, southsoutheast, and southsouthwest
fountain near southeast and south
boulders near southsoutheast
bars very near north, northnortheast, northeast, eastnortheast, east, eastsoutheast, southeast, southsoutheast, southsouthwest, and northnorthwest
dark area very near southwest, west, and northwest
bars adjacent north, northeast, east, southeast, southwest, west, and northwest

cursor:
Yourself a priestess
(x=35, y=10)

map:
                                                                                
                                                                                
                                                                                
                                                                                
                                                                                
                                                                                
                                                                                
                                  ##########                                    
                                  #######..#                                    
                                  #@#####`.#                                    
                                  #.#####..#                                    
                                  #.#####`.#                                    
                                  #..####.{#                                    
                                  #{`####.{#                                    
                                  #..`..{..#                                    
                                  #<....#..#                                    
                                  ##########                                    
                                                                                
                                                                                
                                                                                
                                                                                
Agent the Aspirant             St:14 Dx:11 Co:15 In:11 Wi:20 Ch:7 Chaotic S:0   
Dlvl:1 $:0 HP:13(13) Pw:8(8) AC:7 Xp:1/0                                        

",-0.001,False
97,north,,"message:
You cannot pass through the bars.

language observation:
bars far eastnortheast, eastsoutheast, southsoutheast, and southsouthwest
bars far eastnortheast, eastsoutheast, southsoutheast, and southsouthwest
boulder far east and eastsoutheast
dark area far east, southeast, and south
fountains far eastsoutheast
stairs up far south
dark area near north and northeast
bars near eastnortheast, east, eastsoutheast, southeast, southsoutheast, and southsouthwest
fountain near southeast and south
boulders near southsoutheast
bars very near north, northnortheast, northeast, eastnortheast, east, eastsoutheast, southeast, southsoutheast, southsouthwest, and northnorthwest
dark area very near southwest, west, and northwest
bars adjacent north, northeast, east, southeast, southwest, west, and northwest

cursor:
Yourself a priestess
(x=35, y=10)

map:
                                                                                
                                                                                
                                                                                
                                                                                
                                                                                
                                                                                
                                                                                
                                  ##########                                    
                                  #######..#                                    
                                  #@#####`.#                                    
                                  #.#####..#                                    
                                  #.#####`.#                                    
                                  #..####.{#                                    
                                  #{`####.{#                                    
                                  #..`..{..#                                    
                                  #<....#..#                                    
                                  ##########                                    
                                                                                
                                                                                
                                                                                
                                                                                
Agent the Aspirant             St:14 Dx:11 Co:15 In:11 Wi:20 Ch:7 Chaotic S:0   
Dlvl:1 $:0 HP:13(13) Pw:8(8) AC:7 Xp:1/0                                        

",-0.001,False
98,north,,"message:
You cannot pass through the bars.

language observation:
bars far eastnortheast, eastsoutheast, southsoutheast, and southsouthwest
bars far eastnortheast, eastsoutheast, southsoutheast, and southsouthwest
boulder far east and eastsoutheast
dark area far east, southeast, and south
fountains far eastsoutheast
stairs up far south
dark area near north and northeast
bars near eastnortheast, east, eastsoutheast, southeast, southsoutheast, and southsouthwest
fountain near southeast and south
boulders near southsoutheast
bars very near north, northnortheast, northeast, eastnortheast, east, eastsoutheast, southeast, southsoutheast, southsouthwest, and northnorthwest
dark area very near southwest, west, and northwest
bars adjacent north, northeast, east, southeast, southwest, west, and northwest

cursor:
Yourself a priestess
(x=35, y=10)

map:
                                                                                
                                                                                
                                                                                
                                                                                
                                                                                
                                                                                
                                                                                
                                  ##########                                    
                                  #######..#                                    
                                  #@#####`.#                                    
                                  #.#####..#                                    
                                  #.#####`.#                                    
                                  #..####.{#                                    
                                  #{`####.{#                                    
                                  #..`..{..#                                    
                                  #<....#..#                                    
                                  ##########                                    
                                                                                
                                                                                
                                                                                
                                                                                
Agent the Aspirant             St:14 Dx:11 Co:15 In:11 Wi:20 Ch:7 Chaotic S:0   
Dlvl:1 $:0 HP:13(13) Pw:8(8) AC:7 Xp:1/0                                        

",-0.001,False
99,north,,"message:
 
No  Points     Name                                                   Hp [max]
0  Agent-Pri-Elf-Fem-Cha quit in The Dungeons of Doom on
level 1.                                               13  [13]


language observation:
dark area adjacent east, southeast, and south

cursor:
very far eastsoutheast 
(x=77, y=6)

map:
 No  Points     Name                                                   Hp [max] 
                                                                                
            0  Agent-Pri-Elf-Fem-Cha quit in The Dungeons of Doom on            
                                                                                
              level 1.                                               13  [13]   
                                                                                
                                                                                
                                                                                
                                                                                
                                                                                
                                                                                
                                                                                
                                                                                
                                                                                
                                                                                
                                                                                
                                                                                
                                                                                
                                                                                
                                                                                
                                                                                
                                                                                
                                                                                

",0.0,True
